Property_Id,BsmtQual,BsmtCond,BsmtExposure,BsmtFinType1,BsmtFinSF1,BsmtFinType2,BsmtFinSF2,BsmtUnfSF,TotalBsmtSF
0,Gd,TA,No,GLQ,706,Unf,0,150,856
1,Gd,TA,Gd,ALQ,978,Unf,0,284,1262
2,Gd,TA,Mn,GLQ,486,Unf,0,434,920
3,TA,Gd,No,ALQ,216,Unf,0,540,756
4,Gd,TA,Av,GLQ,655,Unf,0,490,1145
5,Gd,TA,No,GLQ,732,Unf,0,64,796
6,Ex,TA,Av,GLQ,1369,Unf,0,317,1686
7,Gd,TA,Mn,ALQ,859,BLQ,32,216,1107
8,TA,TA,No,Unf,0,Unf,0,952,952
9,TA,TA,No,GLQ,851,Unf,0,140,991
10,TA,TA,No,Rec,906,Unf,0,134,1040
11,Ex,TA,No,GLQ,998,Unf,0,177,1175
12,TA,TA,No,ALQ,737,Unf,0,175,912
13,Gd,TA,Av,Unf,0,Unf,0,1494,1494
14,TA,TA,No,BLQ,733,Unf,0,520,1253
15,TA,TA,No,Unf,0,Unf,0,832,832
16,TA,TA,No,ALQ,578,Unf,0,426,1004
17,No,No,No,No,0,No,0,0,0
18,TA,TA,No,GLQ,646,Unf,0,468,1114
19,TA,TA,No,LwQ,504,Unf,0,525,1029
20,Ex,TA,Av,Unf,0,Unf,0,1158,1158
21,TA,TA,No,Unf,0,Unf,0,637,637
22,Gd,TA,No,Unf,0,Unf,0,1777,1777
23,Gd,TA,No,GLQ,840,Unf,0,200,1040
24,TA,TA,Mn,Rec,188,ALQ,668,204,1060
25,Gd,TA,No,Unf,0,Unf,0,1566,1566
26,TA,TA,Mn,BLQ,234,Rec,486,180,900
27,Ex,TA,No,GLQ,1218,Unf,0,486,1704
28,TA,TA,Gd,BLQ,1277,Unf,0,207,1484
29,TA,TA,No,Unf,0,Unf,0,520,520
30,TA,TA,No,Unf,0,Unf,0,649,649
31,TA,TA,No,Unf,0,Unf,0,1228,1228
32,Ex,TA,Av,Unf,0,Unf,0,1234,1234
33,TA,TA,No,Rec,1018,Unf,0,380,1398
34,Ex,TA,No,GLQ,1153,Unf,0,408,1561
35,Ex,TA,Av,Unf,0,Unf,0,1117,1117
36,Gd,TA,No,Unf,0,Unf,0,1097,1097
37,TA,TA,No,Rec,1213,Unf,0,84,1297
38,TA,TA,No,GLQ,731,Unf,0,326,1057
39,No,No,No,No,0,No,0,0,0
40,TA,TA,No,Rec,643,Unf,0,445,1088
41,TA,TA,Gd,BLQ,967,Unf,0,383,1350
42,Gd,TA,Av,ALQ,747,LwQ,93,0,840
43,Gd,TA,Av,LwQ,280,BLQ,491,167,938
44,TA,TA,No,ALQ,179,BLQ,506,465,1150
45,Ex,TA,No,GLQ,456,Unf,0,1296,1752
46,Ex,TA,No,GLQ,1351,Unf,0,83,1434
47,Gd,TA,Av,GLQ,24,Unf,0,1632,1656
48,TA,TA,No,Unf,0,Unf,0,736,736
49,TA,TA,No,BLQ,763,Unf,0,192,955
50,Gd,TA,Av,GLQ,182,Unf,0,612,794
51,TA,TA,No,Unf,0,Unf,0,816,816
52,Gd,TA,Gd,LwQ,104,GLQ,712,0,816
53,Ex,TA,Gd,GLQ,1810,Unf,0,32,1842
54,TA,TA,No,ALQ,384,Unf,0,0,384
55,TA,TA,No,BLQ,490,Unf,0,935,1425
56,Gd,TA,No,GLQ,649,Unf,0,321,970
57,Gd,TA,No,Unf,0,Unf,0,860,860
58,Ex,TA,Gd,Unf,0,Unf,0,1410,1410
59,TA,TA,Av,ALQ,632,Unf,0,148,780
60,Gd,TA,No,ALQ,941,Unf,0,217,1158
61,TA,Fa,No,Unf,0,Unf,0,530,530
62,Gd,Gd,Mn,GLQ,24,Unf,0,1346,1370
63,TA,TA,No,Unf,0,Unf,0,576,576
64,Gd,TA,No,GLQ,739,Unf,0,318,1057
65,Ex,TA,Av,Unf,0,Unf,0,1143,1143
66,Gd,TA,Gd,GLQ,912,Unf,0,1035,1947
67,Gd,TA,Av,GLQ,1013,Unf,0,440,1453
68,TA,TA,No,Unf,0,Unf,0,747,747
69,TA,TA,No,BLQ,603,Unf,0,701,1304
70,Gd,TA,Gd,ALQ,1880,Unf,0,343,2223
71,TA,TA,No,ALQ,565,Unf,0,280,845
72,Gd,TA,No,Unf,0,Unf,0,832,832
73,TA,TA,No,ALQ,320,BLQ,362,404,1086
74,Fa,TA,No,Unf,0,Unf,0,840,840
75,Gd,TA,Gd,GLQ,462,Unf,0,0,462
76,TA,TA,No,ALQ,228,Unf,0,724,952
77,TA,TA,No,BLQ,336,GLQ,41,295,672
78,TA,TA,No,Unf,0,Unf,0,1768,1768
79,TA,TA,No,Unf,0,Unf,0,440,440
80,Gd,TA,No,Rec,448,Unf,0,448,896
81,Ex,Gd,No,GLQ,1201,Unf,0,36,1237
82,Gd,TA,No,GLQ,33,Unf,0,1530,1563
83,TA,TA,No,Unf,0,Unf,0,1065,1065
84,Gd,TA,No,Unf,0,Unf,0,384,384
85,Gd,TA,No,Unf,0,Unf,0,1288,1288
86,Gd,TA,Av,Unf,0,Unf,0,684,684
87,Gd,TA,Av,Unf,0,Unf,0,612,612
88,TA,Fa,No,Unf,0,Unf,0,1013,1013
89,Gd,TA,No,GLQ,588,Unf,0,402,990
90,No,No,No,No,0,No,0,0,0
91,TA,TA,No,Rec,600,Unf,0,635,1235
92,Gd,TA,No,ALQ,713,Unf,0,163,876
93,TA,Fa,Mn,Rec,1046,Unf,0,168,1214
94,Gd,TA,No,GLQ,648,Unf,0,176,824
95,Gd,Gd,No,ALQ,310,Unf,0,370,680
96,Gd,TA,Av,ALQ,1162,Unf,0,426,1588
97,TA,TA,No,Rec,520,Unf,0,440,960
98,TA,TA,No,ALQ,108,Unf,0,350,458
99,TA,TA,No,ALQ,569,Unf,0,381,950
100,TA,TA,Mn,ALQ,1200,Unf,0,410,1610
101,Gd,TA,No,Unf,0,Unf,0,741,741
102,No,No,No,No,0,No,0,0,0
103,Gd,TA,No,Unf,0,Unf,0,1226,1226
104,TA,TA,No,LwQ,224,Unf,0,816,1040
105,Ex,TA,No,Unf,0,Unf,0,1053,1053
106,Fa,TA,No,Unf,0,Unf,0,641,641
107,TA,TA,No,ALQ,104,BLQ,169,516,789
108,TA,TA,No,Unf,0,Unf,0,793,793
109,Gd,TA,No,BLQ,705,Unf,0,1139,1844
110,TA,Fa,No,Rec,444,Unf,0,550,994
111,Gd,TA,No,GLQ,250,Unf,0,134,384
112,Ex,TA,Av,GLQ,984,Unf,0,280,1264
113,Gd,TA,Mn,ALQ,35,Rec,869,905,1809
114,TA,TA,No,ALQ,774,LwQ,150,104,1028
115,Gd,TA,No,GLQ,419,Unf,0,310,729
116,TA,TA,No,LwQ,170,BLQ,670,252,1092
117,Gd,TA,No,Unf,0,Unf,0,1125,1125
118,Gd,TA,Mn,GLQ,1470,Unf,0,203,1673
119,Gd,TA,No,Unf,0,Unf,0,728,728
120,TA,TA,Gd,ALQ,938,Unf,0,0,938
121,TA,TA,No,Unf,0,Unf,0,732,732
122,TA,TA,No,BLQ,570,Unf,0,510,1080
123,Gd,TA,No,GLQ,300,Unf,0,899,1199
124,Gd,Fa,No,Unf,0,Unf,0,1362,1362
125,TA,TA,Av,GLQ,490,Unf,0,30,520
126,Gd,TA,No,ALQ,120,Unf,0,958,1078
127,TA,TA,No,LwQ,116,Unf,0,556,672
128,TA,TA,No,BLQ,512,Unf,0,148,660
129,TA,TA,No,Rec,567,BLQ,28,413,1008
130,TA,TA,No,Rec,445,Unf,0,479,924
131,Gd,TA,No,GLQ,695,Unf,0,297,992
132,TA,TA,No,Rec,405,Unf,0,658,1063
133,Ex,TA,No,GLQ,1005,Unf,0,262,1267
134,TA,TA,No,Rec,570,Unf,0,891,1461
135,TA,TA,No,Unf,0,Unf,0,1304,1304
136,TA,TA,No,BLQ,695,Unf,0,519,1214
137,TA,TA,No,Unf,0,Unf,0,1907,1907
138,Gd,TA,Mn,GLQ,668,Unf,0,336,1004
139,Gd,TA,No,GLQ,821,Unf,0,107,928
140,TA,TA,No,ALQ,432,Unf,0,432,864
141,Gd,TA,Av,GLQ,1300,Unf,0,434,1734
142,TA,TA,No,Rec,507,Unf,0,403,910
143,Gd,TA,Gd,GLQ,679,Unf,0,811,1490
144,TA,TA,No,Rec,1332,Unf,0,396,1728
145,Gd,TA,No,Unf,0,Unf,0,970,970
146,TA,TA,No,BLQ,209,Unf,0,506,715
147,Gd,TA,No,Unf,0,Unf,0,884,884
148,Gd,TA,No,GLQ,680,Unf,0,400,1080
149,Gd,TA,No,Unf,0,Unf,0,896,896
150,TA,TA,Av,BLQ,716,Unf,0,253,969
151,Ex,TA,Gd,GLQ,1400,Unf,0,310,1710
152,TA,TA,No,Rec,416,Unf,0,409,825
153,Gd,TA,Gd,BLQ,429,ALQ,1080,93,1602
154,TA,TA,No,Unf,0,Unf,0,1200,1200
155,TA,TA,No,Unf,0,Unf,0,572,572
156,No,No,No,No,0,No,0,0,0
157,Ex,TA,No,Unf,0,Unf,0,774,774
158,Gd,TA,No,GLQ,222,Unf,0,769,991
159,Gd,TA,Mn,GLQ,57,Unf,0,1335,1392
160,Gd,TA,No,BLQ,660,Unf,0,572,1232
161,Ex,TA,Av,GLQ,1016,Unf,0,556,1572
162,Gd,TA,Mn,BLQ,1201,Unf,0,340,1541
163,TA,TA,No,Unf,0,Unf,0,882,882
164,TA,TA,Mn,LwQ,370,Unf,0,779,1149
165,TA,TA,No,ALQ,351,Rec,181,112,644
166,TA,TA,No,LwQ,379,BLQ,768,470,1617
167,Ex,TA,No,GLQ,1288,Unf,0,294,1582
168,Gd,TA,No,Unf,0,Unf,0,840,840
169,Gd,TA,No,Unf,0,Unf,0,1686,1686
170,TA,TA,No,Rec,360,Unf,0,360,720
171,TA,Gd,Gd,BLQ,639,Unf,0,441,1080
172,Gd,Gd,No,GLQ,495,Rec,215,354,1064
173,TA,TA,No,ALQ,288,Rec,374,700,1362
174,Gd,Fa,No,ALQ,1398,LwQ,208,0,1606
175,TA,Gd,Av,ALQ,477,Unf,0,725,1202
176,Gd,TA,No,GLQ,831,Unf,0,320,1151
177,TA,TA,No,ALQ,57,BLQ,441,554,1052
178,Ex,TA,No,GLQ,1904,Unf,0,312,2216
179,TA,TA,No,Unf,0,Unf,0,968,968
180,Gd,TA,No,GLQ,436,Unf,0,320,756
181,Fa,TA,No,LwQ,352,Unf,0,441,793
182,No,No,No,No,0,No,0,0,0
183,Gd,TA,No,Unf,0,Unf,0,1362,1362
184,Fa,TA,No,Unf,0,Unf,0,504,504
185,TA,TA,Mn,Unf,0,Unf,0,1107,1107
186,Gd,TA,Av,GLQ,611,Unf,0,577,1188
187,Fa,TA,No,Unf,0,Unf,0,660,660
188,Gd,TA,Av,GLQ,1086,Unf,0,0,1086
189,Ex,TA,Av,GLQ,1153,Unf,0,440,1593
190,Gd,Gd,No,Rec,297,Unf,0,556,853
191,TA,TA,No,ALQ,626,Unf,0,99,725
192,Gd,TA,Av,GLQ,560,Unf,0,871,1431
193,Gd,TA,No,Unf,0,Unf,0,970,970
194,TA,TA,Av,ALQ,390,Unf,0,474,864
195,Gd,TA,No,ALQ,566,Unf,0,289,855
196,Ex,TA,No,GLQ,1126,Unf,0,600,1726
197,TA,TA,No,GLQ,1036,LwQ,184,140,1360
198,TA,TA,No,Unf,0,Unf,0,755,755
199,Ex,TA,Av,GLQ,1088,Unf,0,625,1713
200,Gd,TA,No,Unf,0,Unf,0,1121,1121
201,TA,TA,No,ALQ,641,LwQ,279,276,1196
202,Fa,TA,No,LwQ,617,Unf,0,0,617
203,Gd,TA,Av,GLQ,662,Unf,0,186,848
204,TA,TA,No,LwQ,312,Unf,0,408,720
205,Gd,TA,No,Unf,0,Unf,0,1424,1424
206,TA,TA,No,Unf,0,Unf,0,1140,1140
207,TA,TA,No,ALQ,419,Rec,306,375,1100
208,Gd,TA,Gd,GLQ,1065,Unf,0,92,1157
209,Gd,TA,No,Rec,787,Unf,0,305,1092
210,TA,TA,No,Rec,468,Unf,0,396,864
211,Gd,TA,Mn,GLQ,36,Unf,0,1176,1212
212,Gd,TA,No,GLQ,822,Unf,0,78,900
213,Gd,TA,No,ALQ,716,Unf,0,274,990
214,Gd,TA,No,GLQ,378,Unf,0,311,689
215,TA,TA,No,BLQ,360,Unf,0,710,1070
216,Gd,TA,Mn,GLQ,946,Unf,0,490,1436
217,TA,TA,No,Unf,0,Unf,0,686,686
218,TA,TA,No,BLQ,341,Unf,0,457,798
219,Gd,TA,Av,GLQ,16,Unf,0,1232,1248
220,Gd,TA,Mn,Unf,0,Unf,0,1498,1498
221,Gd,TA,No,Unf,0,Unf,0,1010,1010
222,Gd,TA,No,ALQ,550,Unf,0,163,713
223,TA,TA,No,ALQ,524,LwQ,180,160,864
224,Ex,TA,Gd,GLQ,56,Unf,0,2336,2392
225,TA,TA,No,Unf,0,Unf,0,630,630
226,Gd,TA,No,GLQ,565,Unf,0,638,1203
227,TA,TA,No,Rec,321,Unf,0,162,483
228,TA,TA,No,ALQ,842,Unf,0,70,912
229,Gd,TA,Av,GLQ,16,Unf,0,1357,1373
230,TA,TA,No,Unf,0,Unf,0,1194,1194
231,Gd,TA,No,GLQ,689,Unf,0,773,1462
232,TA,TA,No,Unf,0,Unf,0,483,483
233,TA,Gd,Av,LwQ,182,ALQ,712,0,894
234,Gd,TA,No,GLQ,625,Unf,0,235,860
235,TA,TA,No,ALQ,358,Unf,0,125,483
236,Gd,TA,Av,GLQ,24,Unf,0,1390,1414
237,Gd,TA,No,BLQ,402,Unf,0,594,996
238,Ex,TA,No,Unf,0,Unf,0,1694,1694
239,TA,Fa,No,LwQ,94,Unf,0,641,735
240,Gd,TA,Av,GLQ,1078,Unf,0,488,1566
241,TA,TA,No,ALQ,329,Unf,0,357,686
242,TA,TA,No,Unf,0,Unf,0,540,540
243,Gd,TA,No,Unf,0,Unf,0,626,626
244,Gd,TA,No,GLQ,695,Unf,0,253,948
245,Gd,TA,Av,GLQ,929,Unf,0,916,1845
246,Fa,TA,No,Unf,0,Unf,0,1020,1020
247,TA,TA,No,Unf,0,Unf,0,1367,1367
248,Gd,TA,No,Unf,0,Unf,0,840,840
249,Gd,TA,Gd,Rec,697,Unf,0,747,1444
250,TA,TA,No,Unf,0,Unf,0,728,728
251,Gd,TA,Gd,GLQ,1573,Unf,0,0,1573
252,Gd,TA,No,Unf,0,Unf,0,798,798
253,Gd,TA,Gd,LwQ,270,ALQ,580,452,1302
254,TA,TA,No,Rec,922,Unf,0,392,1314
255,Gd,TA,No,Unf,0,Unf,0,975,975
256,Gd,TA,No,Rec,503,Unf,0,361,864
257,Gd,TA,No,GLQ,1334,Unf,0,270,1604
258,Gd,TA,No,GLQ,361,Unf,0,602,963
259,No,No,No,No,0,No,0,0,0
260,TA,TA,Gd,Rec,672,ALQ,690,0,1362
261,Ex,TA,No,Unf,0,Unf,0,1482,1482
262,Gd,Gd,Av,ALQ,506,Unf,0,0,506
263,TA,TA,No,LwQ,234,ALQ,692,0,926
264,Fa,TA,No,Unf,0,Unf,0,680,680
265,Gd,TA,No,GLQ,588,LwQ,228,606,1422
266,Gd,TA,Av,GLQ,714,Unf,0,88,802
267,TA,TA,No,LwQ,378,Unf,0,342,720
268,TA,TA,No,ALQ,403,Rec,125,212,740
269,TA,Gd,No,BLQ,751,Unf,0,392,1143
270,Gd,TA,Mn,Unf,0,Unf,0,1095,1095
271,Gd,TA,Gd,LwQ,226,GLQ,1063,96,1385
272,Gd,TA,No,GLQ,524,Unf,0,628,1152
273,TA,TA,No,Rec,620,LwQ,620,0,1240
274,TA,TA,Gd,ALQ,546,Unf,0,270,816
275,TA,TA,No,Unf,0,Unf,0,952,952
276,Ex,TA,No,Unf,0,Unf,0,1560,1560
277,TA,TA,No,LwQ,120,Unf,0,744,864
278,Ex,TA,Gd,Unf,0,Unf,0,2121,2121
279,Gd,TA,No,BLQ,392,Unf,0,768,1160
280,Gd,TA,Av,GLQ,421,Unf,0,386,807
281,Gd,TA,No,GLQ,905,Unf,0,357,1262
282,Gd,TA,No,GLQ,904,Unf,0,410,1314
283,Gd,TA,No,Unf,0,Unf,0,1468,1468
284,Gd,TA,No,GLQ,430,Unf,0,1145,1575
285,Gd,TA,No,Unf,0,Unf,0,625,625
286,TA,TA,No,Rec,600,Unf,0,312,912
287,TA,TA,No,BLQ,614,Unf,0,244,858
288,TA,TA,No,BLQ,450,Unf,0,432,882
289,TA,TA,No,Unf,0,Unf,0,698,698
290,Gd,TA,Av,Unf,0,Unf,0,1079,1079
291,TA,Fa,No,Rec,210,Unf,0,570,780
292,TA,TA,No,LwQ,292,Unf,0,476,768
293,TA,TA,No,ALQ,795,Unf,0,0,795
294,TA,TA,No,GLQ,1285,Unf,0,131,1416
295,TA,TA,Av,GLQ,819,Unf,0,184,1003
296,TA,TA,No,BLQ,420,Unf,0,490,910
297,Gd,TA,No,BLQ,649,Unf,0,326,975
298,TA,TA,No,ALQ,384,Rec,175,143,702
299,TA,TA,No,Unf,0,Unf,0,1092,1092
300,TA,TA,Mn,BLQ,841,Unf,0,324,1165
301,Gd,TA,No,GLQ,281,Unf,0,747,1028
302,Gd,TA,No,Unf,0,Unf,0,1541,1541
303,TA,TA,No,ALQ,894,Unf,0,0,894
304,TA,TA,No,Unf,0,Unf,0,1470,1470
305,Gd,TA,No,GLQ,1464,Unf,0,536,2000
306,Gd,TA,No,ALQ,700,Unf,0,0,700
307,TA,TA,No,Unf,0,Unf,0,319,319
308,TA,TA,No,BLQ,262,Unf,0,599,861
309,Ex,TA,Gd,GLQ,1274,Unf,0,622,1896
310,Gd,TA,No,ALQ,518,Unf,0,179,697
311,TA,TA,No,ALQ,680,Unf,0,292,972
312,Gd,TA,Mn,Rec,507,Unf,0,286,793
313,Gd,TA,Gd,ALQ,1236,Rec,820,80,2136
314,TA,Gd,No,LwQ,16,Unf,0,712,728
315,Gd,TA,No,GLQ,425,Unf,0,291,716
316,Gd,TA,No,GLQ,692,Unf,0,153,845
317,Gd,TA,Av,Unf,0,Unf,0,1088,1088
318,Gd,TA,Gd,GLQ,987,Unf,0,360,1347
319,Gd,TA,Av,GLQ,1036,Unf,0,336,1372
320,Ex,Gd,Av,Unf,0,Unf,0,1249,1249
321,Ex,TA,Av,GLQ,970,Unf,0,166,1136
322,TA,TA,Gd,LwQ,28,ALQ,1474,0,1502
323,TA,TA,No,ALQ,256,Unf,0,906,1162
324,Gd,TA,No,Unf,0,Unf,0,710,710
325,TA,TA,Av,BLQ,116,Unf,0,604,720
326,Gd,TA,Gd,GLQ,1619,Unf,0,100,1719
327,TA,TA,No,Rec,565,Unf,0,818,1383
328,TA,TA,No,Unf,0,Unf,0,844,844
329,TA,TA,Mn,Unf,0,Unf,0,596,596
330,TA,TA,No,GLQ,40,Rec,264,1424,1728
331,TA,TA,No,Rec,846,Unf,0,210,1056
332,Gd,TA,No,GLQ,1124,No,479,1603,3206
333,Gd,TA,Av,GLQ,720,Unf,0,638,1358
334,Gd,TA,Gd,GLQ,828,Unf,0,115,943
335,TA,TA,Gd,ALQ,1249,BLQ,147,103,1499
336,Ex,TA,Gd,GLQ,1249,Unf,0,673,1922
337,Gd,TA,Av,GLQ,810,Unf,0,726,1536
338,Gd,TA,Mn,ALQ,213,Unf,0,995,1208
339,TA,Fa,No,Rec,585,Unf,0,630,1215
340,Gd,TA,No,Unf,0,Unf,0,967,967
341,TA,Fa,No,Unf,0,Unf,0,721,721
342,No,No,No,No,0,No,0,0,0
343,Ex,TA,No,GLQ,28,Unf,0,1656,1684
344,Gd,TA,No,Rec,129,BLQ,232,175,536
345,TA,TA,No,Unf,0,Unf,0,972,972
346,TA,TA,Mn,BLQ,498,Unf,0,460,958
347,TA,TA,No,BLQ,1270,Unf,0,208,1478
348,Gd,TA,No,GLQ,573,Unf,0,191,764
349,Ex,TA,No,GLQ,1410,Unf,0,438,1848
350,Ex,TA,No,Unf,0,Unf,0,1869,1869
351,Gd,TA,Gd,GLQ,1082,Unf,0,371,1453
352,TA,Fa,Mn,LwQ,236,Rec,380,0,616
353,TA,TA,No,Unf,0,Unf,0,624,624
354,TA,TA,No,LwQ,388,Unf,0,552,940
355,Gd,Gd,No,ALQ,334,BLQ,544,322,1200
356,Gd,TA,No,GLQ,560,Unf,0,598,1158
357,Gd,TA,No,ALQ,874,Unf,0,268,1142
358,TA,TA,Av,BLQ,300,Rec,294,468,1062
359,Gd,TA,Av,GLQ,956,Unf,0,130,1086
360,Gd,TA,Av,GLQ,773,Unf,0,115,888
361,TA,TA,No,Rec,399,Unf,0,484,883
362,No,No,No,No,0,No,0,0,0
363,TA,TA,No,ALQ,162,Unf,0,321,483
364,Gd,TA,Mn,GLQ,712,Unf,0,84,796
365,TA,Fa,No,Rec,456,Unf,0,216,672
366,Gd,TA,No,BLQ,609,Unf,0,785,1394
367,Gd,TA,Gd,GLQ,371,Unf,0,728,1099
368,TA,TA,No,LwQ,540,Unf,0,728,1268
369,TA,TA,No,ALQ,72,Rec,258,733,1063
370,Gd,TA,No,Unf,0,Unf,0,953,953
371,No,No,No,No,0,No,0,0,0
372,Gd,TA,No,ALQ,623,LwQ,121,0,744
373,TA,TA,No,BLQ,428,LwQ,180,0,608
374,Gd,TA,No,Unf,0,Unf,0,847,847
375,Fa,Po,Gd,BLQ,350,Unf,0,333,683
376,Gd,TA,Av,GLQ,298,Unf,0,572,870
377,Gd,TA,No,Unf,0,Unf,0,1580,1580
378,Ex,TA,Av,GLQ,1445,Unf,0,411,1856
379,Gd,TA,No,Unf,0,Unf,0,982,982
380,TA,TA,No,LwQ,218,Unf,0,808,1026
381,Gd,Gd,No,Unf,0,Unf,0,1293,1293
382,Gd,TA,Av,Unf,0,Unf,0,939,939
383,Fa,Fa,No,Unf,0,Unf,0,784,784
384,Gd,TA,Av,GLQ,985,Unf,0,595,1580
385,Gd,TA,No,GLQ,24,Unf,0,1232,1256
386,TA,TA,No,Unf,0,Unf,0,658,658
387,TA,TA,Av,ALQ,631,Unf,0,410,1041
388,Gd,TA,No,Unf,0,Unf,0,1468,1468
389,Ex,TA,Av,GLQ,1280,Unf,0,402,1682
390,TA,Gd,No,Rec,241,BLQ,391,229,861
391,Ex,TA,No,ALQ,690,Unf,0,114,804
392,No,No,No,No,0,No,0,0,0
393,TA,TA,No,Rec,266,Unf,0,522,788
394,TA,TA,No,Unf,0,Unf,0,735,735
395,TA,TA,Av,BLQ,739,Unf,0,405,1144
396,TA,TA,Av,Rec,777,Unf,0,117,894
397,TA,TA,No,ALQ,540,Unf,0,324,864
398,Fa,Po,No,Unf,0,Unf,0,961,961
399,Gd,TA,No,GLQ,812,Unf,0,280,1092
400,Gd,TA,No,GLQ,786,Unf,0,474,1260
401,Gd,TA,Av,GLQ,24,Unf,0,1286,1310
402,TA,TA,No,Unf,0,Unf,0,672,672
403,Gd,TA,No,Unf,0,Unf,0,1141,1141
404,Gd,TA,No,Unf,0,Unf,0,806,806
405,TA,TA,No,BLQ,1116,Unf,0,165,1281
406,TA,TA,No,Unf,0,Unf,0,1064,1064
407,Gd,TA,No,Unf,0,Unf,0,840,840
408,Ex,Gd,No,Unf,0,Unf,0,1063,1063
409,Ex,TA,No,GLQ,789,Unf,0,245,1034
410,TA,Fa,No,Unf,0,Unf,0,1276,1276
411,TA,TA,Mn,Rec,1056,Unf,0,0,1056
412,Ex,TA,Av,GLQ,578,Unf,0,892,1470
413,TA,TA,No,Unf,0,Unf,0,1008,1008
414,Gd,TA,No,BLQ,50,GLQ,531,499,1080
415,Gd,TA,Av,GLQ,24,Unf,0,1316,1340
416,TA,TA,No,ALQ,209,Unf,0,463,672
417,Gd,TA,No,BLQ,1128,Unf,0,242,1370
418,TA,TA,No,ALQ,312,Unf,0,444,756
419,TA,TA,No,BLQ,775,Unf,0,281,1056
420,Gd,Gd,Gd,GLQ,1309,Unf,0,35,1344
421,Gd,TA,No,ALQ,1246,Unf,0,356,1602
422,TA,TA,No,Unf,0,Unf,0,988,988
423,Gd,TA,No,GLQ,986,Unf,0,484,1470
424,Gd,TA,No,LwQ,616,Unf,0,580,1196
425,TA,TA,No,Unf,0,Unf,0,651,651
426,Gd,TA,Gd,GLQ,1518,Unf,0,0,1518
427,TA,TA,No,Rec,288,Unf,0,619,907
428,Gd,TA,No,GLQ,664,Unf,0,544,1208
429,Gd,TA,Mn,GLQ,1005,Unf,0,387,1392
430,TA,TA,No,ALQ,387,Unf,0,96,483
431,TA,TA,No,Unf,0,Unf,0,901,901
432,TA,TA,No,ALQ,471,Unf,0,294,765
433,Gd,TA,No,Unf,0,Unf,0,926,926
434,Gd,TA,Av,ALQ,495,Unf,0,135,630
435,Gd,TA,Av,GLQ,385,ALQ,344,70,799
436,Fa,TA,No,Unf,0,Unf,0,648,648
437,TA,TA,No,Unf,0,Unf,0,884,884
438,TA,TA,No,LwQ,365,Unf,0,75,440
439,TA,Fa,Mn,Unf,0,Unf,0,684,684
440,Ex,TA,Gd,GLQ,1767,ALQ,539,788,3094
441,TA,TA,No,ALQ,133,Unf,0,1307,1440
442,TA,TA,No,Unf,0,Unf,0,1078,1078
443,Ex,TA,Av,Unf,0,Unf,0,1258,1258
444,Gd,TA,No,GLQ,642,Unf,0,273,915
445,TA,TA,No,Unf,0,Unf,0,1436,1436
446,TA,TA,No,ALQ,247,Rec,713,557,1517
447,Gd,TA,No,Unf,0,Unf,0,930,930
448,TA,TA,No,Unf,0,Unf,0,780,780
449,TA,TA,No,ALQ,331,Unf,0,318,649
450,TA,TA,No,Unf,0,Unf,0,813,813
451,Gd,TA,Gd,ALQ,655,Unf,0,878,1533
452,Ex,TA,No,ALQ,742,Unf,0,130,872
453,Gd,TA,No,Unf,0,Unf,0,768,768
454,TA,TA,No,ALQ,1606,Unf,0,122,1728
455,TA,TA,No,ALQ,916,Unf,0,326,1242
456,TA,TA,No,Unf,0,Unf,0,624,624
457,Gd,TA,Gd,BLQ,1116,Unf,0,248,1364
458,TA,TA,No,Unf,0,Unf,0,588,588
459,TA,TA,No,LwQ,185,Unf,0,524,709
460,Gd,TA,No,GLQ,544,Unf,0,288,832
461,Gd,Gd,No,ALQ,350,BLQ,210,0,560
462,TA,TA,No,Rec,553,BLQ,311,0,864
463,TA,TA,No,LwQ,326,Unf,0,389,715
464,Gd,TA,No,Rec,616,Unf,0,424,1040
465,Gd,TA,No,Unf,0,Unf,0,1375,1375
466,TA,Gd,Gd,GLQ,778,Unf,0,499,1277
467,TA,TA,No,LwQ,386,Unf,0,342,728
468,Gd,TA,No,Unf,0,Unf,0,1626,1626
469,Gd,TA,No,GLQ,426,Unf,0,406,832
470,Gd,TA,Av,GLQ,368,BLQ,1120,0,1488
471,Gd,TA,No,Unf,0,Unf,0,808,808
472,Gd,TA,Gd,GLQ,459,Unf,0,88,547
473,Ex,TA,Gd,GLQ,1350,Unf,0,626,1976
474,Gd,TA,Av,GLQ,1196,Unf,0,298,1494
475,TA,TA,No,GLQ,630,Unf,0,340,970
476,Gd,TA,Gd,GLQ,994,Unf,0,484,1478
477,Gd,TA,Av,Unf,0,Unf,0,2153,2153
478,Ex,TA,Gd,GLQ,1288,Unf,0,417,1705
479,Fa,TA,No,Rec,168,Unf,0,739,907
480,Ex,TA,Gd,GLQ,1261,Unf,0,572,1833
481,Ex,TA,Gd,GLQ,1567,Unf,0,225,1792
482,TA,TA,No,ALQ,299,Unf,0,611,910
483,Ex,TA,No,GLQ,897,Unf,0,319,1216
484,TA,TA,No,ALQ,588,Unf,0,411,999
485,TA,TA,No,ALQ,607,Unf,0,506,1113
486,TA,TA,No,ALQ,836,Unf,0,237,1073
487,Gd,TA,Av,ALQ,998,Unf,0,486,1484
488,TA,Fa,No,BLQ,664,Unf,0,290,954
489,Gd,TA,Av,GLQ,515,Unf,0,115,630
490,Gd,TA,Mn,Unf,0,Unf,0,264,264
491,TA,TA,No,BLQ,403,Rec,165,238,806
492,Gd,TA,No,Unf,0,Unf,0,728,728
493,TA,TA,No,BLQ,374,LwQ,532,363,1269
494,Fa,TA,No,Unf,0,Unf,0,190,190
495,TA,TA,No,Rec,495,Unf,0,225,720
496,Gd,TA,No,GLQ,1231,Unf,0,1969,3200
497,TA,TA,No,Rec,329,Unf,0,697,1026
498,TA,TA,No,ALQ,450,Unf,0,414,864
499,TA,TA,No,BLQ,111,LwQ,279,522,912
500,TA,TA,No,BLQ,356,Unf,0,316,672
501,Gd,TA,No,GLQ,400,Unf,0,466,866
502,TA,TA,No,ALQ,698,GLQ,96,420,1214
503,TA,TA,No,ALQ,1247,Unf,0,254,1501
504,TA,TA,No,ALQ,257,Rec,495,103,855
505,TA,TA,No,Unf,0,Unf,0,960,960
506,Gd,TA,No,GLQ,380,Unf,0,397,777
507,Gd,TA,No,GLQ,27,Unf,0,1191,1218
508,TA,TA,No,Rec,141,Unf,0,548,689
509,TA,TA,No,ALQ,991,Unf,0,50,1041
510,TA,TA,No,BLQ,650,Rec,180,178,1008
511,Gd,TA,No,Unf,0,Unf,0,1368,1368
512,TA,TA,No,BLQ,521,LwQ,174,169,864
513,TA,TA,No,ALQ,336,Unf,0,748,1084
514,TA,TA,No,Unf,0,Unf,0,768,768
515,Ex,TA,No,GLQ,1436,Unf,0,570,2006
516,TA,TA,No,Unf,0,Unf,0,689,689
517,Gd,TA,No,Unf,0,Unf,0,1264,1264
518,Gd,TA,Mn,GLQ,706,Unf,0,88,794
519,Gd,TA,No,Unf,0,Unf,0,1276,1276
520,No,No,No,No,0,No,0,0,0
521,TA,TA,No,Rec,777,Unf,0,467,1244
522,TA,TA,No,ALQ,399,Unf,0,605,1004
523,Ex,TA,Gd,GLQ,2260,Unf,0,878,3138
524,Gd,TA,No,GLQ,719,Unf,0,660,1379
525,Gd,TA,No,Unf,0,Unf,0,1257,1257
526,Gd,TA,No,Rec,377,Unf,0,551,928
527,Ex,TA,Av,GLQ,1330,Unf,0,122,1452
528,TA,TA,Mn,ALQ,348,Unf,0,180,528
529,TA,TA,No,Rec,1219,Unf,0,816,2035
530,Gd,TA,Av,GLQ,783,Unf,0,678,1461
531,Fa,Fa,Mn,Unf,0,Unf,0,611,611
532,No,No,No,No,0,No,0,0,0
533,No,No,No,No,0,No,0,0,0
534,Ex,Gd,Av,Unf,0,Unf,0,707,707
535,Gd,TA,Gd,GLQ,969,Unf,0,148,1117
536,Gd,TA,Av,Unf,0,Unf,0,880,880
537,TA,TA,No,BLQ,600,Unf,0,264,864
538,TA,TA,No,BLQ,673,Unf,0,378,1051
539,Gd,TA,Av,GLQ,1358,Unf,0,223,1581
540,Ex,TA,Av,GLQ,1260,Unf,0,578,1838
541,Gd,TA,No,Unf,0,Unf,0,969,969
542,Ex,TA,No,LwQ,144,GLQ,1127,379,1650
543,Gd,TA,Av,GLQ,584,LwQ,139,0,723
544,Gd,Gd,Av,GLQ,554,Unf,0,100,654
545,Gd,Gd,No,GLQ,1002,LwQ,202,0,1204
546,Gd,TA,No,Rec,300,Unf,0,765,1065
547,Gd,TA,Av,ALQ,619,Unf,0,149,768
548,TA,TA,No,LwQ,180,Rec,645,0,825
549,Gd,TA,No,Unf,0,Unf,0,912,912
550,Gd,TA,No,ALQ,559,Unf,0,510,1069
551,TA,TA,No,Rec,308,Unf,0,620,928
552,Ex,TA,Av,Unf,0,Unf,0,1709,1709
553,No,No,No,No,0,No,0,0,0
554,Gd,TA,No,GLQ,866,Unf,0,132,998
555,TA,Fa,No,Unf,0,Unf,0,993,993
556,TA,TA,No,Rec,895,Unf,0,197,1092
557,TA,TA,No,Rec,637,Unf,0,0,637
558,Gd,TA,Gd,GLQ,604,Unf,0,125,729
559,Gd,TA,Gd,Unf,0,Unf,0,1374,1374
560,Gd,TA,No,ALQ,1302,Unf,0,90,1392
561,Gd,TA,Av,ALQ,1071,LwQ,123,195,1389
562,TA,TA,No,BLQ,290,Unf,0,706,996
563,Gd,TA,Mn,Unf,0,Unf,0,1163,1163
564,Gd,TA,No,GLQ,728,Unf,0,367,1095
565,Gd,TA,No,Unf,0,Unf,0,806,806
566,Gd,Gd,No,Unf,0,Unf,0,1122,1122
567,Gd,TA,No,GLQ,2,Unf,0,1515,1517
568,Gd,TA,Gd,GLQ,1441,Unf,0,55,1496
569,Gd,TA,Gd,GLQ,943,Unf,0,0,943
570,TA,TA,No,LwQ,231,Unf,0,1497,1728
571,TA,TA,No,BLQ,414,Unf,0,450,864
572,Ex,TA,Av,Unf,0,Unf,0,846,846
573,Gd,TA,No,Unf,0,Unf,0,384,384
574,TA,TA,Av,ALQ,349,Unf,0,23,372
575,TA,TA,No,Rec,442,Unf,0,390,832
576,TA,TA,No,Unf,0,Unf,0,861,861
577,TA,TA,Av,LwQ,328,ALQ,551,285,1164
578,Gd,TA,No,Unf,0,Unf,0,689,689
579,TA,TA,No,Unf,0,Unf,0,1050,1050
580,TA,TA,No,BLQ,594,Rec,219,331,1144
581,Ex,TA,No,Unf,0,Unf,0,2042,2042
582,Gd,TA,Av,GLQ,816,Unf,0,0,816
583,TA,TA,No,Unf,0,Unf,0,1237,1237
584,TA,TA,No,Unf,0,Unf,0,884,884
585,Ex,TA,Gd,GLQ,1460,Unf,0,408,1868
586,TA,Gd,Mn,Rec,210,ALQ,606,0,816
587,TA,TA,Av,ALQ,672,Unf,0,168,840
588,TA,TA,Gd,GLQ,1324,Unf,0,113,1437
589,TA,TA,No,Unf,0,Unf,0,742,742
590,Gd,TA,No,GLQ,490,Unf,0,280,770
591,Ex,TA,Gd,GLQ,1338,Unf,0,384,1722
592,TA,Gd,No,GLQ,816,Unf,0,0,816
593,Gd,TA,Av,GLQ,685,Unf,0,163,848
594,Gd,TA,No,Unf,0,Unf,0,924,924
595,Gd,TA,Gd,GLQ,1422,Unf,0,392,1814
596,TA,TA,No,Unf,0,Unf,0,684,684
597,Ex,TA,Av,Unf,0,Unf,0,1258,1258
598,Gd,TA,Mn,ALQ,1283,LwQ,147,0,1430
599,Gd,TA,No,LwQ,81,GLQ,612,23,716
600,Gd,TA,Av,GLQ,546,Unf,0,512,1058
601,TA,TA,No,Unf,0,Unf,0,780,780
602,Gd,TA,Mn,GLQ,789,Unf,0,119,908
603,Gd,TA,No,Unf,0,Unf,0,600,600
604,Gd,TA,Mn,GLQ,922,Unf,0,572,1494
605,TA,TA,No,BLQ,454,Unf,0,314,768
606,Gd,TA,No,GLQ,732,Unf,0,308,1040
607,TA,Gd,No,GLQ,603,Unf,0,293,896
608,Gd,TA,Mn,BLQ,428,Unf,0,537,965
609,TA,TA,Mn,Rec,903,Unf,0,126,1029
610,Ex,TA,Mn,GLQ,904,Unf,0,536,1440
611,Gd,TA,Av,ALQ,605,Unf,0,427,1032
612,Gd,TA,Av,GLQ,990,Unf,0,309,1299
613,Gd,TA,No,ALQ,206,Unf,0,914,1120
614,Gd,TA,Av,LwQ,150,GLQ,480,0,630
615,TA,TA,Gd,GLQ,763,Unf,0,173,936
616,Gd,TA,No,GLQ,457,Unf,0,326,783
617,TA,TA,No,Unf,0,Unf,0,832,832
618,Ex,TA,Av,GLQ,48,Unf,0,1774,1822
619,Gd,TA,Gd,GLQ,871,Unf,0,611,1482
620,TA,TA,No,BLQ,41,Unf,0,823,864
621,TA,TA,No,ALQ,956,Rec,182,384,1522
622,TA,TA,No,BLQ,560,Unf,0,420,980
623,Gd,TA,No,GLQ,420,Unf,0,336,756
624,TA,TA,No,Rec,247,Unf,0,485,732
625,TA,TA,No,Unf,0,Unf,0,1116,1116
626,TA,TA,No,Unf,0,Unf,0,978,978
627,TA,TA,Av,BLQ,674,LwQ,132,350,1156
628,Gd,TA,Av,Rec,650,Unf,0,390,1040
629,TA,TA,Gd,GLQ,624,Rec,336,288,1248
630,Fa,Fa,No,Unf,0,Unf,0,636,636
631,Gd,Gd,Mn,GLQ,24,Unf,0,1530,1554
632,TA,TA,No,ALQ,822,Unf,0,564,1386
633,TA,TA,No,BLQ,480,LwQ,468,108,1056
634,TA,TA,No,GLQ,1056,Unf,0,0,1056
635,TA,Fa,No,LwQ,256,Unf,0,1184,1440
636,TA,Fa,No,Unf,0,Unf,0,264,264
637,TA,TA,No,Unf,0,Unf,0,811,811
638,Fa,TA,No,Unf,0,Unf,0,796,796
639,Gd,Gd,Av,GLQ,1154,Unf,0,366,1520
640,Ex,TA,Gd,GLQ,1218,Unf,0,300,1518
641,Gd,TA,No,GLQ,738,Unf,0,319,1057
642,Gd,TA,Gd,GLQ,1410,Unf,0,542,1952
643,TA,TA,No,Rec,493,BLQ,287,0,780
644,Ex,TA,Mn,GLQ,1121,Unf,0,645,1766
645,TA,TA,No,ALQ,282,LwQ,35,664,981
646,No,No,No,No,0,No,0,0,0
647,TA,TA,Mn,Rec,500,Unf,0,594,1094
648,TA,TA,No,Unf,0,Unf,0,756,756
649,Gd,TA,Av,BLQ,131,GLQ,499,0,630
650,Gd,TA,No,Unf,0,Unf,0,813,813
651,TA,TA,Mn,Unf,0,Unf,0,755,755
652,Gd,TA,No,Unf,0,Unf,0,880,880
653,TA,TA,No,Unf,0,Unf,0,756,756
654,Gd,TA,Gd,GLQ,1696,Unf,0,413,2109
655,TA,TA,No,Unf,0,Unf,0,525,525
656,TA,TA,No,ALQ,806,Unf,0,247,1053
657,Gd,TA,No,Unf,0,Unf,0,776,776
658,TA,TA,No,Unf,0,Unf,0,912,912
659,TA,TA,No,BLQ,637,Unf,0,849,1486
660,Gd,TA,No,Unf,0,Unf,0,793,793
661,Gd,Gd,No,GLQ,1361,Rec,180,88,1629
662,Fa,Fa,No,Unf,0,Unf,0,1392,1392
663,Gd,TA,Av,BLQ,920,Rec,180,38,1138
664,Ex,TA,Mn,GLQ,1721,Unf,0,356,2077
665,Gd,TA,No,Unf,0,Unf,0,1406,1406
666,Gd,TA,No,LwQ,187,Rec,723,111,1021
667,Gd,TA,No,GLQ,1138,Unf,0,270,1408
668,TA,TA,No,Rec,988,Unf,0,200,1188
669,Fa,TA,No,Unf,0,Unf,0,700,700
670,Gd,TA,No,GLQ,193,Unf,0,545,738
671,TA,TA,No,BLQ,551,Unf,0,121,672
672,Gd,TA,No,ALQ,767,Unf,0,441,1208
673,TA,TA,No,GLQ,1186,Unf,0,291,1477
674,TA,TA,No,Rec,892,Unf,0,244,1136
675,TA,TA,No,ALQ,311,Unf,0,544,855
676,TA,Fa,No,Unf,0,Unf,0,1095,1095
677,TA,TA,No,Unf,0,Unf,0,768,768
678,Ex,TA,Mn,Unf,0,Unf,0,2046,2046
679,TA,TA,No,Rec,827,Unf,0,161,988
680,Gd,TA,No,BLQ,543,BLQ,119,261,923
681,TA,TA,No,Rec,182,Unf,0,611,793
682,Gd,TA,Mn,GLQ,1003,Unf,0,288,1291
683,Gd,TA,Av,GLQ,1059,Unf,0,567,1626
684,Gd,TA,No,Unf,0,Unf,0,1195,1195
685,Gd,TA,Mn,GLQ,828,LwQ,182,180,1190
686,Gd,TA,No,Unf,0,Unf,0,874,874
687,Gd,TA,No,GLQ,239,Unf,0,312,551
688,Gd,TA,Av,GLQ,945,Unf,0,474,1419
689,Gd,TA,Av,ALQ,20,Unf,0,1342,1362
690,Gd,TA,Gd,GLQ,697,Unf,0,151,848
691,Ex,TA,Gd,GLQ,1455,Unf,0,989,2444
692,Gd,TA,Gd,GLQ,965,Unf,0,245,1210
693,TA,TA,No,Unf,0,Unf,0,1073,1073
694,TA,TA,No,Unf,0,Unf,0,927,927
695,Gd,Gd,No,GLQ,980,LwQ,40,92,1112
696,TA,TA,No,LwQ,616,Unf,0,0,616
697,Ex,Gd,Mn,LwQ,210,ALQ,551,219,980
698,TA,TA,No,GLQ,553,BLQ,117,224,894
699,Gd,TA,Mn,GLQ,16,Unf,0,1375,1391
700,Ex,TA,Gd,GLQ,1274,Unf,0,526,1800
701,TA,TA,No,Unf,0,Unf,0,1164,1164
702,Ex,Gd,No,Unf,0,Unf,0,1234,1234
703,Gd,TA,No,Unf,0,Unf,0,360,360
704,Gd,TA,Av,GLQ,712,Unf,0,761,1473
705,No,No,No,No,0,No,0,0,0
706,Gd,TA,Gd,GLQ,1219,Unf,0,424,1643
707,Gd,TA,No,GLQ,863,Unf,0,461,1324
708,Gd,TA,Av,Unf,0,Unf,0,728,728
709,TA,TA,No,Unf,0,Unf,0,876,876
710,TA,TA,No,Unf,0,Unf,0,270,270
711,TA,TA,Mn,Unf,0,Unf,0,859,859
712,Gd,TA,Mn,GLQ,767,Unf,0,461,1228
713,TA,TA,Av,ALQ,789,Unf,0,171,960
714,TA,TA,No,GLQ,533,Unf,0,192,725
715,Gd,TA,No,Unf,0,Unf,0,1064,1064
716,TA,TA,No,Unf,0,Unf,0,718,718
717,Gd,TA,No,BLQ,1084,Unf,0,92,1176
718,Gd,TA,Gd,GLQ,1173,Unf,0,138,1311
719,Gd,TA,Gd,ALQ,523,Unf,0,448,971
720,Gd,TA,Gd,GLQ,1148,Unf,0,594,1742
721,Gd,TA,Av,GLQ,662,Unf,0,186,848
722,TA,TA,No,ALQ,191,Unf,0,673,864
723,TA,TA,No,Unf,0,Unf,0,941,941
724,Ex,TA,No,GLQ,1234,Unf,0,464,1698
725,TA,TA,No,ALQ,375,BLQ,239,250,864
726,Gd,TA,No,GLQ,808,Unf,0,72,880
727,Gd,TA,Av,GLQ,724,Unf,0,508,1232
728,TA,TA,No,Unf,0,Unf,0,1584,1584
729,TA,TA,No,BLQ,152,Unf,0,628,780
730,Gd,TA,No,GLQ,1180,Unf,0,415,1595
731,Ex,TA,Av,GLQ,786,Unf,0,82,868
732,Gd,TA,Av,ALQ,252,Unf,0,901,1153
733,TA,TA,No,BLQ,594,Unf,0,270,864
734,TA,TA,No,Unf,0,Unf,0,948,948
735,Gd,TA,Mn,Rec,390,Unf,0,490,880
736,No,No,No,No,0,No,0,0,0
737,Gd,TA,No,Unf,0,Unf,0,893,893
738,Gd,Gd,Gd,GLQ,1200,Unf,0,0,1200
739,Gd,TA,No,Unf,0,Unf,0,864,864
740,Fa,Fa,No,Unf,0,Unf,0,264,264
741,TA,TA,Mn,GLQ,832,Unf,0,80,912
742,Gd,TA,No,Unf,0,Unf,0,1349,1349
743,Gd,TA,Av,ALQ,444,Unf,0,76,520
744,Gd,TA,No,GLQ,733,Unf,0,604,1337
745,TA,Gd,No,GLQ,575,ALQ,80,487,1142
746,Gd,TA,No,GLQ,300,Unf,0,652,952
747,TA,Fa,No,Unf,0,Unf,0,1240,1240
748,Gd,TA,No,GLQ,919,Unf,0,801,1720
749,No,No,No,No,0,No,0,0,0
750,TA,Fa,No,Unf,0,Unf,0,576,576
751,Gd,TA,No,Unf,0,Unf,0,660,660
752,Gd,TA,Gd,GLQ,1200,Unf,0,279,1479
753,Gd,TA,Mn,Unf,0,Unf,0,1030,1030
754,TA,TA,No,GLQ,439,LwQ,472,115,1026
755,Gd,TA,No,GLQ,381,Unf,0,348,729
756,Gd,TA,Av,GLQ,20,Unf,0,846,866
757,TA,TA,Mn,Rec,438,Unf,0,234,672
758,Gd,TA,No,ALQ,549,Unf,0,195,744
759,Gd,TA,Av,LwQ,56,ALQ,64,1198,1318
760,TA,TA,No,Rec,612,Unf,0,252,864
761,TA,TA,Mn,LwQ,405,Unf,0,740,1145
762,Gd,TA,Mn,GLQ,24,Unf,0,732,756
763,Gd,TA,Mn,GLQ,1163,Unf,0,89,1252
764,Gd,Gd,Av,LwQ,437,GLQ,1057,0,1494
765,Gd,TA,No,Unf,0,Unf,0,1498,1498
766,Gd,TA,No,GLQ,394,Unf,0,586,980
767,Gd,TA,Mn,ALQ,660,Unf,0,323,983
768,Gd,TA,No,GLQ,24,Unf,0,1836,1860
769,Gd,TA,Gd,ALQ,1416,Unf,0,234,1650
770,Gd,TA,Av,GLQ,685,Unf,0,173,858
771,Fa,Fa,No,LwQ,836,Unf,0,0,836
772,TA,TA,Av,ALQ,422,BLQ,127,480,1029
773,TA,TA,No,Rec,456,Unf,0,456,912
774,Gd,TA,Av,Unf,0,Unf,0,1935,1935
775,Ex,TA,No,GLQ,866,Unf,0,338,1204
776,Gd,TA,Av,GLQ,20,Unf,0,1594,1614
777,TA,TA,No,ALQ,762,Unf,0,102,864
778,No,No,No,No,0,No,0,0,0
779,Gd,TA,Gd,GLQ,975,Unf,0,0,975
780,Gd,Gd,No,Unf,0,Unf,0,1237,1237
781,Gd,TA,No,ALQ,387,Unf,0,374,761
782,Gd,TA,No,Unf,0,Unf,0,1413,1413
783,Gd,TA,Av,GLQ,1097,Unf,0,0,1097
784,TA,TA,No,Unf,0,Unf,0,742,742
785,TA,TA,No,Rec,251,LwQ,630,491,1372
786,Fa,TA,No,LwQ,686,Unf,0,0,686
787,Gd,TA,No,GLQ,656,Unf,0,300,956
788,TA,TA,No,Unf,0,Unf,0,901,901
789,TA,Fa,Gd,LwQ,568,Unf,0,264,832
790,Gd,TA,No,GLQ,16,Unf,0,1129,1145
791,Gd,TA,Av,ALQ,539,Unf,0,490,1029
792,Gd,TA,Av,GLQ,862,Unf,0,255,1117
793,Gd,TA,Av,Unf,0,Unf,0,1496,1496
794,Gd,TA,No,Unf,0,Unf,0,712,712
795,Gd,TA,No,Unf,0,Unf,0,650,650
796,TA,TA,No,Unf,0,Unf,0,660,660
797,TA,TA,No,BLQ,570,Unf,0,203,773
798,Ex,TA,No,Unf,0,Unf,0,1926,1926
799,Gd,TA,No,ALQ,569,Unf,0,162,731
800,Gd,TA,Gd,GLQ,462,Unf,0,154,616
801,TA,TA,No,LwQ,197,Unf,0,999,1196
802,Gd,TA,Av,GLQ,648,Unf,0,80,728
803,Ex,TA,Gd,Unf,0,Unf,0,1734,1734
804,TA,TA,No,LwQ,812,Unf,0,124,936
805,Gd,TA,No,Unf,0,Unf,0,1417,1417
806,TA,TA,Av,ALQ,400,Rec,480,100,980
807,TA,TA,Gd,GLQ,1309,Unf,0,15,1324
808,TA,TA,Av,ALQ,516,BLQ,128,380,1024
809,TA,TA,No,Unf,0,Unf,0,849,849
810,TA,TA,No,ALQ,663,LwQ,377,0,1040
811,Gd,TA,Gd,GLQ,662,Unf,0,186,848
812,TA,TA,Av,Unf,0,Unf,0,540,540
813,TA,TA,No,Rec,608,Unf,0,834,1442
814,TA,TA,No,Unf,0,Unf,0,686,686
815,Gd,TA,No,Unf,0,Unf,0,1649,1649
816,TA,TA,No,BLQ,486,Unf,0,522,1008
817,Gd,TA,No,GLQ,1218,Unf,0,350,1568
818,TA,TA,Av,GLQ,504,Unf,0,506,1010
819,Gd,TA,Mn,GLQ,733,Unf,0,625,1358
820,Gd,TA,No,Unf,0,Unf,0,798,798
821,Fa,TA,No,Unf,0,Unf,0,936,936
822,Gd,TA,Gd,Unf,0,Unf,0,847,847
823,TA,TA,No,Unf,0,Unf,0,778,778
824,Gd,Gd,No,Unf,0,Unf,0,1489,1489
825,Ex,TA,Av,GLQ,1636,Unf,0,442,2078
826,TA,TA,No,ALQ,784,Unf,0,0,784
827,Gd,TA,No,GLQ,20,Unf,0,1434,1454
828,TA,Gd,Gd,LwQ,249,ALQ,764,0,1013
829,Gd,TA,No,Unf,0,Unf,0,600,600
830,TA,TA,No,Rec,1040,Unf,0,352,1392
831,Gd,TA,No,Unf,0,Unf,0,600,600
832,Gd,TA,No,GLQ,483,Unf,0,458,941
833,TA,TA,No,Rec,196,BLQ,345,975,1516
834,TA,TA,No,Rec,572,Unf,0,572,1144
835,Gd,TA,No,BLQ,442,Unf,0,625,1067
836,TA,TA,No,Rec,338,Unf,0,1221,1559
837,TA,TA,No,BLQ,330,Unf,0,153,483
838,Gd,TA,No,Unf,0,Unf,0,1099,1099
839,TA,TA,No,BLQ,352,Unf,0,416,768
840,TA,TA,No,BLQ,156,Unf,0,516,672
841,TA,TA,No,Unf,0,Unf,0,650,650
842,TA,TA,Gd,Rec,312,ALQ,539,276,1127
843,TA,TA,No,Unf,0,Unf,0,1800,1800
844,TA,TA,Mn,Unf,0,Unf,0,876,876
845,Gd,TA,Gd,ALQ,1390,Unf,0,0,1390
846,Gd,TA,No,ALQ,513,Unf,0,227,740
847,TA,TA,Av,BLQ,460,Unf,0,404,864
848,TA,TA,No,Unf,0,Unf,0,907,907
849,TA,TA,No,Unf,0,Unf,0,528,528
850,Gd,TA,Av,GLQ,659,Unf,0,189,848
851,Gd,TA,Gd,Unf,0,Unf,0,1273,1273
852,TA,TA,No,Rec,364,Unf,0,554,918
853,TA,TA,Gd,Rec,564,Unf,0,563,1127
854,TA,TA,Mn,ALQ,306,Rec,1085,372,1763
855,TA,TA,No,ALQ,659,Unf,0,381,1040
856,Gd,Gd,Gd,GLQ,505,LwQ,435,0,940
857,Gd,TA,No,Unf,0,Unf,0,702,702
858,Gd,TA,No,Unf,0,Unf,0,1090,1090
859,TA,TA,Mn,BLQ,619,Unf,0,435,1054
860,TA,TA,No,Unf,0,Unf,0,912,912
861,TA,TA,Mn,BLQ,841,Unf,0,198,1039
862,Gd,TA,No,GLQ,338,Unf,0,702,1040
863,TA,TA,No,BLQ,1148,Unf,0,0,1148
864,Ex,TA,No,Unf,0,Unf,0,1372,1372
865,TA,TA,No,BLQ,828,Unf,0,174,1002
866,Gd,TA,Av,Unf,0,Unf,0,1638,1638
867,TA,TA,No,ALQ,932,Unf,0,108,1040
868,No,No,No,No,0,No,0,0,0
869,Gd,TA,No,GLQ,750,Unf,0,300,1050
870,TA,TA,No,Unf,0,Unf,0,894,894
871,Gd,TA,No,GLQ,505,Unf,0,299,804
872,TA,TA,Av,Unf,0,Unf,0,105,105
873,TA,TA,No,Rec,375,Unf,0,457,832
874,TA,TA,No,Unf,0,Unf,0,676,676
875,Gd,TA,Av,GLQ,64,Unf,0,1120,1184
876,TA,TA,Gd,ALQ,633,Unf,0,431,1064
877,Ex,TA,No,GLQ,1170,Unf,0,292,1462
878,TA,TA,Av,ALQ,899,Unf,0,210,1109
879,TA,TA,No,ALQ,646,Unf,0,218,864
880,Ex,Gd,No,ALQ,980,Unf,0,110,1090
881,Gd,TA,Mn,LwQ,902,Unf,0,254,1156
882,Gd,TA,No,Unf,0,Unf,0,808,808
883,TA,Fa,No,Unf,0,Unf,0,795,795
884,TA,TA,No,BLQ,432,Unf,0,460,892
885,Ex,TA,Av,GLQ,1238,Unf,0,460,1698
886,TA,TA,No,LwQ,528,Unf,0,1098,1626
887,TA,TA,No,Unf,0,Unf,0,816,816
888,TA,Gd,Gd,ALQ,351,Rec,823,1043,2217
889,TA,TA,No,BLQ,1024,Unf,0,481,1505
890,TA,TA,Mn,Unf,0,Unf,0,672,672
891,TA,TA,No,LwQ,226,Rec,500,192,918
892,TA,TA,No,GLQ,663,Unf,0,396,1059
893,Gd,TA,Mn,BLQ,1064,Unf,0,319,1383
894,No,No,No,No,0,No,0,0,0
895,TA,TA,No,BLQ,400,Unf,0,380,780
896,TA,TA,No,ALQ,285,Unf,0,666,951
897,No,No,No,No,0,No,0,0,0
898,Ex,TA,Gd,GLQ,2188,Unf,0,142,2330
899,TA,TA,No,BLQ,465,Unf,0,447,912
900,TA,TA,No,ALQ,322,Unf,0,536,858
901,TA,TA,Mn,BLQ,860,Unf,0,132,992
902,Gd,TA,No,Unf,0,Unf,0,783,783
903,Gd,TA,No,Unf,0,Unf,0,1670,1670
904,TA,TA,No,GLQ,599,Unf,0,277,876
905,TA,TA,No,Rec,354,LwQ,290,412,1056
906,Gd,TA,No,GLQ,63,Unf,0,1560,1623
907,Gd,TA,No,Rec,223,Unf,0,794,1017
908,Gd,TA,Av,BLQ,301,ALQ,324,239,864
909,Gd,TA,No,Unf,0,Unf,0,742,742
910,TA,TA,No,Rec,443,Unf,0,662,1105
911,Gd,Gd,Av,ALQ,196,Unf,0,1072,1268
912,TA,TA,No,Rec,489,Unf,0,279,768
913,TA,TA,No,BLQ,284,Unf,0,717,1001
914,Gd,TA,Av,GLQ,294,Unf,0,318,612
915,TA,TA,No,Unf,0,Unf,0,546,546
916,TA,TA,Av,BLQ,50,Unf,0,430,480
917,TA,TA,No,ALQ,1059,Unf,0,75,1134
918,Ex,TA,Mn,BLQ,48,GLQ,634,422,1104
919,Gd,TA,No,ALQ,528,BLQ,411,245,1184
920,Gd,Gd,No,GLQ,814,Unf,0,114,928
921,TA,TA,No,ALQ,1084,Unf,0,188,1272
922,Gd,TA,No,GLQ,28,Unf,0,1288,1316
923,Gd,TA,No,LwQ,165,GLQ,841,598,1604
924,Gd,TA,No,BLQ,625,LwQ,1061,0,1686
925,Gd,TA,Av,ALQ,767,LwQ,93,266,1126
926,Gd,TA,No,Unf,0,Unf,0,1181,1181
927,TA,TA,No,BLQ,552,Unf,0,280,832
928,Gd,TA,Av,Unf,0,Unf,0,1753,1753
929,Gd,TA,No,Unf,0,Unf,0,964,964
930,Gd,TA,Av,GLQ,16,Unf,0,1450,1466
931,TA,TA,No,BLQ,338,Rec,466,121,925
932,Ex,Gd,No,Unf,0,Unf,0,1905,1905
933,Gd,TA,Av,GLQ,20,Unf,0,1480,1500
934,Gd,TA,Gd,GLQ,425,Unf,0,160,585
935,Fa,TA,Mn,Unf,0,Unf,0,600,600
936,Gd,TA,No,GLQ,833,Unf,0,343,1176
937,Gd,TA,Mn,GLQ,341,Unf,0,772,1113
938,Gd,Gd,Mn,GLQ,464,Unf,0,927,1391
939,TA,TA,Mn,Unf,0,Unf,0,1032,1032
940,TA,TA,Gd,Rec,936,LwQ,396,396,1728
941,Gd,TA,No,ALQ,772,Unf,0,220,992
942,Gd,TA,Gd,GLQ,1440,Unf,0,0,1440
943,TA,TA,Av,Unf,0,Unf,0,1632,1632
944,TA,TA,No,GLQ,111,Rec,354,354,819
945,TA,TA,No,LwQ,1088,Unf,0,0,1088
946,TA,TA,Av,ALQ,748,BLQ,294,102,1144
947,Gd,TA,Av,GLQ,1300,Unf,0,316,1616
948,Gd,TA,No,Unf,0,Unf,0,936,936
949,TA,TA,No,ALQ,982,Unf,0,179,1161
950,TA,TA,No,ALQ,398,BLQ,149,317,864
951,TA,TA,No,BLQ,641,Unf,0,187,828
952,Gd,TA,Av,GLQ,660,Unf,0,108,768
953,TA,TA,Av,ALQ,562,LwQ,193,29,784
954,Gd,Gd,Gd,GLQ,945,Unf,0,0,945
955,Gd,TA,No,Rec,484,Unf,0,495,979
956,Gd,TA,No,ALQ,285,Unf,0,276,561
957,TA,TA,No,Rec,417,Unf,0,640,1057
958,Gd,TA,Mn,GLQ,699,Unf,0,638,1337
959,Gd,TA,No,ALQ,604,Unf,0,92,696
960,TA,TA,Gd,BLQ,696,Unf,0,162,858
961,Gd,Gd,No,ALQ,896,Unf,0,434,1330
962,Gd,TA,No,ALQ,556,Unf,0,248,804
963,Ex,TA,No,Unf,0,Unf,0,1800,1800
964,Gd,TA,No,GLQ,624,Unf,0,193,817
965,Gd,TA,No,Unf,0,Unf,0,783,783
966,TA,Fa,No,Rec,428,Unf,0,300,728
967,TA,TA,No,ALQ,902,Unf,0,196,1098
968,TA,TA,No,Unf,0,Unf,0,600,600
969,TA,TA,Gd,ALQ,513,Unf,0,75,588
970,TA,TA,No,Unf,0,Unf,0,720,720
971,Gd,TA,No,GLQ,567,Unf,0,197,764
972,Gd,TA,No,Unf,0,Unf,0,918,918
973,Gd,TA,No,Unf,0,Unf,0,1428,1428
974,Gd,TA,No,Unf,0,Unf,0,728,728
975,Gd,TA,No,GLQ,641,Unf,0,32,673
976,Gd,TA,No,Unf,0,Unf,0,440,440
977,Gd,TA,No,GLQ,1106,Unf,0,135,1241
978,TA,TA,No,LwQ,552,Unf,0,342,894
979,TA,TA,No,Rec,651,Unf,0,470,1121
980,TA,TA,Av,ALQ,867,Unf,0,77,944
981,Gd,TA,No,GLQ,854,Unf,0,371,1225
982,Gd,TA,Av,Unf,0,Unf,0,1266,1266
983,Gd,TA,Mn,Unf,0,Unf,0,1128,1128
984,No,No,No,No,0,No,0,0,0
985,TA,TA,No,ALQ,1040,Unf,0,124,1164
986,TA,Fa,No,Unf,0,Unf,0,485,485
987,Ex,TA,Av,GLQ,1646,Unf,0,284,1930
988,TA,TA,No,LwQ,156,Unf,0,692,848
989,Gd,Gd,No,Unf,0,Unf,0,770,770
990,Gd,TA,No,GLQ,1074,Unf,0,322,1396
991,TA,TA,No,BLQ,216,Unf,0,700,916
992,TA,TA,Gd,BLQ,536,Rec,117,169,822
993,Gd,TA,No,Unf,0,Unf,0,750,750
994,Ex,TA,Gd,GLQ,1172,Unf,0,528,1700
995,TA,TA,No,ALQ,384,Unf,0,363,747
996,TA,TA,No,Rec,915,Unf,0,135,1050
997,TA,TA,No,Unf,0,Unf,0,1442,1442
998,TA,Fa,No,Unf,0,Unf,0,1007,1007
999,Gd,TA,Av,GLQ,686,Unf,0,501,1187
1000,No,No,No,No,0,No,0,0,0
1001,Fa,TA,No,Unf,0,Unf,0,691,691
1002,Gd,TA,No,GLQ,24,Unf,0,1550,1574
1003,TA,TA,No,Unf,0,Unf,0,1680,1680
1004,Gd,TA,No,GLQ,16,Unf,0,1330,1346
1005,Gd,Gd,Av,GLQ,595,Unf,0,390,985
1006,Gd,TA,No,LwQ,1237,Unf,0,420,1657
1007,TA,TA,No,BLQ,273,LwQ,273,0,546
1008,Ex,TA,Mn,Unf,0,Unf,0,1710,1710
1009,TA,TA,No,Unf,0,Unf,0,1008,1008
1010,TA,TA,No,Unf,0,Unf,0,720,720
1011,No,No,No,No,0,No,0,0,0
1012,TA,Fa,No,Unf,0,Unf,0,602,602
1013,TA,TA,No,ALQ,247,Rec,465,310,1022
1014,TA,Fa,No,BLQ,336,Unf,0,746,1082
1015,Gd,TA,No,GLQ,643,Unf,0,167,810
1016,Gd,TA,Gd,GLQ,690,Unf,0,814,1504
1017,Gd,TA,Av,GLQ,1036,Unf,0,184,1220
1018,Gd,TA,No,Unf,0,Unf,0,384,384
1019,Gd,TA,Gd,GLQ,16,Unf,0,1346,1362
1020,Gd,TA,No,GLQ,1024,Unf,0,108,1132
1021,Gd,TA,Av,GLQ,684,Unf,0,515,1199
1022,TA,TA,No,LwQ,324,Unf,0,588,912
1023,Gd,Gd,No,GLQ,16,Unf,0,1330,1346
1024,Gd,TA,Av,ALQ,1165,LwQ,400,0,1565
1025,TA,TA,No,LwQ,138,Rec,468,276,882
1026,TA,TA,No,Rec,697,Unf,0,571,1268
1027,Gd,TA,Gd,GLQ,1513,Unf,0,125,1638
1028,TA,TA,No,Rec,368,BLQ,41,359,768
1029,TA,TA,No,BLQ,317,Unf,0,355,672
1030,TA,TA,Mn,Unf,0,Unf,0,686,686
1031,TA,TA,No,GLQ,523,Unf,0,301,824
1032,Gd,Gd,No,GLQ,1012,Unf,0,326,1338
1033,Gd,TA,No,GLQ,986,Unf,0,668,1654
1034,Fa,Fa,No,Unf,0,Unf,0,920,920
1035,No,No,No,No,0,No,0,0,0
1036,Ex,TA,Gd,GLQ,1022,Unf,0,598,1620
1037,Gd,TA,No,Unf,0,Unf,0,1055,1055
1038,TA,TA,No,Unf,0,Unf,0,546,546
1039,Gd,TA,Av,GLQ,509,Unf,0,121,630
1040,TA,TA,No,Rec,168,BLQ,682,284,1134
1041,TA,TA,No,GLQ,400,Rec,64,336,800
1042,Gd,TA,Av,ALQ,900,Unf,0,406,1306
1043,Gd,TA,No,GLQ,1085,Unf,0,390,1475
1044,Gd,TA,No,ALQ,1104,Unf,0,1420,2524
1045,No,No,No,No,0,No,0,0,0
1046,Ex,TA,Av,GLQ,240,Unf,0,1752,1992
1047,Gd,TA,No,GLQ,686,Unf,0,304,990
1048,No,No,No,No,0,No,0,0,0
1049,No,No,No,No,0,No,0,0,0
1050,Gd,TA,Av,Unf,0,Unf,0,1302,1302
1051,Gd,TA,Av,Unf,0,Unf,0,1316,1316
1052,TA,TA,No,Rec,442,Unf,0,374,816
1053,TA,TA,Av,Rec,383,Unf,0,833,1216
1054,Gd,TA,Mn,GLQ,932,Unf,0,133,1065
1055,Gd,TA,No,ALQ,644,Unf,0,549,1193
1056,Gd,TA,Av,GLQ,659,Unf,0,705,1364
1057,Gd,TA,No,GLQ,595,Unf,0,378,973
1058,Ex,TA,Av,GLQ,936,Unf,0,168,1104
1059,TA,TA,Mn,Rec,297,LwQ,557,0,854
1060,Gd,TA,Mn,GLQ,616,Unf,0,722,1338
1061,TA,TA,No,Unf,0,Unf,0,894,894
1062,TA,TA,No,Unf,0,Unf,0,662,662
1063,TA,TA,No,BLQ,397,Unf,0,706,1103
1064,TA,TA,Mn,BLQ,740,Rec,230,184,1154
1065,Ex,TA,Gd,GLQ,1201,Unf,0,105,1306
1066,Gd,TA,No,Unf,0,Unf,0,799,799
1067,TA,TA,Gd,GLQ,674,LwQ,106,0,780
1068,Gd,TA,No,ALQ,837,Unf,0,105,942
1069,TA,TA,No,ALQ,220,Unf,0,625,845
1070,TA,TA,No,BLQ,586,Unf,0,462,1048
1071,TA,TA,No,Rec,298,Unf,0,429,727
1072,Fa,Fa,Mn,Unf,0,Unf,0,810,810
1073,TA,TA,No,BLQ,535,Unf,0,155,690
1074,Gd,TA,Av,Unf,0,Unf,0,1240,1240
1075,TA,TA,No,BLQ,410,Unf,0,390,800
1076,Fa,TA,No,ALQ,626,Unf,0,170,796
1077,TA,TA,Mn,BLQ,75,Rec,791,230,1096
1078,Gd,TA,Mn,GLQ,662,Unf,0,186,848
1079,Gd,TA,No,GLQ,495,Unf,0,495,990
1080,TA,TA,No,ALQ,656,Unf,0,602,1258
1081,TA,TA,No,ALQ,824,Unf,0,216,1040
1082,Gd,TA,No,Unf,0,Unf,0,1459,1459
1083,TA,TA,No,BLQ,553,Unf,0,698,1251
1084,Gd,TA,No,ALQ,592,Unf,0,99,691
1085,Gd,TA,Av,GLQ,747,Unf,0,189,936
1086,TA,TA,No,BLQ,334,Unf,0,212,546
1087,Gd,TA,Mn,Unf,0,Unf,0,1082,1082
1088,Gd,TA,No,Unf,0,Unf,0,970,970
1089,Gd,TA,No,GLQ,1039,Unf,0,208,1247
1090,No,No,No,No,0,No,0,0,0
1091,Gd,TA,No,BLQ,510,Unf,0,90,600
1092,TA,TA,No,Rec,423,Unf,0,758,1181
1093,TA,TA,Mn,GLQ,661,Unf,0,203,864
1094,TA,TA,No,BLQ,248,Rec,240,448,936
1095,Gd,TA,No,GLQ,24,Unf,0,1290,1314
1096,TA,TA,No,Unf,0,Unf,0,684,684
1097,Gd,TA,No,Unf,0,Unf,0,1074,1074
1098,TA,TA,No,BLQ,672,Unf,0,0,672
1099,Gd,TA,No,ALQ,704,Unf,0,567,1271
1100,TA,Fa,No,Rec,290,Unf,0,0,290
1101,TA,TA,No,BLQ,412,LwQ,287,251,950
1102,TA,TA,No,Rec,588,Unf,0,422,1010
1103,TA,TA,Mn,ALQ,655,Unf,0,0,655
1104,TA,TA,No,Unf,0,Unf,0,630,630
1105,Ex,TA,Av,GLQ,1032,Unf,0,431,1463
1106,Gd,TA,Mn,GLQ,738,Unf,0,172,910
1107,Ex,Gd,No,Unf,0,Unf,0,868,868
1108,Gd,TA,No,Unf,0,Unf,0,924,924
1109,Ex,TA,Mn,GLQ,1039,Unf,0,797,1836
1110,Gd,TA,No,GLQ,219,Unf,0,554,773
1111,TA,TA,No,ALQ,403,Unf,0,400,803
1112,TA,TA,No,GLQ,708,Unf,0,108,816
1113,TA,TA,No,BLQ,643,Unf,0,365,1008
1114,TA,TA,No,Rec,415,Unf,0,418,833
1115,Ex,TA,No,GLQ,1004,Unf,0,730,1734
1116,Gd,TA,No,GLQ,353,Unf,0,55,408
1117,TA,TA,No,BLQ,702,Unf,0,192,894
1118,TA,TA,No,Unf,0,Unf,0,533,533
1119,TA,TA,No,LwQ,369,Unf,0,671,1040
1120,TA,TA,No,Unf,0,Unf,0,1012,1012
1121,Gd,TA,Av,GLQ,24,Unf,0,1528,1552
1122,TA,TA,No,Unf,0,Unf,0,672,672
1123,TA,TA,No,Unf,0,Unf,0,698,698
1124,Gd,TA,No,Unf,0,Unf,0,384,384
1125,TA,TA,No,Unf,0,Unf,0,1005,1005
1126,Gd,TA,No,Unf,0,Unf,0,1373,1373
1127,Gd,TA,Av,GLQ,1300,Unf,0,230,1530
1128,Gd,TA,Av,Unf,0,Unf,0,847,847
1129,Gd,TA,Gd,GLQ,936,Unf,0,0,936
1130,TA,TA,No,BLQ,622,Unf,0,500,1122
1131,Gd,TA,Mn,BLQ,212,Unf,0,762,974
1132,TA,TA,Mn,Unf,0,Unf,0,1008,1008
1133,Gd,TA,No,GLQ,584,Unf,0,544,1128
1134,Gd,TA,Av,Unf,0,Unf,0,916,916
1135,TA,TA,No,Unf,0,Unf,0,960,960
1136,TA,TA,No,BLQ,280,Unf,0,752,1032
1137,TA,TA,No,Unf,0,Unf,0,780,780
1138,TA,TA,Gd,ALQ,1567,Unf,0,0,1567
1139,TA,TA,No,BLQ,645,Unf,0,270,915
1140,TA,TA,Mn,ALQ,852,Unf,0,100,952
1141,TA,TA,No,ALQ,381,Unf,0,399,780
1142,Ex,TA,Gd,GLQ,1150,Unf,0,316,1466
1143,TA,TA,No,GLQ,288,Unf,0,718,1006
1144,Gd,TA,No,BLQ,348,Unf,0,324,672
1145,TA,TA,No,Unf,0,Unf,0,1042,1042
1146,Gd,TA,No,GLQ,1258,Unf,0,40,1298
1147,TA,TA,No,Rec,275,Unf,0,429,704
1148,TA,TA,No,Unf,0,Unf,0,572,572
1149,TA,TA,No,ALQ,624,Unf,0,26,650
1150,TA,TA,No,Unf,0,Unf,0,932,932
1151,TA,TA,No,BLQ,176,Unf,0,1290,1466
1152,TA,TA,No,ALQ,296,GLQ,547,230,1073
1153,TA,TA,Av,ALQ,538,Unf,0,278,816
1154,TA,TA,Gd,ALQ,454,Unf,0,410,864
1155,Gd,TA,Gd,ALQ,1157,Unf,0,280,1437
1156,TA,TA,Gd,ALQ,633,Unf,0,586,1219
1157,Gd,TA,No,GLQ,904,Unf,0,410,1314
1158,Gd,TA,No,Unf,0,Unf,0,1580,1580
1159,TA,TA,No,ALQ,442,Unf,0,459,901
1160,Gd,TA,No,ALQ,311,Unf,0,544,855
1161,TA,TA,No,BLQ,728,Unf,0,568,1296
1162,Gd,TA,No,BLQ,492,Unf,0,402,894
1163,Gd,TA,Av,GLQ,1198,Unf,0,0,1198
1164,Gd,TA,Gd,ALQ,680,Rec,391,289,1360
1165,Gd,TA,No,Unf,0,Unf,0,1502,1502
1166,Gd,TA,Av,Unf,0,Unf,0,1694,1694
1167,Gd,TA,No,GLQ,786,Unf,0,173,959
1168,TA,TA,No,Rec,626,Unf,0,501,1127
1169,Ex,TA,Gd,GLQ,1387,Unf,0,543,1930
1170,TA,TA,Av,ALQ,522,Unf,0,574,1096
1171,TA,TA,No,ALQ,662,Unf,0,599,1261
1172,Gd,TA,No,Unf,0,Unf,0,625,625
1173,TA,TA,No,Rec,152,BLQ,469,977,1598
1174,Gd,TA,No,Rec,503,Unf,0,449,952
1175,Gd,TA,No,GLQ,700,Unf,0,983,1683
1176,TA,TA,No,ALQ,658,Unf,0,218,876
1177,TA,TA,No,Rec,468,Unf,0,350,818
1178,TA,TA,No,Unf,0,Unf,0,731,731
1179,No,No,No,No,0,No,0,0,0
1180,Gd,TA,No,LwQ,1216,Unf,0,0,1216
1181,Ex,TA,Gd,GLQ,1480,Unf,0,120,1600
1182,Ex,TA,Av,GLQ,2096,Unf,0,300,2396
1183,TA,TA,No,Rec,821,Unf,0,299,1120
1184,TA,TA,Gd,Rec,1159,Unf,0,413,1572
1185,TA,TA,No,BLQ,392,Unf,0,392,784
1186,Fa,TA,Mn,BLQ,440,Unf,0,538,978
1187,Gd,TA,No,GLQ,1456,Unf,0,168,1624
1188,Gd,TA,No,Unf,0,Unf,0,831,831
1189,TA,TA,No,Unf,0,Unf,0,994,994
1190,TA,TA,Av,BLQ,1159,Unf,0,90,1249
1191,Gd,TA,No,Unf,0,Unf,0,776,776
1192,TA,TA,Mn,Unf,0,Unf,0,702,702
1193,Ex,TA,No,GLQ,883,Unf,0,341,1224
1194,TA,TA,No,ALQ,371,Unf,0,292,663
1195,Gd,TA,No,Unf,0,Unf,0,728,728
1196,Gd,TA,Av,Unf,0,Unf,0,879,879
1197,TA,TA,No,Unf,0,Unf,0,815,815
1198,Gd,TA,No,Unf,0,Unf,0,1212,1212
1199,TA,TA,No,Rec,547,Unf,0,504,1051
1200,TA,TA,No,Unf,0,Unf,0,864,864
1201,Gd,TA,Av,Unf,0,Unf,0,866,866
1202,TA,TA,No,Unf,0,Unf,0,884,884
1203,Gd,TA,No,Unf,0,Unf,0,1630,1630
1204,Gd,TA,No,ALQ,788,Unf,0,268,1056
1205,Gd,TA,Mn,ALQ,485,BLQ,177,1496,2158
1206,TA,TA,No,Rec,1056,Unf,0,0,1056
1207,Gd,TA,Av,GLQ,340,Unf,0,1342,1682
1208,TA,TA,No,Rec,504,BLQ,108,319,931
1209,Ex,TA,Mn,GLQ,1220,Unf,0,440,1660
1210,Gd,TA,No,Unf,0,Unf,0,1055,1055
1211,Gd,TA,Av,GLQ,427,Unf,0,132,559
1212,TA,TA,No,Rec,344,Unf,0,328,672
1213,TA,Gd,Av,GLQ,648,Unf,0,0,648
1214,TA,TA,Av,BLQ,784,Unf,0,141,925
1215,TA,TA,No,Rec,180,LwQ,374,340,894
1216,No,No,No,No,0,No,0,0,0
1217,Gd,TA,Mn,GLQ,936,Unf,0,364,1300
1218,No,No,No,No,0,No,0,0,0
1219,TA,TA,No,Unf,0,Unf,0,672,672
1220,TA,TA,No,Rec,312,LwQ,600,0,912
1221,TA,TA,No,BLQ,250,LwQ,492,210,952
1222,TA,TA,Mn,Rec,196,Unf,0,844,1040
1223,TA,Fa,No,LwQ,756,Unf,0,1380,2136
1224,Gd,TA,Av,GLQ,724,Unf,0,64,788
1225,TA,TA,Av,GLQ,507,Unf,0,81,588
1226,Gd,TA,Mn,Unf,0,Unf,0,894,894
1227,TA,TA,No,ALQ,595,Unf,0,317,912
1228,Ex,TA,No,GLQ,1540,Unf,0,162,1702
1229,TA,TA,No,ALQ,666,Unf,0,409,1075
1230,Gd,TA,No,GLQ,498,Rec,211,652,1361
1231,TA,TA,Av,ALQ,803,Unf,0,303,1106
1232,No,No,No,No,0,No,0,0,0
1233,TA,TA,No,Rec,1000,Unf,0,188,1188
1234,TA,TA,Av,Unf,0,Unf,0,940,940
1235,Gd,TA,Mn,Unf,0,Unf,0,747,747
1236,Gd,TA,No,Unf,0,Unf,0,764,764
1237,Gd,TA,No,Unf,0,Unf,0,847,847
1238,Gd,TA,No,Unf,0,Unf,0,1141,1141
1239,Gd,TA,Av,GLQ,428,Unf,0,1048,1476
1240,Gd,TA,No,GLQ,550,Unf,0,334,884
1241,Gd,TA,Av,Unf,0,Unf,0,1689,1689
1242,Gd,TA,Gd,GLQ,885,LwQ,168,0,1053
1243,Ex,Gd,Gd,GLQ,1386,Unf,0,690,2076
1244,Gd,TA,No,Unf,0,Unf,0,792,792
1245,Gd,TA,No,Unf,0,Unf,0,585,585
1246,Gd,TA,No,Unf,0,Unf,0,756,756
1247,TA,TA,Av,GLQ,539,Unf,0,473,1012
1248,Gd,TA,No,Rec,319,Unf,0,416,735
1249,TA,TA,No,BLQ,534,Rec,96,246,876
1250,TA,TA,No,ALQ,1065,Unf,0,1045,2110
1251,Gd,TA,No,Unf,0,Unf,0,1405,1405
1252,TA,TA,No,BLQ,510,Unf,0,354,864
1253,TA,TA,Gd,LwQ,125,ALQ,1031,36,1192
1254,Gd,TA,No,Unf,0,Unf,0,746,746
1255,TA,Fa,No,LwQ,425,Unf,0,459,884
1256,Gd,TA,Gd,GLQ,1314,Unf,0,672,1986
1257,Fa,TA,No,Unf,0,Unf,0,864,864
1258,Gd,TA,Gd,GLQ,655,Unf,0,201,856
1259,Gd,TA,No,ALQ,602,LwQ,438,14,1054
1260,Gd,TA,No,Unf,0,Unf,0,841,841
1261,TA,TA,No,Rec,504,Unf,0,546,1050
1262,TA,TA,Av,Unf,0,Unf,0,1104,1104
1263,TA,TA,No,Unf,0,Unf,0,764,764
1264,Gd,TA,No,GLQ,266,Unf,0,1139,1405
1265,Gd,TA,No,GLQ,450,Unf,0,241,691
1266,TA,TA,No,Unf,0,Unf,0,925,925
1267,Ex,TA,Gd,Unf,0,Unf,0,2002,2002
1268,TA,TA,Mn,Rec,192,Unf,0,536,728
1269,TA,TA,No,BLQ,460,Unf,0,414,874
1270,Gd,TA,Gd,GLQ,1258,Unf,0,74,1332
1271,TA,TA,No,Unf,0,Unf,0,1489,1489
1272,TA,TA,No,BLQ,560,LwQ,375,0,935
1273,TA,TA,Av,ALQ,719,Unf,0,300,1019
1274,TA,TA,No,Unf,0,Unf,0,661,661
1275,TA,TA,No,Rec,220,Unf,0,708,928
1276,TA,Gd,No,BLQ,593,Unf,0,130,723
1277,Gd,TA,Av,ALQ,528,Unf,0,1152,1680
1278,Gd,TA,No,GLQ,804,Unf,0,324,1128
1279,TA,TA,No,Unf,0,Unf,0,698,698
1280,Gd,TA,No,GLQ,788,Unf,0,785,1573
1281,Gd,TA,No,ALQ,1053,Unf,0,256,1309
1282,Gd,TA,Mn,LwQ,532,Rec,144,364,1040
1283,TA,TA,Av,Unf,0,Unf,0,912,912
1284,TA,TA,No,Unf,0,Unf,0,804,804
1285,TA,TA,No,Unf,0,Unf,0,780,780
1286,TA,TA,No,ALQ,569,Rec,81,678,1328
1287,TA,TA,Av,Rec,812,Unf,0,812,1624
1288,Gd,TA,No,GLQ,1158,Unf,0,343,1501
1289,Gd,TA,Mn,Unf,0,Unf,0,1085,1085
1290,TA,TA,Av,GLQ,1014,Unf,0,138,1152
1291,TA,TA,No,ALQ,231,Unf,0,399,630
1292,TA,TA,No,Unf,0,Unf,0,994,994
1293,Gd,TA,No,GLQ,194,Unf,0,638,832
1294,TA,TA,No,Rec,167,Unf,0,697,864
1295,TA,TA,Av,BLQ,1016,Unf,0,36,1052
1296,TA,TA,Mn,ALQ,776,Unf,0,344,1120
1297,Gd,TA,Gd,GLQ,547,Unf,0,0,547
1298,Ex,TA,Gd,GLQ,5644,Unf,0,466,6110
1299,TA,TA,No,LwQ,340,Rec,906,0,1246
1300,Gd,TA,No,GLQ,694,Unf,0,284,978
1301,TA,TA,No,BLQ,547,Unf,0,224,771
1302,Gd,TA,No,GLQ,740,Unf,0,425,1165
1303,Gd,TA,Av,Unf,0,Unf,0,1616,1616
1304,Gd,TA,No,Unf,0,Unf,0,976,976
1305,Ex,TA,No,GLQ,1572,Unf,0,80,1652
1306,Gd,TA,No,Unf,0,Unf,0,1368,1368
1307,Gd,Gd,No,ALQ,746,Unf,0,244,990
1308,TA,TA,No,GLQ,144,ALQ,608,172,924
1309,Gd,TA,No,GLQ,1200,Unf,0,78,1278
1310,Gd,TA,Av,GLQ,1406,Unf,0,496,1902
1311,Gd,TA,No,GLQ,925,Unf,0,349,1274
1312,Ex,TA,No,GLQ,482,Unf,0,971,1453
1313,Gd,TA,No,Unf,0,Unf,0,1393,1393
1314,TA,TA,No,Rec,732,Unf,0,216,948
1315,Fa,TA,Mn,ALQ,500,LwQ,276,176,952
1316,Ex,TA,Gd,Unf,0,Unf,0,1622,1622
1317,Ex,Gd,No,Unf,0,Unf,0,1352,1352
1318,Gd,TA,Gd,Unf,0,Unf,0,1753,1753
1319,TA,TA,No,ALQ,492,Unf,0,372,864
1320,TA,TA,No,ALQ,189,Rec,661,628,1478
1321,No,No,No,No,0,No,0,0,0
1322,Gd,TA,No,GLQ,674,Unf,0,76,750
1323,TA,TA,No,LwQ,280,Unf,0,140,420
1324,Ex,TA,Av,Unf,0,Unf,0,1795,1795
1325,TA,Fa,No,Unf,0,Unf,0,796,796
1326,TA,TA,No,Rec,544,Unf,0,0,544
1327,TA,TA,No,ALQ,641,Unf,0,175,816
1328,Gd,TA,No,LwQ,493,Unf,0,1017,1510
1329,Gd,TA,No,Unf,0,Unf,0,935,935
1330,Gd,Gd,Av,Unf,0,Unf,0,1588,1588
1331,TA,TA,Av,ALQ,483,Unf,0,428,911
1332,TA,TA,Mn,ALQ,690,Unf,0,126,816
1333,TA,TA,No,Unf,0,Unf,0,803,803
1334,TA,TA,No,LwQ,765,Unf,0,0,765
1335,Gd,TA,No,ALQ,686,Unf,0,664,1350
1336,TA,TA,No,Unf,0,Unf,0,1656,1656
1337,TA,TA,No,Unf,0,Unf,0,693,693
1338,Gd,TA,No,GLQ,700,Unf,0,216,916
1339,TA,TA,Mn,Rec,360,Unf,0,504,864
1340,TA,TA,No,Unf,0,Unf,0,858,858
1341,Gd,TA,No,GLQ,814,Unf,0,300,1114
1342,Gd,TA,No,Unf,0,Unf,0,1284,1284
1343,TA,TA,No,Unf,0,Unf,0,896,896
1344,Gd,TA,No,Unf,0,Unf,0,728,728
1345,TA,TA,No,ALQ,250,Unf,0,710,960
1346,TA,TA,No,BLQ,297,Rec,68,1203,1568
1347,Ex,TA,Gd,GLQ,80,Unf,0,1652,1732
1348,Gd,TA,Gd,GLQ,1443,Unf,0,39,1482
1349,TA,Fa,No,LwQ,259,Unf,0,425,684
1350,TA,TA,No,LwQ,500,Unf,0,748,1248
1351,TA,TA,No,Rec,319,Unf,0,539,858
1352,TA,TA,No,Unf,0,Unf,0,698,698
1353,Gd,TA,Av,GLQ,816,Unf,0,1217,2033
1354,Gd,TA,No,GLQ,735,Unf,0,257,992
1355,TA,TA,No,Unf,0,Unf,0,570,570
1356,TA,TA,No,Rec,340,Unf,0,524,864
1357,TA,TA,No,GLQ,734,Unf,0,344,1078
1358,Gd,TA,No,GLQ,378,Unf,0,378,756
1359,Ex,TA,Av,GLQ,1447,Unf,0,533,1980
1360,TA,Fa,No,Unf,0,Unf,0,612,612
1361,Ex,TA,Av,ALQ,1274,Unf,0,256,1530
1362,TA,Fa,No,Unf,0,Unf,0,715,715
1363,Gd,TA,No,Unf,0,Unf,0,616,616
1364,Gd,TA,No,Unf,0,Unf,0,600,600
1365,Gd,TA,No,GLQ,533,Unf,0,281,814
1366,Gd,TA,No,GLQ,633,Unf,0,240,873
1367,TA,TA,No,ALQ,548,Rec,173,36,757
1368,Gd,TA,Av,GLQ,685,Unf,0,163,848
1369,Gd,TA,Av,BLQ,370,GLQ,972,315,1657
1370,TA,TA,No,ALQ,315,Rec,105,420,840
1371,TA,TA,Av,BLQ,831,Unf,0,161,992
1372,Gd,TA,Av,GLQ,975,Unf,0,133,1108
1373,Ex,TA,Gd,GLQ,1282,Unf,0,1351,2633
1374,Gd,TA,No,Unf,0,Unf,0,1026,1026
1375,Gd,TA,Gd,Unf,0,Unf,0,1571,1571
1376,Gd,TA,Mn,Rec,384,Unf,0,384,768
1377,TA,TA,No,LwQ,408,BLQ,420,156,984
1378,TA,Fa,No,BLQ,309,Unf,0,174,483
1379,Gd,TA,No,Unf,0,Unf,0,384,384
1380,TA,Fa,No,Rec,203,Unf,0,661,864
1381,TA,TA,Mn,BLQ,865,Unf,0,340,1205
1382,Fa,TA,No,Unf,0,Unf,0,596,596
1383,TA,TA,No,Unf,0,Unf,0,816,816
1384,TA,TA,Mn,Rec,204,Unf,0,356,560
1385,TA,TA,No,BLQ,735,Unf,0,61,796
1386,Gd,TA,No,BLQ,790,LwQ,469,133,1392
1387,TA,TA,No,Rec,168,LwQ,546,0,714
1388,Ex,TA,Gd,GLQ,1320,Unf,0,426,1746
1389,TA,Gd,No,ALQ,375,Unf,0,360,735
1390,Gd,TA,Av,GLQ,1400,Unf,0,125,1525
1391,TA,TA,No,Unf,0,Unf,0,1584,1584
1392,TA,TA,Av,ALQ,769,Unf,0,95,864
1393,Fa,TA,No,Unf,0,Unf,0,482,482
1394,Gd,TA,Av,GLQ,1070,Unf,0,286,1356
1395,Gd,Gd,Gd,Unf,0,Unf,0,1094,1094
1396,TA,TA,Av,BLQ,353,Rec,334,60,747
1397,TA,TA,Mn,Unf,0,Unf,0,939,939
1398,TA,TA,No,Rec,180,BLQ,352,676,1208
1399,TA,TA,No,BLQ,264,Unf,0,712,976
1400,TA,TA,No,Unf,0,Unf,0,862,862
1401,TA,TA,No,GLQ,759,Unf,0,80,839
1402,Gd,Gd,Av,Unf,0,Unf,0,1286,1286
1403,Gd,TA,Gd,GLQ,929,Unf,0,556,1485
1404,TA,TA,No,Unf,0,Unf,0,672,672
1405,Ex,TA,Gd,GLQ,1373,Unf,0,221,1594
1406,Gd,TA,Av,GLQ,656,Unf,0,112,768
1407,TA,TA,No,ALQ,625,Unf,0,208,833
1408,Fa,TA,No,Unf,0,Unf,0,622,622
1409,Gd,TA,No,Unf,0,Unf,0,791,791
1410,Gd,TA,No,GLQ,666,Unf,0,278,944
1411,TA,TA,No,BLQ,120,Unf,0,736,856
1412,No,No,No,No,0,No,0,0,0
1413,Gd,Gd,No,GLQ,976,Unf,0,868,1844
1414,TA,TA,No,Unf,0,Unf,0,833,833
1415,Gd,TA,No,ALQ,988,Unf,0,398,1386
1416,TA,TA,No,Unf,0,Unf,0,777,777
1417,Gd,TA,Mn,GLQ,781,Unf,0,503,1284
1418,TA,TA,No,BLQ,25,Rec,872,247,1144
1419,TA,TA,Av,Rec,1110,Unf,0,734,1844
1420,TA,TA,No,ALQ,404,Unf,0,304,708
1421,Gd,TA,No,ALQ,360,Unf,0,709,1069
1422,Gd,TA,Av,GLQ,686,Unf,0,162,848
1423,Gd,TA,Av,Unf,0,Unf,0,697,697
1424,TA,TA,No,ALQ,457,Rec,374,193,1024
1425,TA,TA,No,Unf,0,Unf,0,1252,1252
1426,Gd,TA,No,GLQ,1000,Unf,0,223,1223
1427,TA,TA,No,BLQ,580,Unf,0,333,913
1428,TA,TA,No,BLQ,510,Unf,0,278,788
1429,Gd,TA,No,BLQ,678,Unf,0,762,1440
1430,Gd,Gd,Av,Unf,0,Unf,0,732,732
1431,Gd,TA,No,LwQ,958,Unf,0,0,958
1432,TA,TA,No,Unf,0,Unf,0,656,656
1433,Gd,TA,No,Unf,0,Unf,0,936,936
1434,TA,TA,No,ALQ,936,Unf,0,190,1126
1435,TA,TA,No,Unf,0,Unf,0,1319,1319
1436,TA,TA,No,ALQ,616,Unf,0,248,864
1437,Ex,TA,Av,GLQ,1336,Unf,0,596,1932
1438,TA,TA,No,GLQ,600,Unf,0,312,912
1439,TA,TA,No,GLQ,315,Rec,110,114,539
1440,Ex,TA,No,Unf,0,Unf,0,588,588
1441,Gd,TA,Av,GLQ,697,Unf,0,151,848
1442,Ex,TA,Av,GLQ,765,Unf,0,252,1017
1443,TA,TA,No,Unf,0,Unf,0,952,952
1444,Gd,TA,Av,Unf,0,Unf,0,1422,1422
1445,TA,TA,Gd,LwQ,187,Rec,627,0,814
1446,TA,TA,No,Rec,593,Unf,0,595,1188
1447,Gd,TA,No,GLQ,1079,Unf,0,141,1220
1448,Fa,TA,No,Unf,0,Unf,0,560,560
1449,Gd,TA,Av,GLQ,553,Unf,0,77,630
1450,Gd,TA,No,Unf,0,Unf,0,896,896
1451,Gd,TA,No,Unf,0,Unf,0,1573,1573
1452,Gd,TA,Gd,GLQ,547,Unf,0,0,547
1453,Gd,TA,No,Unf,0,Unf,0,1140,1140
1454,Gd,TA,No,GLQ,410,Unf,0,811,1221
1455,Gd,TA,No,Unf,0,Unf,0,953,953
1456,Gd,TA,No,ALQ,790,Rec,163,589,1542
1457,TA,Gd,No,GLQ,275,Unf,0,877,1152
1458,TA,TA,Mn,GLQ,49,Rec,1029,0,1078
1459,TA,TA,No,BLQ,830,LwQ,290,136,1256