Property_Id,GarageType,GarageYrBlt,GarageFinish,GarageCars,GarageArea,GarageQual,GarageCond
0,Attchd,2003,RFn,2,548,TA,TA
1,Attchd,1976,RFn,2,460,TA,TA
2,Attchd,2001,RFn,2,608,TA,TA
3,Detchd,1998,Unf,3,642,TA,TA
4,Attchd,2000,RFn,3,836,TA,TA
5,Attchd,1993,Unf,2,480,TA,TA
6,Attchd,2004,RFn,2,636,TA,TA
7,Attchd,1973,RFn,2,484,TA,TA
8,Detchd,1931,Unf,2,468,Fa,TA
9,Attchd,1939,RFn,1,205,Gd,TA
10,Detchd,1965,Unf,1,384,TA,TA
11,BuiltIn,2005,Fin,3,736,TA,TA
12,Detchd,1962,Unf,1,352,TA,TA
13,Attchd,2006,RFn,3,840,TA,TA
14,Attchd,1960,RFn,1,352,TA,TA
15,Detchd,1991,Unf,2,576,TA,TA
16,Attchd,1970,Fin,2,480,TA,TA
17,CarPort,1967,Unf,2,516,TA,TA
18,Detchd,2004,Unf,2,576,TA,TA
19,Attchd,1958,Unf,1,294,TA,TA
20,BuiltIn,2005,RFn,3,853,TA,TA
21,Attchd,1930,Unf,1,280,TA,TA
22,Attchd,2002,RFn,2,534,TA,TA
23,Attchd,1976,Unf,2,572,TA,TA
24,Attchd,1968,Unf,1,270,TA,TA
25,Attchd,2007,RFn,3,890,TA,TA
26,Detchd,2005,Unf,2,576,TA,TA
27,Attchd,2008,RFn,3,772,TA,TA
28,Attchd,1957,RFn,1,319,TA,TA
29,Detchd,1920,Unf,1,240,Fa,TA
30,Detchd,1920,Unf,1,250,TA,Fa
31,Attchd,1966,Unf,1,271,TA,TA
32,Attchd,2007,RFn,2,484,TA,TA
33,Attchd,1959,RFn,2,447,TA,TA
34,Attchd,2005,Fin,2,556,TA,TA
35,BuiltIn,2004,Fin,3,691,TA,TA
36,Attchd,1995,Unf,2,672,TA,TA
37,Attchd,1954,Fin,2,498,TA,TA
38,Detchd,1953,Unf,1,246,TA,TA
39,No,,No,0,0,No,No
40,Attchd,1965,RFn,2,440,TA,TA
41,Attchd,1959,RFn,1,308,TA,TA
42,Attchd,1983,RFn,2,504,TA,Gd
43,Detchd,1977,Unf,1,308,TA,TA
44,Attchd,1959,RFn,1,300,TA,TA
45,Attchd,2005,RFn,2,576,TA,TA
46,Attchd,2003,RFn,2,670,TA,TA
47,Attchd,2006,RFn,3,826,TA,TA
48,No,,No,0,0,No,No
49,Attchd,1966,Unf,1,386,TA,TA
50,Attchd,1997,Fin,2,388,TA,TA
51,Detchd,1985,Unf,2,528,TA,TA
52,CarPort,1963,Unf,2,516,TA,TA
53,Attchd,1981,Fin,3,894,TA,TA
54,Detchd,1962,Unf,2,572,TA,TA
55,Attchd,1964,RFn,2,576,TA,TA
56,Attchd,1999,Fin,2,480,TA,TA
57,Attchd,2004,RFn,2,565,TA,TA
58,BuiltIn,2006,Fin,3,641,TA,TA
59,Detchd,1973,Unf,1,352,TA,TA
60,Detchd,2006,Unf,2,576,TA,TA
61,Detchd,1935,Unf,1,288,TA,TA
62,Attchd,2006,RFn,2,484,TA,TA
63,Detchd,1990,Unf,2,480,TA,TA
64,Attchd,1998,RFn,2,645,TA,TA
65,BuiltIn,2004,RFn,3,852,TA,TA
66,Attchd,1970,RFn,2,576,TA,TA
67,Attchd,2003,RFn,2,558,TA,TA
68,Attchd,1945,Unf,1,220,TA,TA
69,Attchd,1953,Fin,2,667,TA,TA
70,Attchd,1973,Fin,2,516,TA,TA
71,Detchd,1987,Unf,2,360,TA,TA
72,Attchd,1998,Fin,2,427,TA,TA
73,Attchd,1989,Unf,2,490,TA,TA
74,Detchd,1915,Unf,1,379,TA,TA
75,BuiltIn,1973,Unf,1,297,TA,TA
76,Detchd,1956,Unf,1,283,TA,TA
77,Detchd,1948,Unf,1,240,TA,TA
78,No,,No,0,0,No,No
79,Detchd,1966,Unf,2,440,TA,TA
80,Attchd,1968,Fin,1,509,TA,TA
81,Attchd,1998,Fin,2,405,TA,TA
82,Attchd,2007,RFn,3,758,TA,TA
83,Detchd,1974,Unf,2,461,TA,TA
84,BuiltIn,1995,Fin,2,400,TA,TA
85,Attchd,1991,Unf,2,462,TA,TA
86,BuiltIn,2005,Fin,2,400,TA,TA
87,Detchd,2009,RFn,2,528,TA,TA
88,No,,No,0,0,No,No
89,No,,No,0,0,No,No
90,Detchd,1950,Unf,2,420,TA,TA
91,Attchd,1961,Unf,2,480,TA,TA
92,Detchd,1921,Unf,2,432,TA,TA
93,Detchd,1900,Unf,2,506,TA,TA
94,Attchd,1997,RFn,2,684,TA,TA
95,BuiltIn,1993,Fin,2,420,TA,TA
96,Attchd,1999,RFn,2,472,TA,TA
97,Attchd,1965,Fin,1,432,TA,TA
98,Basment,1920,Unf,1,366,Fa,TA
99,No,,No,0,0,No,No
100,Attchd,1977,RFn,2,480,TA,TA
101,Attchd,1985,Fin,2,476,TA,TA
102,Attchd,1979,Unf,2,410,TA,TA
103,Attchd,2009,RFn,3,740,TA,TA
104,Detchd,1951,Unf,1,240,TA,TA
105,Attchd,2003,RFn,2,648,TA,TA
106,Detchd,1954,Unf,1,273,Fa,Fa
107,Detchd,1948,Unf,1,250,TA,TA
108,No,,No,0,0,No,No
109,Attchd,1977,RFn,2,546,TA,TA
110,Attchd,1954,Unf,1,325,TA,TA
111,BuiltIn,2000,Fin,2,400,TA,TA
112,BuiltIn,2007,Fin,3,792,TA,TA
113,Basment,1953,Unf,2,450,TA,TA
114,Detchd,1945,Unf,1,180,TA,TA
115,Detchd,1999,Unf,2,440,TA,TA
116,Attchd,1962,Unf,1,288,TA,TA
117,Attchd,2007,Unf,2,430,TA,TA
118,Attchd,1990,Unf,3,594,TA,TA
119,Attchd,2005,Fin,2,390,TA,TA
120,Attchd,1969,Unf,2,540,TA,TA
121,Detchd,1979,Unf,1,264,TA,TA
122,Attchd,1958,Unf,1,288,TA,TA
123,Attchd,1993,RFn,2,530,TA,TA
124,Attchd,1979,Unf,2,435,TA,TA
125,No,,No,0,0,No,No
126,Attchd,1977,RFn,2,440,TA,TA
127,No,,No,0,0,No,No
128,Attchd,1966,RFn,2,453,TA,TA
129,2Types,1998,RFn,2,750,TA,TA
130,Attchd,1966,Fin,2,487,TA,TA
131,BuiltIn,2000,RFn,2,390,TA,TA
132,Detchd,1974,Unf,2,624,TA,TA
133,Attchd,2001,Fin,2,471,TA,TA
134,Attchd,1968,RFn,2,440,TA,TA
135,Attchd,1970,Unf,2,530,TA,TA
136,Attchd,1967,RFn,1,318,TA,TA
137,2Types,1989,Unf,3,766,TA,TA
138,Attchd,1999,Fin,3,660,TA,TA
139,Attchd,1997,RFn,2,470,TA,TA
140,No,,No,0,0,No,No
141,Attchd,2005,Fin,2,660,TA,TA
142,Detchd,2000,Unf,2,720,TA,TA
143,Attchd,1999,RFn,2,577,TA,TA
144,Detchd,1963,Unf,2,504,TA,TA
145,Detchd,2004,Unf,2,380,TA,TA
146,Detchd,1931,Unf,1,180,Fa,TA
147,BuiltIn,2001,Fin,2,434,TA,TA
148,No,,No,0,0,No,No
149,Detchd,1936,Unf,1,240,Fa,TA
150,Attchd,1975,Unf,2,440,TA,TA
151,Attchd,2007,RFn,3,866,TA,TA
152,Attchd,1971,RFn,2,495,TA,TA
153,Attchd,1960,RFn,2,564,TA,TA
154,Detchd,1923,Unf,1,312,Fa,Fa
155,No,,No,0,0,No,No
156,Detchd,1950,Unf,2,625,TA,TA
157,BuiltIn,2009,Fin,3,680,TA,TA
158,Attchd,2004,RFn,2,678,TA,TA
159,Attchd,2006,RFn,2,576,TA,TA
160,Attchd,1984,Unf,2,516,TA,TA
161,BuiltIn,2003,Fin,3,726,TA,TA
162,Attchd,2005,RFn,2,532,TA,TA
163,No,,No,0,0,No,No
164,Detchd,1926,Unf,1,216,TA,TA
165,No,,No,0,0,No,No
166,Attchd,1955,Fin,1,303,TA,TA
167,Attchd,2007,Fin,3,789,TA,TA
168,Attchd,2004,Fin,2,440,TA,TA
169,Attchd,1981,RFn,2,511,TA,TA
170,Detchd,1991,Unf,2,660,TA,TA
171,Attchd,1960,Fin,2,528,TA,TA
172,Attchd,1987,RFn,2,504,Gd,TA
173,Attchd,1961,Unf,2,504,TA,TA
174,Attchd,1986,Fin,2,616,TA,TA
175,Attchd,1950,Unf,2,576,TA,TA
176,Attchd,1988,Unf,2,521,TA,TA
177,Attchd,1958,Unf,2,451,TA,TA
178,Attchd,2009,Fin,3,1166,TA,TA
179,Detchd,1935,Unf,2,480,Fa,TA
180,Detchd,2000,Unf,2,440,TA,TA
181,Detchd,1920,Unf,1,216,Fa,TA
182,Attchd,1957,RFn,1,252,TA,TA
183,Detchd,2003,Unf,2,484,TA,TA
184,Attchd,1986,Unf,2,576,TA,TA
185,Detchd,1993,Unf,3,840,Ex,TA
186,Attchd,1990,Unf,2,497,TA,TA
187,Detchd,1916,Unf,1,180,Fa,Fa
188,Detchd,1979,Unf,2,528,TA,TA
189,Attchd,2001,Fin,2,682,TA,TA
190,Detchd,1932,Unf,2,440,TA,TA
191,Attchd,1972,Fin,2,484,TA,TA
192,Attchd,1999,Fin,2,666,TA,TA
193,Detchd,2004,Unf,2,380,TA,TA
194,Detchd,1989,Unf,1,352,TA,TA
195,Attchd,1976,Unf,2,440,TA,TA
196,Attchd,2007,Fin,3,786,TA,TA
197,Detchd,1918,Unf,2,795,TA,TA
198,No,,No,0,0,No,No
199,Attchd,2004,Fin,3,856,TA,TA
200,Attchd,2003,RFn,2,440,TA,TA
201,Detchd,1980,Unf,2,473,TA,TA
202,Attchd,1924,Unf,1,398,TA,TA
203,Attchd,2004,RFn,2,420,TA,TA
204,Detchd,1948,Unf,1,240,TA,TA
205,Attchd,1990,RFn,2,500,TA,TA
206,Attchd,1962,RFn,1,349,TA,TA
207,Attchd,1960,RFn,1,312,TA,TA
208,Attchd,1988,Fin,2,454,TA,TA
209,Attchd,1964,RFn,2,504,TA,Gd
210,No,,No,0,0,No,No
211,Attchd,2009,RFn,2,460,TA,TA
212,Attchd,2009,RFn,2,644,TA,TA
213,Attchd,1996,Unf,2,576,TA,TA
214,Attchd,1977,Fin,1,299,TA,TA
215,Attchd,1957,Unf,1,447,TA,TA
216,Attchd,2004,Unf,2,484,TA,TA
217,Detchd,1940,Unf,1,210,TA,TA
218,Attchd,1939,Unf,2,431,TA,TA
219,Attchd,2005,Fin,2,438,TA,TA
220,Attchd,2006,RFn,2,675,TA,TA
221,BuiltIn,2002,RFn,2,390,TA,TA
222,Attchd,1975,RFn,2,434,TA,TA
223,Detchd,1989,Unf,2,576,TA,TA
224,Attchd,2003,Fin,3,968,TA,TA
225,Detchd,1991,Unf,1,280,TA,TA
226,Attchd,1995,RFn,3,721,TA,TA
227,Detchd,1987,Unf,1,280,TA,TA
228,Detchd,1974,Unf,1,336,TA,TA
229,Attchd,2005,Fin,2,430,TA,TA
230,Attchd,1959,RFn,1,312,TA,TA
231,Attchd,1995,Fin,3,810,TA,TA
232,Attchd,1972,Unf,1,288,TA,TA
233,Attchd,1976,Unf,1,308,TA,TA
234,BuiltIn,2002,Fin,2,440,TA,TA
235,Detchd,1971,Unf,1,264,TA,TA
236,Attchd,2004,RFn,2,494,TA,TA
237,Attchd,1993,RFn,2,457,TA,TA
238,Attchd,2007,Fin,3,818,TA,TA
239,Detchd,1949,Unf,1,220,TA,TA
240,Attchd,2008,RFn,2,750,TA,TA
241,No,,No,0,0,No,No
242,Attchd,1940,Unf,1,352,Fa,TA
243,Attchd,1980,RFn,1,288,TA,TA
244,Attchd,1994,RFn,2,463,TA,TA
245,Attchd,1988,Fin,2,604,TA,TA
246,Detchd,1910,Unf,1,440,Po,Po
247,Attchd,1954,Unf,2,451,TA,TA
248,Attchd,2003,RFn,2,500,TA,TA
249,Attchd,1958,Fin,2,389,TA,TA
250,No,,No,0,0,No,No
251,Attchd,2006,Fin,2,538,TA,TA
252,Attchd,2004,RFn,2,520,TA,TA
253,Attchd,1964,RFn,1,309,TA,TA
254,Attchd,1957,RFn,1,294,TA,TA
255,BuiltIn,1999,Fin,2,429,TA,TA
256,Attchd,2003,RFn,2,673,TA,TA
257,Attchd,2006,RFn,2,660,TA,TA
258,Attchd,2001,RFn,2,564,TA,TA
259,Detchd,1956,Unf,1,308,TA,TA
260,Attchd,1991,Unf,2,884,TA,TA
261,BuiltIn,2007,Fin,3,868,TA,TA
262,Attchd,1978,Unf,2,492,TA,TA
263,Detchd,1974,Unf,2,484,TA,TA
264,Detchd,1965,Unf,2,504,TA,TA
265,Attchd,1981,Fin,2,576,TA,TA
266,Attchd,1997,Fin,2,413,TA,TA
267,Detchd,1939,Unf,1,240,TA,TA
268,Detchd,1966,Fin,1,924,Ex,Ex
269,Attchd,1987,RFn,1,504,TA,Gd
270,Attchd,2006,RFn,3,1053,TA,TA
271,Attchd,1954,Unf,2,439,TA,TA
272,Attchd,1999,Fin,3,671,TA,TA
273,Attchd,1958,RFn,1,338,TA,TA
274,Attchd,1982,Unf,1,264,TA,TA
275,Detchd,1978,Unf,2,672,TA,TA
276,Attchd,2003,Fin,2,573,TA,TA
277,Detchd,1951,Unf,2,400,TA,TA
278,Attchd,2007,Fin,3,732,TA,TA
279,Attchd,1977,Fin,2,505,TA,TA
280,Attchd,1989,Fin,2,575,TA,TA
281,Attchd,2006,Fin,2,572,TA,TA
282,Attchd,2008,RFn,2,626,TA,TA
283,Attchd,2008,Fin,3,898,TA,TA
284,Attchd,1992,RFn,2,529,TA,TA
285,Detchd,2006,RFn,2,528,TA,TA
286,Attchd,1962,RFn,2,440,TA,TA
287,No,,No,0,0,No,No
288,Detchd,1970,Unf,1,280,TA,TA
289,Detchd,2003,Unf,1,384,TA,TA
290,Attchd,2006,RFn,2,685,Gd,TA
291,No,,No,0,0,No,No
292,Attchd,1949,Unf,1,281,TA,TA
293,Attchd,1977,Fin,2,539,TA,TA
294,Attchd,1953,Fin,2,418,TA,TA
295,Detchd,1984,Unf,2,588,TA,TA
296,Attchd,1950,Unf,1,282,TA,TA
297,Detchd,1997,RFn,2,576,TA,TA
298,Attchd,1968,Unf,2,539,TA,TA
299,Attchd,1950,Unf,1,300,TA,TA
300,Attchd,1953,Unf,1,375,TA,TA
301,BuiltIn,1998,Fin,2,683,TA,TA
302,Attchd,2001,RFn,3,843,TA,TA
303,Attchd,1975,Unf,2,552,TA,TA
304,Attchd,2003,Unf,3,870,TA,TA
305,Attchd,2004,Fin,3,888,TA,TA
306,Attchd,1990,RFn,3,746,TA,TA
307,No,,No,0,0,No,No
308,Detchd,1961,Unf,2,539,TA,TA
309,Attchd,2003,Fin,3,708,TA,TA
310,Attchd,1993,Fin,2,420,TA,TA
311,Detchd,1948,Unf,1,240,TA,TA
312,Detchd,1939,Unf,2,410,TA,TA
313,Attchd,1965,RFn,2,513,TA,TA
314,Detchd,1925,Unf,2,546,Fa,TA
315,Attchd,2004,Fin,2,432,TA,TA
316,Attchd,1983,RFn,2,484,TA,TA
317,Attchd,2006,RFn,3,1025,TA,TA
318,Attchd,1993,RFn,3,656,TA,TA
319,Attchd,1980,Unf,2,588,TA,TA
320,Attchd,2006,RFn,3,840,TA,TA
321,BuiltIn,2004,Fin,3,872,TA,TA
322,Attchd,1987,Fin,2,576,TA,TA
323,Attchd,1955,Unf,1,220,Fa,TA
324,BuiltIn,1961,Fin,2,564,TA,TA
325,Detchd,1941,Unf,2,360,TA,TA
326,Attchd,1993,Fin,2,473,TA,TA
327,Attchd,1960,RFn,1,292,TA,TA
328,Detchd,1930,Unf,2,441,TA,TA
329,Detchd,1920,Unf,1,189,Fa,Fa
330,Detchd,2002,Unf,1,352,TA,TA
331,Attchd,1958,RFn,1,308,TA,TA
332,Attchd,2003,RFn,3,880,TA,TA
333,Attchd,2004,RFn,2,484,TA,TA
334,Attchd,1998,Fin,2,472,TA,TA
335,Attchd,1965,Fin,2,529,TA,TA
336,Attchd,2005,Fin,3,676,TA,TA
337,Attchd,2002,RFn,2,532,TA,TA
338,Attchd,1984,RFn,2,440,TA,TA
339,Attchd,1958,Unf,1,297,TA,TA
340,Attchd,2002,Fin,2,431,TA,TA
341,CarPort,1950,Unf,1,294,TA,TA
342,Detchd,1949,Unf,2,400,TA,TA
343,Attchd,2005,RFn,2,564,TA,TA
344,Attchd,1976,Unf,1,336,TA,TA
345,Detchd,1939,Unf,1,312,TA,TA
346,Attchd,1960,RFn,1,301,TA,TA
347,Attchd,1960,Unf,2,498,TA,TA
348,BuiltIn,2003,RFn,2,474,TA,TA
349,Attchd,2006,Fin,3,706,TA,TA
350,Attchd,2007,RFn,2,617,TA,TA
351,Attchd,1986,RFn,2,445,TA,TA
352,Detchd,1941,Unf,1,200,TA,Fa
353,Detchd,2005,Unf,2,484,TA,TA
354,Attchd,1940,Unf,1,240,TA,TA
355,Attchd,1995,RFn,2,521,TA,TA
356,Attchd,1992,RFn,2,400,TA,TA
357,Attchd,1976,Fin,2,528,TA,TA
358,BuiltIn,1958,Unf,1,288,TA,TA
359,Attchd,1998,RFn,2,592,TA,TA
360,Attchd,1978,RFn,2,470,TA,TA
361,Detchd,1940,Unf,1,240,TA,TA
362,BuiltIn,2003,RFn,2,672,TA,TA
363,Detchd,1972,Unf,1,264,TA,TA
364,Attchd,1976,Fin,2,566,TA,TA
365,Detchd,1964,Unf,1,468,TA,Fa
366,Attchd,1963,RFn,2,514,TA,TA
367,Basment,1962,RFn,1,296,TA,TA
368,Attchd,1954,Fin,1,244,TA,TA
369,Detchd,1997,Fin,2,576,TA,TA
370,Attchd,2000,RFn,2,460,TA,TA
371,Detchd,1991,Fin,2,680,TA,TA
372,Attchd,1984,Unf,1,264,TA,TA
373,Attchd,1953,Unf,1,270,TA,TA
374,BuiltIn,2003,Fin,2,434,TA,TA
375,No,,No,0,0,No,No
376,Detchd,1998,Unf,2,576,TA,TA
377,Attchd,2004,RFn,2,610,TA,TA
378,Attchd,2010,Fin,3,834,TA,TA
379,Attchd,2000,Fin,2,463,TA,TA
380,Detchd,1924,Unf,1,308,TA,TA
381,Attchd,2006,RFn,2,572,TA,TA
382,Attchd,2006,RFn,2,639,TA,TA
383,Detchd,1950,Unf,2,360,Fa,Fa
384,Attchd,1992,Fin,2,501,TA,TA
385,Attchd,2004,Fin,2,430,TA,TA
386,No,,No,0,0,No,No
387,Detchd,1977,Unf,1,352,TA,TA
388,Attchd,1999,RFn,2,577,TA,TA
389,BuiltIn,2008,Fin,3,846,TA,TA
390,Detchd,1978,Unf,1,384,TA,TA
391,BuiltIn,2001,Fin,2,560,TA,TA
392,Attchd,1959,RFn,1,294,TA,TA
393,No,,No,0,0,No,No
394,Detchd,1940,Unf,1,240,TA,TA
395,Attchd,1956,Unf,1,596,TA,TA
396,Detchd,1985,RFn,2,600,TA,TA
397,Attchd,1962,RFn,1,264,TA,TA
398,Detchd,1920,Unf,1,338,Po,Po
399,Attchd,2007,Fin,2,438,TA,TA
400,Attchd,1996,Fin,2,500,TA,TA
401,Attchd,2005,Fin,2,400,TA,TA
402,Detchd,1940,Unf,1,240,TA,TA
403,BuiltIn,1998,Fin,2,420,TA,TA
404,BuiltIn,1995,Fin,2,373,TA,TA
405,Attchd,1993,Unf,2,490,TA,TA
406,Detchd,1936,Unf,1,240,TA,TA
407,Attchd,1960,Unf,1,308,TA,TA
408,Attchd,2006,RFn,3,947,TA,TA
409,Attchd,2008,Fin,3,836,TA,TA
410,Attchd,1958,Unf,1,350,TA,TA
411,Attchd,1955,Fin,2,572,TA,TA
412,Attchd,2009,Fin,2,484,TA,TA
413,Detchd,1927,Unf,2,360,TA,TA
414,Attchd,1993,Unf,3,678,TA,TA
415,Attchd,2007,Fin,2,396,TA,TA
416,Attchd,1978,Fin,2,440,TA,TA
417,Detchd,1918,Unf,3,864,TA,TA
418,Detchd,1940,Unf,1,240,TA,TA
419,Attchd,1968,Unf,1,304,TA,TA
420,Attchd,1997,Fin,4,784,TA,TA
421,Attchd,1977,Fin,2,529,TA,TA
422,Attchd,1954,RFn,2,520,TA,TA
423,Attchd,1998,Fin,3,696,TA,TA
424,Attchd,1956,RFn,1,297,TA,TA
425,Detchd,1947,Unf,1,240,TA,TA
426,Attchd,1989,Fin,2,569,TA,TA
427,Detchd,1964,Unf,1,352,TA,TA
428,Attchd,2007,RFn,2,628,TA,TA
429,Attchd,1988,Unf,2,576,TA,TA
430,Detchd,1971,Unf,1,264,TA,TA
431,No,,No,0,0,No,No
432,Detchd,1971,Unf,2,440,TA,TA
433,Attchd,1997,Fin,2,470,TA,TA
434,No,,No,0,0,No,No
435,Attchd,1996,RFn,2,550,TA,TA
436,Detchd,1990,Unf,2,440,TA,TA
437,Detchd,1926,Unf,1,180,TA,TA
438,Detchd,1990,Unf,1,352,Gd,TA
439,Detchd,2005,Unf,2,528,TA,TA
440,Attchd,2008,Fin,3,672,TA,TA
441,No,,No,0,0,No,No
442,Detchd,1930,Unf,2,360,TA,TA
443,Attchd,2007,Fin,3,648,TA,TA
444,Attchd,1994,Unf,2,493,TA,TA
445,Attchd,1956,Unf,2,480,TA,TA
446,Attchd,1966,Fin,2,578,TA,TA
447,Attchd,1998,Fin,2,431,TA,TA
448,Detchd,1937,Unf,1,198,TA,TA
449,Detchd,1981,Unf,1,308,TA,TA
450,Detchd,1932,Unf,1,270,Fa,Fa
451,Attchd,1975,Unf,2,576,TA,TA
452,Attchd,1996,Fin,2,422,TA,TA
453,Attchd,2008,RFn,2,676,TA,TA
454,Detchd,1976,Unf,2,560,TA,TA
455,Attchd,1973,Unf,2,528,TA,TA
456,Detchd,1916,Unf,3,513,Fa,Fa
457,Attchd,1954,Fin,2,529,TA,TA
458,Detchd,1925,Unf,1,228,TA,TA
459,Detchd,1950,Unf,1,352,TA,TA
460,BuiltIn,2009,Fin,2,552,TA,TA
461,Detchd,1971,RFn,2,576,TA,TA
462,Detchd,1965,Unf,1,360,TA,TA
463,Detchd,1939,Unf,1,240,TA,TA
464,No,,No,0,0,No,No
465,Attchd,2004,Fin,2,398,TA,TA
466,Attchd,1970,Unf,2,526,TA,TA
467,Attchd,1942,Unf,1,312,TA,TA
468,Attchd,2006,RFn,3,866,TA,TA
469,Attchd,1993,RFn,2,506,TA,TA
470,Attchd,1985,RFn,2,528,TA,TA
471,Attchd,1977,RFn,2,534,TA,TA
472,Basment,2005,RFn,2,525,TA,TA
473,Attchd,2006,RFn,3,908,TA,TA
474,Attchd,2000,RFn,2,499,TA,TA
475,Detchd,1996,Unf,2,624,TA,TA
476,Attchd,1997,Fin,2,508,TA,TA
477,BuiltIn,2006,Fin,3,694,TA,TA
478,Attchd,2007,RFn,3,826,TA,TA
479,Detchd,1995,Unf,2,672,TA,TA
480,Attchd,2004,Fin,3,772,TA,TA
481,Attchd,2003,Fin,3,874,TA,TA
482,Attchd,1915,Unf,1,164,Fa,Fa
483,Attchd,1998,Unf,2,402,TA,TA
484,Detchd,1963,Unf,1,264,TA,TA
485,Attchd,1950,Unf,1,264,TA,TA
486,Attchd,1965,RFn,2,515,TA,TA
487,Attchd,1971,Unf,2,487,TA,TA
488,Attchd,1970,Unf,2,520,TA,Fa
489,Attchd,1970,Unf,1,286,TA,TA
490,BuiltIn,1976,Fin,1,336,TA,TA
491,Attchd,1941,Unf,1,240,TA,TA
492,Attchd,2006,RFn,2,429,TA,TA
493,Detchd,1964,Unf,1,308,TA,TA
494,Attchd,1938,Unf,1,273,TA,TA
495,No,,No,0,0,No,No
496,Attchd,1992,RFn,2,546,TA,TA
497,Detchd,1925,Unf,1,240,TA,TA
498,Attchd,1967,Fin,1,288,TA,TA
499,Attchd,1958,Fin,1,297,TA,TA
500,Detchd,1973,Unf,1,264,TA,TA
501,Attchd,2005,RFn,2,603,TA,TA
502,Detchd,1965,Unf,2,461,Fa,Fa
503,Attchd,1959,Fin,2,484,TA,TA
504,Attchd,1974,Unf,2,440,TA,TA
505,Detchd,1952,Unf,2,400,TA,TA
506,Attchd,1993,RFn,2,471,TA,TA
507,Attchd,2009,Fin,2,676,TA,TA
508,Detchd,1928,Unf,2,360,TA,TA
509,Attchd,1959,RFn,1,270,TA,TA
510,CarPort,1951,Unf,1,288,TA,TA
511,Attchd,2005,RFn,2,474,TA,TA
512,Detchd,1964,Unf,2,624,TA,TA
513,Attchd,1983,Unf,2,484,TA,TA
514,Detchd,1926,Unf,1,200,Po,Po
515,Attchd,2009,Fin,3,900,TA,TA
516,Attchd,1972,RFn,2,583,TA,TA
517,Attchd,1996,RFn,3,889,TA,TA
518,Attchd,1998,RFn,2,546,TA,TA
519,Detchd,1926,Unf,1,282,TA,TA
520,No,,No,0,0,No,No
521,Attchd,1957,Unf,1,336,TA,TA
522,Detchd,1950,Unf,2,420,TA,TA
523,BuiltIn,2007,Fin,3,884,TA,TA
524,Attchd,1996,Fin,3,834,TA,TA
525,Attchd,2005,Unf,2,453,TA,TA
526,Attchd,1956,Unf,1,252,TA,TA
527,Attchd,2008,Fin,3,858,TA,TA
528,No,,No,0,0,No,No
529,Attchd,1975,RFn,2,484,TA,TA
530,Attchd,1988,RFn,2,600,TA,TA
531,Detchd,1920,Fin,2,502,TA,Fa
532,Detchd,1967,Unf,1,392,TA,TA
533,No,,No,0,0,No,No
534,Attchd,2004,Fin,2,403,TA,TA
535,No,,No,0,0,No,No
536,Attchd,1998,Fin,2,527,TA,TA
537,Detchd,1980,Unf,2,576,TA,TA
538,Attchd,1968,Unf,1,336,TA,TA
539,Attchd,2001,RFn,2,670,TA,TA
540,Attchd,2006,Fin,3,765,TA,TA
541,BuiltIn,2000,Fin,3,648,TA,TA
542,Attchd,1998,Fin,2,583,TA,TA
543,Attchd,1998,Fin,1,367,TA,TA
544,Attchd,2006,RFn,2,426,TA,TA
545,Attchd,1988,Unf,3,786,TA,TA
546,Detchd,1950,Unf,2,440,TA,TA
547,Detchd,1987,Unf,2,624,TA,TA
548,Detchd,1963,RFn,2,720,TA,TA
549,BuiltIn,2003,Fin,2,615,TA,TA
550,Attchd,1977,RFn,2,440,TA,TA
551,Attchd,1957,Fin,1,288,TA,TA
552,Attchd,2006,RFn,3,908,TA,TA
553,Detchd,2002,Fin,2,520,TA,TA
554,BuiltIn,2003,RFn,3,871,TA,TA
555,Detchd,1922,Unf,1,280,TA,TA
556,Attchd,1957,Fin,1,299,TA,TA
557,CarPort,1994,Unf,1,570,TA,TA
558,Attchd,1996,Unf,2,406,TA,TA
559,Attchd,2003,Fin,2,420,TA,TA
560,Detchd,1957,Unf,2,528,TA,TA
561,Attchd,1975,RFn,2,418,TA,TA
562,No,,No,0,0,No,No
563,Detchd,1955,Fin,2,396,TA,TA
564,Attchd,1992,RFn,2,590,TA,TA
565,Detchd,1920,Unf,1,216,TA,TA
566,BuiltIn,2005,Fin,3,656,TA,TA
567,Attchd,2004,RFn,2,532,TA,TA
568,BuiltIn,1983,Fin,2,612,Gd,TA
569,Detchd,1979,Unf,2,600,TA,TA
570,Detchd,1987,Unf,2,576,TA,TA
571,Attchd,1959,Unf,1,288,TA,TA
572,Attchd,2009,RFn,2,650,TA,TA
573,BuiltIn,2000,RFn,2,400,TA,TA
574,BuiltIn,1971,Unf,1,288,TA,TA
575,Detchd,1947,Unf,1,336,TA,TA
576,Detchd,1928,Unf,1,216,TA,TA
577,Attchd,1966,RFn,2,564,TA,TA
578,Detchd,2007,Unf,2,540,TA,TA
579,Attchd,1954,Unf,1,352,Fa,TA
580,Attchd,1960,Unf,2,572,TA,TA
581,Attchd,2009,RFn,3,1390,TA,TA
582,No,,No,0,0,No,No
583,Detchd,1988,Unf,2,880,Gd,TA
584,Detchd,1935,Unf,1,240,TA,TA
585,Attchd,2005,RFn,3,880,TA,TA
586,Detchd,1961,Fin,1,275,TA,TA
587,Detchd,1996,Unf,2,528,TA,TA
588,Attchd,1968,Unf,1,452,TA,TA
589,Detchd,1988,Unf,1,308,TA,TA
590,Attchd,2004,RFn,2,520,TA,TA
591,BuiltIn,2008,RFn,3,842,TA,TA
592,Detchd,1985,Fin,2,816,TA,TA
593,Attchd,2003,Fin,2,420,TA,TA
594,Detchd,1981,Unf,1,280,TA,TA
595,Attchd,2005,Fin,3,758,TA,TA
596,Detchd,1930,Unf,1,216,TA,Fa
597,Attchd,2006,Fin,3,648,TA,TA
598,Attchd,1977,Fin,2,621,TA,TA
599,Attchd,1980,Fin,2,452,TA,TA
600,BuiltIn,2003,Fin,2,736,TA,TA
601,Detchd,1979,Unf,1,544,TA,TA
602,Attchd,1992,Fin,2,506,TA,TA
603,Detchd,2004,RFn,2,480,TA,TA
604,Attchd,2002,RFn,2,530,TA,TA
605,Attchd,1965,Unf,2,486,TA,TA
606,Detchd,2000,Unf,2,576,TA,TA
607,Attchd,1948,Unf,1,230,TA,TA
608,Basment,1934,Unf,2,380,TA,TA
609,Attchd,1961,Unf,1,261,TA,TA
610,Attchd,2000,Fin,3,736,TA,TA
611,Attchd,1978,Unf,2,564,TA,TA
612,BuiltIn,2001,RFn,2,531,TA,TA
613,No,,No,0,0,No,No
614,No,,No,0,0,No,No
615,Attchd,1963,RFn,2,480,TA,TA
616,Attchd,2002,Fin,2,393,TA,TA
617,Detchd,1962,Unf,2,528,TA,TA
618,Attchd,2007,Unf,3,774,TA,TA
619,Attchd,2003,Fin,3,749,TA,TA
620,No,,No,0,0,No,No
621,Attchd,1974,RFn,2,624,TA,TA
622,Detchd,1986,Unf,2,484,TA,TA
623,Detchd,2000,Unf,2,440,TA,TA
624,Attchd,1972,RFn,2,484,TA,TA
625,Attchd,1962,Unf,2,440,TA,TA
626,Attchd,1960,RFn,1,286,TA,TA
627,Basment,1955,RFn,1,364,TA,TA
628,Attchd,1969,Unf,2,504,TA,TA
629,Attchd,1964,RFn,2,520,TA,TA
630,Detchd,1937,Unf,1,240,Fa,Po
631,Attchd,2006,RFn,2,627,TA,TA
632,Attchd,1977,Fin,2,544,TA,TA
633,Attchd,1954,Unf,1,260,TA,TA
634,Detchd,1980,Unf,2,576,TA,TA
635,No,,No,0,0,No,No
636,No,,No,0,0,No,No
637,BuiltIn,1954,Unf,1,256,TA,TA
638,No,,No,0,0,No,No
639,Attchd,2006,Fin,3,648,TA,TA
640,Attchd,2003,RFn,2,588,TA,TA
641,Attchd,2001,Fin,2,650,TA,TA
642,Attchd,1972,Fin,2,538,TA,TA
643,Attchd,1969,Fin,2,462,TA,TA
644,Attchd,2009,Fin,3,478,TA,TA
645,Detchd,1979,Unf,2,576,TA,TA
646,Detchd,1950,Unf,2,420,TA,TA
647,Attchd,1953,RFn,2,495,TA,TA
648,Attchd,1966,Unf,2,442,TA,TA
649,No,,No,0,0,No,No
650,Attchd,2007,RFn,2,562,TA,TA
651,Detchd,1940,Unf,1,296,Fa,Po
652,Attchd,1996,RFn,2,512,TA,TA
653,Detchd,1906,Unf,1,216,TA,TA
654,Attchd,1995,Fin,3,839,TA,TA
655,Detchd,1971,Unf,1,264,TA,TA
656,Attchd,1959,RFn,1,312,TA,TA
657,Attchd,1931,RFn,1,270,TA,TA
658,Attchd,1948,Unf,1,330,TA,TA
659,Detchd,1968,Fin,2,480,TA,TA
660,Attchd,1976,RFn,2,550,TA,TA
661,Attchd,1994,RFn,3,711,TA,TA
662,Attchd,1968,RFn,2,576,TA,TA
663,Detchd,1974,RFn,2,588,TA,TA
664,Attchd,2005,Fin,3,1134,TA,TA
665,Attchd,2000,RFn,2,504,TA,TA
666,CarPort,1965,Unf,2,596,TA,TA
667,Attchd,1994,RFn,2,575,TA,TA
668,Detchd,1999,Unf,2,576,TA,TA
669,Detchd,1922,Unf,1,252,TA,Fa
670,Attchd,2005,Fin,2,540,TA,TA
671,Detchd,1930,Unf,1,300,TA,TA
672,Attchd,1977,RFn,2,546,TA,TA
673,Attchd,1957,Fin,2,416,TA,TA
674,Attchd,1965,RFn,1,384,TA,TA
675,Attchd,1978,Unf,2,440,TA,TA
676,2Types,1920,Unf,3,779,Fa,Fa
677,Detchd,1924,Unf,1,240,Fa,Fa
678,Attchd,2008,Fin,3,834,TA,TA
679,Detchd,1963,Unf,2,572,TA,TA
680,Attchd,1980,RFn,1,264,TA,TA
681,Detchd,1968,Unf,1,281,TA,TA
682,Attchd,1996,Unf,2,431,TA,TA
683,Attchd,2002,Fin,3,702,TA,TA
684,Attchd,1998,Fin,2,486,TA,TA
685,Attchd,1984,Fin,2,577,TA,TA
686,Attchd,2007,Fin,2,578,TA,TA
687,Detchd,2004,Unf,2,480,TA,TA
688,Attchd,2007,RFn,2,567,TA,TA
689,Attchd,2005,RFn,2,460,TA,TA
690,Attchd,2004,RFn,2,420,TA,TA
691,Attchd,1994,Fin,3,832,TA,TA
692,Attchd,1989,RFn,2,628,TA,TA
693,Detchd,1968,Unf,1,326,TA,TA
694,Detchd,1995,Unf,2,576,TA,TA
695,Attchd,1987,Unf,2,551,TA,TA
696,Detchd,1921,Unf,1,205,TA,TA
697,Detchd,1952,Unf,1,308,TA,TA
698,Detchd,1973,Unf,1,336,TA,TA
699,Attchd,2004,RFn,2,530,TA,TA
700,Attchd,2002,Fin,3,765,TA,TA
701,Attchd,1969,Unf,2,528,TA,TA
702,BuiltIn,2006,Fin,3,666,TA,TA
703,Detchd,1999,Unf,2,672,TA,TA
704,Attchd,2004,RFn,2,606,TA,TA
705,No,,No,0,0,No,No
706,Attchd,1971,Unf,2,739,TA,TA
707,Attchd,2006,Fin,2,550,TA,TA
708,Attchd,2007,Fin,2,400,TA,TA
709,Attchd,1966,Unf,1,408,TA,TA
710,No,,No,0,0,No,No
711,Detchd,1964,RFn,1,384,TA,TA
712,Attchd,1988,Fin,2,472,TA,TA
713,Detchd,1970,Unf,2,576,TA,TA
714,Attchd,1976,RFn,2,475,TA,TA
715,Attchd,1974,RFn,2,478,TA,TA
716,Detchd,1996,Unf,2,704,TA,TA
717,Attchd,1973,Unf,2,439,TA,TA
718,Attchd,1993,RFn,3,983,TA,TA
719,Attchd,1969,Unf,1,300,TA,TA
720,Attchd,1985,RFn,2,564,TA,TA
721,Attchd,2004,RFn,2,420,TA,TA
722,Detchd,1994,Unf,2,463,TA,TA
723,Detchd,1958,Unf,1,548,TA,TA
724,Attchd,2007,Fin,3,768,TA,TA
725,Detchd,1989,Unf,2,660,TA,TA
726,Attchd,1988,Fin,2,540,TA,TA
727,Attchd,2007,RFn,2,632,TA,TA
728,Detchd,1968,Unf,3,888,TA,TA
729,Detchd,1962,Unf,2,539,TA,TA
730,Attchd,1995,RFn,2,608,TA,TA
731,Attchd,2003,Fin,2,438,TA,TA
732,Attchd,1998,Fin,2,541,TA,TA
733,Attchd,1961,RFn,1,264,TA,TA
734,Attchd,1968,Unf,1,300,TA,TA
735,Detchd,1914,Unf,2,320,TA,TA
736,Detchd,1949,Unf,2,400,TA,TA
737,Attchd,2005,Fin,3,800,TA,TA
738,No,,No,0,0,No,No
739,Attchd,2004,RFn,2,572,TA,TA
740,Detchd,1910,Unf,2,360,TA,Gd
741,Detchd,1962,Unf,1,288,TA,TA
742,Attchd,2000,Unf,2,539,TA,TA
743,Attchd,1997,RFn,2,480,TA,TA
744,Attchd,1993,RFn,2,462,TA,TA
745,BuiltIn,1994,Fin,2,831,TA,TA
746,BuiltIn,2000,Fin,2,554,TA,TA
747,Detchd,1950,Unf,4,864,TA,TA
748,Attchd,1996,Fin,2,527,TA,TA
749,Detchd,1945,Unf,1,240,TA,TA
750,No,,No,0,0,No,No
751,Attchd,2003,Fin,2,400,TA,TA
752,Attchd,1997,RFn,2,576,TA,TA
753,Attchd,2005,RFn,3,878,TA,TA
754,Detchd,1969,RFn,2,440,TA,TA
755,Detchd,1999,Unf,2,440,TA,TA
756,Attchd,2007,RFn,2,578,TA,TA
757,Attchd,1978,Fin,2,440,TA,TA
758,Detchd,1999,Unf,2,440,TA,TA
759,Attchd,1995,RFn,3,752,TA,TA
760,Detchd,2008,Unf,1,300,Ex,Ex
761,Detchd,1965,Unf,2,440,TA,TA
762,Attchd,2009,Unf,2,614,TA,TA
763,Attchd,1999,RFn,3,856,TA,TA
764,Attchd,1995,Fin,2,481,TA,TA
765,Attchd,2008,Fin,2,592,TA,TA
766,Attchd,1988,Unf,2,496,TA,TA
767,Attchd,1989,Unf,1,423,TA,TA
768,Attchd,2004,Fin,2,484,TA,TA
769,BuiltIn,2003,Fin,3,841,TA,TA
770,Detchd,1983,Unf,2,576,TA,TA
771,Detchd,1951,Unf,2,396,TA,TA
772,Detchd,1976,Unf,2,672,TA,TA
773,Attchd,1958,RFn,1,275,TA,TA
774,Attchd,2006,Fin,3,895,TA,TA
775,Attchd,1998,Fin,2,412,TA,TA
776,Attchd,2005,RFn,3,865,TA,TA
777,Attchd,1974,Unf,2,440,TA,TA
778,Detchd,1977,Unf,2,630,TA,TA
779,Attchd,1977,Unf,2,504,TA,TA
780,Attchd,1995,Fin,2,402,TA,TA
781,Attchd,1992,RFn,2,484,TA,TA
782,Attchd,2001,RFn,2,605,TA,TA
783,Attchd,1978,Fin,2,602,TA,TA
784,No,,No,0,0,No,No
785,Attchd,1967,Unf,2,457,TA,TA
786,Detchd,1961,Unf,1,416,TA,TA
787,BuiltIn,2004,RFn,2,618,TA,TA
788,Detchd,1954,Unf,1,281,Fa,TA
789,Attchd,1966,Fin,2,444,TA,TA
790,Attchd,2005,Fin,2,397,TA,TA
791,Attchd,1976,RFn,2,539,TA,TA
792,Attchd,1997,Unf,2,455,TA,TA
793,Attchd,2007,Fin,2,474,TA,TA
794,Attchd,1994,Fin,2,409,TA,TA
795,Attchd,1980,Unf,2,476,TA,TA
796,Attchd,1977,RFn,2,528,TA,TA
797,Attchd,1953,Unf,1,240,TA,TA
798,BuiltIn,2009,Fin,3,820,TA,TA
799,Detchd,1939,Unf,1,240,TA,TA
800,Attchd,1997,RFn,2,603,TA,TA
801,Detchd,1957,Unf,2,440,TA,TA
802,Attchd,2005,Fin,2,410,TA,TA
803,BuiltIn,2009,RFn,3,1020,TA,TA
804,Attchd,1954,Unf,1,286,TA,TA
805,Attchd,2008,RFn,2,554,TA,TA
806,Attchd,1967,Fin,1,384,TA,TA
807,Attchd,1923,RFn,2,528,TA,TA
808,Attchd,1966,RFn,2,484,TA,TA
809,Detchd,1910,Unf,2,360,Fa,Po
810,Attchd,1974,RFn,2,484,TA,TA
811,Attchd,2004,Fin,2,420,TA,TA
812,Basment,1952,Unf,2,504,TA,TA
813,Attchd,1958,RFn,1,301,TA,TA
814,Detchd,1955,Unf,1,280,TA,TA
815,Attchd,1998,RFn,2,598,TA,TA
816,Attchd,1954,RFn,1,275,TA,TA
817,Attchd,2002,RFn,3,857,TA,TA
818,Attchd,1971,Unf,2,440,TA,TA
819,Attchd,2010,RFn,2,484,TA,TA
820,Attchd,2003,RFn,2,595,TA,TA
821,Detchd,1974,Unf,2,576,TA,TA
822,BuiltIn,2003,Fin,2,433,TA,TA
823,Detchd,1940,Unf,1,240,TA,TA
824,Attchd,2006,RFn,2,776,TA,TA
825,Attchd,2007,Fin,3,1220,TA,TA
826,No,,No,0,0,No,No
827,Attchd,2001,RFn,2,527,TA,TA
828,Attchd,1967,Fin,2,538,TA,TA
829,Detchd,2005,RFn,2,480,TA,TA
830,Attchd,1957,RFn,2,458,TA,TA
831,Detchd,2005,RFn,2,480,TA,TA
832,Attchd,2003,RFn,2,613,TA,TA
833,Attchd,1964,RFn,2,472,TA,TA
834,Attchd,1961,Unf,2,456,TA,TA
835,Attchd,1996,Unf,2,436,TA,TA
836,Detchd,1948,Unf,2,812,TA,TA
837,Detchd,1973,Unf,1,264,TA,TA
838,Attchd,1999,Unf,1,352,TA,TA
839,Detchd,1946,Unf,1,240,TA,TA
840,Detchd,1934,Unf,1,400,TA,TA
841,Detchd,1983,Unf,2,686,Gd,TA
842,Attchd,1966,RFn,2,490,Gd,Gd
843,No,,No,0,0,No,No
844,Detchd,1949,Unf,3,720,TA,TA
845,Basment,1975,Fin,2,611,TA,TA
846,Attchd,1993,Unf,2,425,TA,TA
847,Attchd,1972,Unf,1,338,TA,TA
848,Detchd,1908,Unf,2,360,Fa,TA
849,Attchd,1976,RFn,2,512,TA,TA
850,Attchd,2003,Fin,2,420,TA,TA
851,Attchd,2003,Fin,2,400,TA,TA
852,Detchd,1941,Unf,1,240,TA,TA
853,Attchd,1964,RFn,2,645,TA,TA
854,Attchd,1955,Unf,2,454,TA,TA
855,Detchd,1962,Unf,1,260,TA,TA
856,Detchd,1981,Unf,2,576,TA,Fa
857,Attchd,1994,Fin,2,343,TA,TA
858,Attchd,1976,RFn,2,479,TA,TA
859,Attchd,1968,Unf,2,619,TA,TA
860,Detchd,1925,Unf,1,216,TA,TA
861,Attchd,1965,Unf,2,504,TA,TA
862,Attchd,1986,Unf,2,480,TA,TA
863,Attchd,1959,Unf,1,672,TA,TA
864,Attchd,2008,Fin,2,529,TA,TA
865,Detchd,1973,Unf,2,902,TA,TA
866,Attchd,2007,RFn,3,870,TA,TA
867,Attchd,1961,RFn,2,544,TA,TA
868,Attchd,1979,Unf,2,672,TA,TA
869,Attchd,1993,Fin,2,574,TA,TA
870,Detchd,1962,Unf,1,308,TA,TA
871,Attchd,1998,RFn,2,523,TA,TA
872,Attchd,1953,Unf,2,414,TA,TA
873,Attchd,1949,Unf,1,288,TA,TA
874,Detchd,1941,Unf,1,200,TA,TA
875,BuiltIn,2007,Fin,2,550,TA,TA
876,Attchd,1963,Unf,2,648,TA,TA
877,Attchd,2004,Fin,3,738,TA,TA
878,Detchd,1987,Unf,2,576,TA,TA
879,Attchd,1978,Unf,1,336,TA,TA
880,Attchd,2005,Fin,2,450,TA,TA
881,Attchd,1990,RFn,2,400,TA,TA
882,BuiltIn,1993,RFn,2,389,TA,TA
883,Detchd,1997,Unf,1,440,TA,Gd
884,Attchd,1967,RFn,1,288,TA,TA
885,Attchd,1999,Fin,2,506,TA,TA
886,Attchd,2005,Fin,2,588,TA,TA
887,Attchd,1955,Unf,1,300,TA,TA
888,Attchd,1970,Unf,2,621,TA,TA
889,Attchd,1953,RFn,2,505,TA,TA
890,Detchd,2003,Unf,2,576,TA,TA
891,Attchd,1978,RFn,2,440,TA,TA
892,Attchd,1963,RFn,1,264,TA,TA
893,Attchd,1954,Unf,1,354,TA,TA
894,Attchd,1979,Unf,2,400,TA,TA
895,Attchd,1963,RFn,2,483,TA,TA
896,Detchd,1936,Unf,1,327,TA,TA
897,Detchd,1979,Unf,2,528,TA,TA
898,Attchd,2009,Fin,3,820,TA,TA
899,Attchd,1961,Unf,1,288,TA,TA
900,Detchd,1979,Unf,1,684,TA,TA
901,Detchd,1968,Unf,1,756,TA,TA
902,Attchd,2003,Fin,2,393,TA,TA
903,Attchd,2006,RFn,3,690,TA,TA
904,Attchd,1967,Unf,1,288,TA,TA
905,Attchd,1954,RFn,1,280,TA,TA
906,Attchd,2006,RFn,3,865,TA,TA
907,Attchd,1936,Fin,1,180,Fa,TA
908,Attchd,1983,Unf,2,484,TA,TA
909,Attchd,2005,Fin,2,390,TA,TA
910,Detchd,1960,Unf,2,480,TA,TA
911,Detchd,1978,Unf,1,252,TA,TA
912,Detchd,1925,Unf,1,450,TA,TA
913,2Types,1949,Unf,3,871,TA,TA
914,Detchd,2009,RFn,2,528,TA,TA
915,Attchd,1970,Unf,1,286,TA,TA
916,Detchd,1958,Unf,1,308,TA,TA
917,Attchd,1956,RFn,1,284,TA,TA
918,Attchd,1991,RFn,3,833,TA,TA
919,Attchd,1990,Unf,2,601,TA,TA
920,Attchd,1994,RFn,2,471,TA,TA
921,No,,No,0,0,No,No
922,Attchd,2005,Fin,2,397,TA,TA
923,Attchd,1993,RFn,2,533,TA,TA
924,Attchd,1980,Unf,2,612,TA,TA
925,Attchd,1977,RFn,2,540,TA,TA
926,BuiltIn,2003,Fin,3,656,TA,TA
927,Attchd,1968,RFn,2,486,TA,TA
928,Attchd,2001,RFn,2,522,TA,TA
929,BuiltIn,1997,Fin,2,642,TA,TA
930,Attchd,2007,Fin,3,610,TA,TA
931,Detchd,1965,Unf,1,429,TA,TA
932,Attchd,2006,Fin,3,788,TA,TA
933,Attchd,2004,RFn,2,570,TA,TA
934,Attchd,1960,RFn,2,505,TA,TA
935,Detchd,1953,Unf,2,528,TA,TA
936,Attchd,2003,RFn,2,555,TA,TA
937,Attchd,2005,RFn,2,689,TA,TA
938,Attchd,2006,RFn,3,868,TA,TA
939,Attchd,1940,Unf,1,349,TA,TA
940,Attchd,1976,Unf,2,574,TA,TA
941,BuiltIn,1999,RFn,2,390,TA,TA
942,No,,No,0,0,No,No
943,Attchd,1967,Unf,2,576,TA,TA
944,Basment,1958,RFn,2,525,TA,TA
945,Detchd,1963,Unf,2,456,TA,TA
946,Attchd,1959,RFn,1,796,TA,TA
947,Attchd,2002,Fin,3,808,TA,TA
948,Attchd,2002,RFn,2,474,TA,TA
949,Attchd,1972,RFn,2,676,TA,TA
950,Detchd,1980,RFn,2,720,TA,TA
951,Detchd,1979,Unf,1,300,TA,TA
952,Detchd,1974,Fin,1,396,TA,TA
953,Attchd,1969,RFn,2,530,TA,TA
954,No,,No,0,0,No,No
955,Attchd,1946,Unf,2,492,TA,TA
956,Attchd,1980,Fin,2,462,TA,TA
957,Detchd,1977,Fin,2,576,TA,TA
958,Attchd,2003,RFn,2,531,TA,TA
959,Detchd,1999,Unf,2,484,TA,TA
960,No,,No,0,0,No,No
961,Attchd,1977,Fin,2,619,TA,TA
962,Detchd,1976,Unf,2,440,TA,TA
963,Attchd,2007,Fin,2,702,TA,TA
964,BuiltIn,2002,Fin,2,510,TA,TA
965,Attchd,2005,Fin,2,393,TA,TA
966,Detchd,1940,Unf,1,256,TA,TA
967,Attchd,1955,Unf,1,260,TA,TA
968,No,,No,0,0,No,No
969,Attchd,1958,RFn,1,264,TA,TA
970,No,,No,0,0,No,No
971,BuiltIn,2003,RFn,2,474,TA,TA
972,Attchd,1979,Unf,1,264,TA,TA
973,Attchd,2007,Fin,2,480,TA,TA
974,Detchd,1997,Unf,2,532,TA,TA
975,Detchd,2000,Unf,2,490,TA,TA
976,No,,No,0,0,No,No
977,Attchd,2007,Fin,2,569,TA,TA
978,Detchd,1999,Unf,2,400,TA,TA
979,Detchd,1963,Unf,2,480,TA,TA
980,Attchd,1961,RFn,2,588,TA,TA
981,Attchd,1998,Fin,3,676,TA,TA
982,Attchd,2007,Fin,2,388,TA,TA
983,Attchd,2002,Unf,2,779,TA,TA
984,Attchd,1977,Unf,2,539,TA,TA
985,Detchd,1950,Unf,1,240,TA,TA
986,Attchd,1950,Unf,1,255,Fa,TA
987,Attchd,2010,Fin,3,606,TA,TA
988,Attchd,1976,Fin,2,551,TA,TA
989,Attchd,2006,RFn,2,614,TA,TA
990,Attchd,1997,Fin,3,870,TA,TA
991,Attchd,1925,Unf,2,424,TA,TA
992,Attchd,1964,RFn,2,440,TA,TA
993,Attchd,2005,RFn,2,564,TA,TA
994,Attchd,2008,Fin,3,786,TA,TA
995,Detchd,1946,Unf,1,305,TA,TA
996,Attchd,1961,Unf,1,368,TA,TA
997,Attchd,1970,RFn,2,615,TA,TA
998,Detchd,1922,Unf,1,210,TA,Fa
999,Attchd,2006,RFn,2,632,TA,TA
1000,Detchd,1956,Unf,2,528,TA,Fa
1001,Detchd,1920,Unf,1,216,Fa,TA
1002,Attchd,2006,RFn,3,824,TA,TA
1003,Detchd,1976,Unf,2,528,TA,TA
1004,Attchd,2005,Fin,2,457,TA,TA
1005,Attchd,1977,Unf,1,328,TA,TA
1006,Attchd,1970,Unf,2,484,TA,TA
1007,Attchd,1970,RFn,1,286,TA,TA
1008,Attchd,2004,Fin,2,550,TA,TA
1009,No,,No,0,0,No,No
1010,Attchd,1948,Unf,1,312,TA,TA
1011,No,,No,0,0,No,No
1012,Detchd,1923,Unf,1,180,TA,TA
1013,Detchd,1956,Unf,1,280,TA,TA
1014,Detchd,1948,Unf,1,240,TA,TA
1015,Attchd,2001,Fin,2,528,TA,TA
1016,Attchd,1996,Fin,2,478,TA,TA
1017,Attchd,1984,RFn,2,565,TA,TA
1018,Attchd,1991,RFn,2,402,TA,TA
1019,Attchd,2005,Fin,2,440,TA,TA
1020,Attchd,2005,Fin,2,451,TA,TA
1021,Attchd,2006,RFn,2,632,TA,TA
1022,Detchd,1957,Unf,1,160,Fa,Fa
1023,Attchd,2005,Fin,2,437,TA,TA
1024,Attchd,1976,Fin,2,665,TA,TA
1025,Detchd,1980,Unf,2,461,TA,TA
1026,Attchd,1960,Unf,2,461,TA,TA
1027,Attchd,2008,RFn,3,800,TA,TA
1028,Attchd,1941,Unf,1,240,TA,TA
1029,Detchd,1972,Unf,1,264,TA,TA
1030,No,,No,0,0,No,No
1031,Basment,1970,Fin,2,672,TA,TA
1032,Attchd,1993,RFn,3,796,TA,TA
1033,Attchd,2002,Unf,3,900,TA,TA
1034,Basment,1938,Unf,1,240,Fa,TA
1035,Detchd,1957,Unf,1,290,TA,TA
1036,Attchd,2008,Fin,3,912,TA,TA
1037,BuiltIn,2001,Fin,2,905,TA,TA
1038,No,,No,0,0,No,No
1039,Attchd,1970,Unf,1,286,TA,TA
1040,Attchd,1957,RFn,2,484,TA,TA
1041,Attchd,1966,Unf,2,484,TA,TA
1042,Attchd,2005,RFn,2,624,TA,TA
1043,Attchd,1990,Unf,2,514,TA,TA
1044,Attchd,1981,Fin,2,542,TA,TA
1045,Attchd,1955,Unf,2,452,TA,TA
1046,BuiltIn,2005,Fin,3,716,TA,TA
1047,Detchd,1996,Unf,2,672,TA,TA
1048,Attchd,1960,Unf,2,336,TA,TA
1049,Detchd,1946,Unf,1,308,TA,TA
1050,Attchd,2007,Fin,2,436,TA,TA
1051,Attchd,2007,Fin,2,440,TA,TA
1052,Attchd,1964,RFn,2,540,TA,TA
1053,Basment,1957,Unf,1,364,TA,TA
1054,Attchd,2002,Fin,2,586,TA,TA
1055,Attchd,1976,Fin,2,478,TA,TA
1056,Attchd,2005,RFn,2,484,TA,TA
1057,BuiltIn,1994,Fin,2,467,TA,TA
1058,Attchd,2008,Fin,3,836,TA,TA
1059,Detchd,1977,Unf,2,432,TA,Fa
1060,Attchd,2001,Fin,2,582,TA,TA
1061,Detchd,1994,RFn,3,1248,TA,TA
1062,Detchd,1945,Unf,2,560,TA,TA
1063,Detchd,1976,Unf,2,440,TA,TA
1064,Attchd,1966,RFn,2,480,TA,TA
1065,Attchd,1996,RFn,2,533,TA,TA
1066,Attchd,1993,RFn,2,380,TA,TA
1067,Attchd,1964,RFn,2,442,TA,TA
1068,Attchd,1973,Fin,2,576,TA,TA
1069,Detchd,1985,Unf,2,576,TA,TA
1070,Attchd,1956,Unf,1,286,TA,TA
1071,Attchd,1968,Unf,2,441,TA,TA
1072,Detchd,1954,Unf,1,280,TA,TA
1073,Attchd,1977,Fin,2,440,TA,TA
1074,Attchd,2006,RFn,3,826,TA,TA
1075,Attchd,1940,Unf,1,240,TA,TA
1076,Attchd,1950,Unf,2,566,TA,TA
1077,Attchd,1969,Fin,1,299,TA,TA
1078,Attchd,2004,RFn,2,420,TA,TA
1079,Attchd,1996,Unf,1,299,TA,TA
1080,Attchd,1971,RFn,2,528,TA,TA
1081,Attchd,1963,Fin,1,308,TA,TA
1082,Attchd,2002,RFn,2,527,TA,TA
1083,Attchd,1964,RFn,1,461,TA,TA
1084,Attchd,1995,Fin,2,409,TA,TA
1085,Attchd,1992,Unf,2,564,TA,TA
1086,Attchd,1973,RFn,1,286,TA,TA
1087,Attchd,2005,RFn,3,1043,TA,TA
1088,Detchd,2004,Unf,2,380,TA,TA
1089,Attchd,2005,Fin,2,550,TA,TA
1090,Detchd,1987,Unf,2,400,TA,TA
1091,Detchd,1999,Unf,2,462,TA,TA
1092,Detchd,1925,Unf,2,576,TA,TA
1093,Detchd,1977,Unf,2,884,TA,TA
1094,Attchd,1956,Fin,1,308,TA,TA
1095,Attchd,2006,RFn,2,440,TA,TA
1096,No,,No,0,0,No,No
1097,Attchd,1987,RFn,2,461,TA,TA
1098,Detchd,1936,Unf,1,240,TA,TA
1099,Attchd,1978,RFn,2,478,TA,TA
1100,Detchd,1930,Unf,1,246,TA,TA
1101,Detchd,1981,Unf,1,280,TA,TA
1102,Attchd,1960,RFn,1,254,TA,TA
1103,BuiltIn,1954,Fin,2,539,TA,TA
1104,Detchd,1970,Unf,2,440,TA,TA
1105,Attchd,1994,RFn,2,712,TA,TA
1106,Attchd,1990,Fin,2,719,TA,TA
1107,BuiltIn,2006,RFn,2,422,TA,TA
1108,Attchd,2000,RFn,2,463,TA,TA
1109,Attchd,2004,Fin,3,862,TA,TA
1110,Attchd,1995,Fin,2,431,TA,TA
1111,Attchd,1976,RFn,2,483,TA,TA
1112,Detchd,1957,Unf,1,308,TA,TA
1113,Attchd,1953,Unf,1,240,TA,TA
1114,Detchd,1955,Unf,1,326,TA,TA
1115,Attchd,2007,RFn,3,928,TA,TA
1116,BuiltIn,2002,Fin,2,527,TA,TA
1117,Attchd,1967,RFn,2,450,TA,TA
1118,BuiltIn,1958,RFn,1,300,TA,TA
1119,Attchd,1959,RFn,1,286,TA,TA
1120,Detchd,1920,Unf,1,308,TA,TA
1121,Attchd,2005,RFn,3,782,TA,TA
1122,Basment,1956,Unf,1,288,TA,TA
1123,No,,No,0,0,No,No
1124,Attchd,1992,Fin,2,392,TA,TA
1125,Detchd,1977,Unf,2,672,Fa,Fa
1126,Attchd,2007,Fin,3,660,TA,TA
1127,Attchd,2004,Fin,3,630,TA,TA
1128,BuiltIn,2004,Fin,2,434,TA,TA
1129,Detchd,1980,Unf,2,672,TA,TA
1130,Detchd,1981,Unf,2,576,TA,TA
1131,No,,No,0,0,No,No
1132,Detchd,1930,Unf,1,205,Fa,TA
1133,Attchd,1995,RFn,2,466,TA,TA
1134,Attchd,1997,Fin,2,460,TA,TA
1135,Detchd,1926,Unf,1,180,TA,TA
1136,Attchd,1950,Unf,1,288,TA,TA
1137,No,,No,0,0,No,No
1138,Attchd,1977,RFn,2,714,TA,TA
1139,Detchd,1972,Unf,2,495,TA,TA
1140,Detchd,1988,Unf,2,840,TA,TA
1141,Attchd,1976,Unf,2,484,TA,TA
1142,BuiltIn,2006,RFn,3,1052,TA,TA
1143,No,,No,0,0,No,No
1144,Detchd,1941,Unf,1,280,TA,TA
1145,Detchd,1928,Unf,1,225,TA,TA
1146,Attchd,1985,Unf,2,403,TA,TA
1147,Attchd,1941,Unf,1,234,TA,TA
1148,Detchd,1982,Unf,1,288,TA,TA
1149,Detchd,1930,Unf,2,324,TA,TA
1150,Attchd,1950,Unf,1,306,TA,TA
1151,Attchd,1959,Fin,2,528,TA,TA
1152,Attchd,1956,Fin,2,470,TA,TA
1153,Detchd,2002,Unf,1,432,TA,TA
1154,Attchd,1965,Unf,2,492,TA,TA
1155,Attchd,1976,RFn,2,528,TA,TA
1156,Attchd,1965,RFn,2,502,TA,TA
1157,Attchd,2008,RFn,2,626,TA,TA
1158,Attchd,2008,RFn,3,830,TA,TA
1159,Attchd,1974,RFn,2,540,Gd,TA
1160,Attchd,1978,Unf,2,440,TA,TA
1161,Detchd,1993,Unf,2,924,TA,TA
1162,Attchd,1968,Fin,2,450,TA,TA
1163,CarPort,1969,Unf,2,400,Fa,TA
1164,Attchd,1978,Unf,2,588,TA,TA
1165,Attchd,2009,RFn,2,644,TA,TA
1166,Attchd,2008,RFn,3,776,TA,TA
1167,Attchd,2000,Fin,2,472,TA,TA
1168,Basment,1935,Unf,2,540,TA,TA
1169,Attchd,1995,Fin,3,807,TA,TA
1170,Attchd,1977,Fin,1,358,TA,TA
1171,Attchd,1958,RFn,2,433,TA,TA
1172,Detchd,2006,Fin,2,625,TA,TA
1173,No,,No,0,0,No,No
1174,Detchd,1932,Unf,2,360,TA,TA
1175,Attchd,1992,Fin,2,541,TA,TA
1176,Attchd,1984,Unf,1,264,TA,TA
1177,Detchd,1926,Unf,1,210,TA,TA
1178,Detchd,1921,Unf,1,186,Fa,TA
1179,No,,No,0,0,No,No
1180,Attchd,1990,Fin,2,693,TA,TA
1181,Attchd,2008,Fin,2,482,TA,TA
1182,Attchd,1996,Fin,3,813,TA,TA
1183,Detchd,1970,Unf,2,720,TA,TA
1184,2Types,1963,RFn,3,995,TA,TA
1185,Attchd,1965,Unf,1,392,TA,TA
1186,CarPort,1920,Unf,2,420,Fa,Fa
1187,Attchd,1994,RFn,3,757,TA,TA
1188,Attchd,2002,RFn,2,493,TA,TA
1189,Attchd,1999,Fin,2,442,TA,TA
1190,2Types,1975,Fin,4,1356,TA,TA
1191,Detchd,1999,Unf,2,492,TA,TA
1192,Detchd,1925,Unf,1,250,TA,Fa
1193,Attchd,1999,Fin,2,402,TA,TA
1194,Attchd,1969,Fin,1,299,TA,TA
1195,Attchd,2005,Fin,2,400,TA,TA
1196,BuiltIn,2006,Fin,3,660,TA,TA
1197,Detchd,1916,Unf,1,225,TA,TA
1198,Attchd,2001,RFn,2,573,TA,TA
1199,Attchd,1974,Unf,2,459,TA,TA
1200,Attchd,1972,Unf,1,280,TA,TA
1201,Attchd,1998,RFn,2,546,TA,TA
1202,Detchd,1960,Unf,1,216,TA,TA
1203,Attchd,2000,Unf,2,451,TA,TA
1204,Attchd,1975,RFn,2,495,TA,TA
1205,Attchd,1990,RFn,3,701,TA,TA
1206,Detchd,1966,Unf,1,384,TA,TA
1207,Attchd,2003,RFn,2,544,TA,TA
1208,Detchd,1980,Unf,2,506,TA,TA
1209,Attchd,2006,RFn,2,500,TA,TA
1210,Attchd,1992,RFn,2,462,TA,TA
1211,Basment,1988,RFn,2,492,TA,TA
1212,Attchd,1941,Unf,1,234,TA,TA
1213,Attchd,1965,Unf,1,364,TA,TA
1214,Attchd,1962,Unf,1,300,TA,TA
1215,Detchd,1966,RFn,1,384,TA,TA
1216,Attchd,1978,Unf,2,539,TA,TA
1217,Attchd,2009,RFn,2,552,TA,TA
1218,No,,No,0,0,No,No
1219,No,,No,0,0,No,No
1220,Attchd,1964,Unf,1,288,TA,TA
1221,Attchd,1968,Unf,1,322,TA,TA
1222,Attchd,1949,Unf,1,315,TA,TA
1223,Detchd,1951,Unf,2,528,TA,TA
1224,Attchd,2004,Fin,2,388,TA,TA
1225,Attchd,1958,RFn,1,264,TA,TA
1226,BuiltIn,2007,Fin,3,668,TA,TA
1227,Detchd,1992,Unf,2,576,TA,TA
1228,Attchd,2008,Fin,3,1052,TA,TA
1229,Basment,1960,Unf,1,404,TA,TA
1230,BuiltIn,1977,RFn,2,600,TA,TA
1231,Attchd,1962,Unf,2,540,TA,TA
1232,CarPort,1962,Unf,2,462,TA,TA
1233,Attchd,1959,RFn,2,531,TA,TA
1234,No,,No,0,0,No,No
1235,Detchd,1914,Unf,1,180,Fa,Fa
1236,BuiltIn,2003,RFn,2,474,TA,TA
1237,BuiltIn,2004,Fin,2,434,TA,TA
1238,Detchd,2005,Unf,2,484,TA,TA
1239,Attchd,2006,RFn,2,472,TA,TA
1240,Attchd,2003,RFn,2,543,TA,TA
1241,Attchd,2007,RFn,3,954,TA,TA
1242,Attchd,1974,RFn,2,528,TA,TA
1243,Attchd,2006,Fin,3,850,TA,TA
1244,Detchd,1931,Unf,2,400,TA,TA
1245,BuiltIn,1984,Fin,2,477,TA,TA
1246,Attchd,2005,RFn,2,615,TA,TA
1247,Attchd,1976,Unf,3,888,TA,TA
1248,Detchd,1950,Unf,2,396,Fa,Fa
1249,Attchd,1950,Unf,1,276,TA,TA
1250,Attchd,1968,Fin,2,522,TA,TA
1251,Attchd,2003,RFn,2,478,TA,TA
1252,Attchd,1968,RFn,1,288,TA,TA
1253,Attchd,1974,RFn,2,518,TA,TA
1254,BuiltIn,2003,Fin,2,397,TA,TA
1255,Detchd,1978,Unf,1,560,TA,TA
1256,Attchd,1994,Fin,2,691,TA,TA