PropertyID,CentralAir,BsmtFullBath,1stFlrSF,2ndFlrSF,LowQualFinSF,GrLivArea,FullBath,HalfBath,BsmtHalfBath,KitchenAbvGr,KitchenQual,TotRmsAbvGrd,Functional,Fireplaces,FireplaceQu,Electrical,Heating,HeatingQC
0,Y,1,856,854,0,1710,2,1,0,1,Gd,8,Typ,0,No,SBrkr,GasA,Ex
1,Y,0,1262,0,0,1262,2,0,1,1,TA,6,Typ,1,TA,SBrkr,GasA,Ex
2,Y,1,920,866,0,1786,2,1,0,1,Gd,6,Typ,1,TA,SBrkr,GasA,Ex
3,Y,1,961,756,0,1717,1,0,0,1,Gd,7,Typ,1,Gd,SBrkr,GasA,Gd
4,Y,1,1145,1053,0,2198,2,1,0,1,Gd,9,Typ,1,TA,SBrkr,GasA,Ex
5,Y,1,796,566,0,1362,1,1,0,1,TA,5,Typ,0,No,SBrkr,GasA,Ex
6,Y,1,1694,0,0,1694,2,0,0,1,Gd,7,Typ,1,Gd,SBrkr,GasA,Ex
7,Y,1,1107,983,0,2090,2,1,0,1,TA,7,Typ,2,TA,SBrkr,GasA,Ex
8,Y,0,1022,752,0,1774,2,0,0,2,TA,8,Min1,2,TA,FuseF,GasA,Gd
9,Y,1,1077,0,0,1077,1,0,0,2,TA,5,Typ,2,TA,SBrkr,GasA,Ex
10,Y,1,1040,0,0,1040,1,0,0,1,TA,5,Typ,0,No,SBrkr,GasA,Ex
11,Y,1,1182,1142,0,2324,3,0,0,1,Ex,11,Typ,2,Gd,SBrkr,GasA,Ex
12,Y,1,912,0,0,912,1,0,0,1,TA,4,Typ,0,No,SBrkr,GasA,TA
13,Y,0,1494,0,0,1494,2,0,0,1,Gd,7,Typ,1,Gd,SBrkr,GasA,Ex
14,Y,1,1253,0,0,1253,1,1,0,1,TA,5,Typ,1,Fa,SBrkr,GasA,TA
15,Y,0,854,0,0,854,1,0,0,1,TA,5,Typ,0,No,FuseA,GasA,Ex
16,Y,1,1004,0,0,1004,1,0,0,1,TA,5,Typ,1,TA,SBrkr,GasA,Ex
17,Y,0,1296,0,0,1296,2,0,0,2,TA,6,Typ,0,No,SBrkr,GasA,TA
18,Y,1,1114,0,0,1114,1,1,0,1,Gd,6,Typ,0,No,SBrkr,GasA,Ex
19,Y,0,1339,0,0,1339,1,0,0,1,TA,6,Min1,0,No,SBrkr,GasA,TA
20,Y,0,1158,1218,0,2376,3,1,0,1,Gd,9,Typ,1,Gd,SBrkr,GasA,Ex
21,Y,0,1108,0,0,1108,1,0,0,1,Gd,6,Typ,1,Gd,FuseF,GasA,Ex
22,Y,0,1795,0,0,1795,2,0,0,1,Gd,7,Typ,1,Gd,SBrkr,GasA,Ex
23,Y,1,1060,0,0,1060,1,0,0,1,TA,6,Typ,1,TA,SBrkr,GasA,TA
24,Y,1,1060,0,0,1060,1,0,0,1,Gd,6,Typ,1,TA,SBrkr,GasA,Ex
25,Y,0,1600,0,0,1600,2,0,0,1,Gd,7,Typ,1,Gd,SBrkr,GasA,Ex
26,Y,0,900,0,0,900,1,0,1,1,Gd,5,Typ,0,No,SBrkr,GasA,TA
27,Y,1,1704,0,0,1704,2,0,0,1,Gd,7,Typ,1,Gd,SBrkr,GasA,Ex
28,Y,1,1600,0,0,1600,1,0,0,1,TA,6,Typ,2,Gd,SBrkr,GasA,TA
29,N,0,520,0,0,520,1,0,0,1,Fa,4,Typ,0,No,SBrkr,GasA,Fa
30,N,0,649,668,0,1317,1,0,0,1,TA,6,Typ,0,No,SBrkr,GasA,TA
31,Y,0,1228,0,0,1228,1,1,0,1,Gd,6,Typ,0,No,SBrkr,GasA,Gd
32,Y,0,1234,0,0,1234,2,0,0,1,Gd,7,Typ,0,No,SBrkr,GasA,Ex
33,Y,0,1700,0,0,1700,1,1,1,1,Gd,6,Typ,1,Gd,SBrkr,GasA,Gd
34,Y,1,1561,0,0,1561,2,0,0,1,Ex,6,Typ,1,Gd,SBrkr,GasA,Ex
35,Y,0,1132,1320,0,2452,3,1,0,1,Gd,9,Typ,1,Gd,SBrkr,GasA,Ex
36,Y,0,1097,0,0,1097,1,1,0,1,TA,6,Typ,0,No,SBrkr,GasA,Ex
37,Y,0,1297,0,0,1297,1,0,1,1,TA,5,Typ,1,TA,SBrkr,GasA,Gd
38,Y,1,1057,0,0,1057,1,0,0,1,Gd,5,Typ,0,No,SBrkr,GasA,TA
39,N,0,1152,0,0,1152,2,0,0,2,Fa,6,Typ,0,No,FuseP,GasA,TA
40,Y,0,1324,0,0,1324,2,0,0,1,TA,6,Typ,1,TA,SBrkr,GasA,Ex
41,Y,0,1328,0,0,1328,1,1,1,1,TA,5,Typ,2,Gd,SBrkr,GasA,Gd
42,Y,1,884,0,0,884,1,0,0,1,Gd,5,Typ,0,No,SBrkr,GasA,Gd
43,Y,1,938,0,0,938,1,0,0,1,TA,5,Typ,0,No,SBrkr,GasA,TA
44,Y,1,1150,0,0,1150,1,0,0,1,TA,6,Typ,0,No,FuseA,GasA,Ex
45,Y,1,1752,0,0,1752,2,0,0,1,Ex,6,Typ,1,Gd,SBrkr,GasA,Ex
46,Y,1,1518,631,0,2149,1,1,0,1,Gd,6,Typ,1,Ex,SBrkr,GasA,Ex
47,Y,0,1656,0,0,1656,2,0,0,1,Gd,7,Typ,0,No,SBrkr,GasA,Ex
48,Y,0,736,716,0,1452,2,0,0,3,TA,8,Typ,0,No,SBrkr,GasA,Gd
49,Y,1,955,0,0,955,1,0,0,1,TA,6,Typ,0,No,SBrkr,GasA,Ex
50,Y,0,794,676,0,1470,2,0,1,1,TA,6,Typ,0,No,SBrkr,GasA,Gd
51,Y,0,816,0,360,1176,1,0,0,1,TA,6,Typ,1,Gd,SBrkr,GasA,TA
52,N,1,816,0,0,816,1,0,0,1,TA,5,Typ,0,No,SBrkr,GasA,TA
53,Y,2,1842,0,0,1842,0,1,0,1,Gd,5,Typ,1,Gd,SBrkr,GasA,Gd
54,Y,0,1360,0,0,1360,1,0,0,1,TA,6,Min1,1,TA,SBrkr,GasA,TA
55,Y,0,1425,0,0,1425,2,0,0,1,TA,7,Typ,1,Gd,SBrkr,GasA,Gd
56,Y,1,983,756,0,1739,2,1,0,1,Gd,7,Typ,0,No,SBrkr,GasA,Ex
57,Y,0,860,860,0,1720,2,1,0,1,Gd,7,Typ,0,No,SBrkr,GasA,Ex
58,Y,0,1426,1519,0,2945,3,1,0,1,Gd,10,Typ,1,Gd,SBrkr,GasA,Ex
59,Y,0,780,0,0,780,1,0,0,1,TA,4,Typ,0,No,SBrkr,GasA,Ex
60,Y,1,1158,0,0,1158,1,1,0,1,Gd,5,Typ,0,No,SBrkr,GasA,Ex
61,N,0,581,530,0,1111,1,0,0,1,Fa,6,Typ,0,No,SBrkr,GasA,TA
62,Y,0,1370,0,0,1370,2,0,0,1,Gd,6,Typ,1,Gd,SBrkr,GasA,Ex
63,Y,0,902,808,0,1710,2,0,0,1,TA,9,Typ,0,No,SBrkr,GasA,Gd
64,Y,1,1057,977,0,2034,2,1,0,1,Gd,8,Typ,0,No,SBrkr,GasA,Ex
65,Y,0,1143,1330,0,2473,2,1,0,1,Gd,9,Typ,1,Gd,SBrkr,GasA,Ex
66,Y,1,2207,0,0,2207,2,0,0,1,TA,7,Min1,1,Gd,SBrkr,GasA,TA
67,Y,1,1479,0,0,1479,2,0,0,1,Gd,7,Typ,0,No,SBrkr,GasA,Ex
68,Y,0,747,0,0,747,1,0,0,1,TA,4,Typ,0,No,SBrkr,GasA,TA
69,Y,0,1304,983,0,2287,2,0,0,1,TA,7,Typ,1,TA,SBrkr,GasW,TA
70,Y,1,2223,0,0,2223,2,0,0,1,TA,8,Typ,2,Gd,SBrkr,GasA,Ex
71,Y,1,845,0,0,845,1,0,0,1,TA,4,Typ,0,No,SBrkr,GasA,TA
72,Y,0,885,833,0,1718,2,1,0,1,TA,7,Typ,1,TA,SBrkr,GasA,Gd
73,Y,1,1086,0,0,1086,1,0,0,1,TA,6,Typ,0,No,SBrkr,GasA,Gd
74,N,0,840,765,0,1605,2,0,0,2,TA,8,Typ,0,No,SBrkr,GasA,Gd
75,Y,1,526,462,0,988,1,0,0,1,TA,5,Typ,0,No,SBrkr,GasA,TA
76,Y,0,952,0,0,952,1,0,0,1,TA,4,Typ,0,No,FuseA,GasA,Ex
77,Y,1,1072,213,0,1285,1,0,0,1,TA,6,Min1,0,No,SBrkr,GasA,TA
78,N,0,1768,0,0,1768,2,0,0,2,TA,8,Typ,0,No,SBrkr,GasA,TA
79,Y,0,682,548,0,1230,1,1,0,1,TA,5,Typ,0,No,SBrkr,GasA,Gd
80,Y,0,1182,960,0,2142,2,1,0,1,Gd,8,Typ,1,Gd,SBrkr,GasA,TA
81,Y,1,1337,0,0,1337,2,0,0,1,TA,5,Typ,0,No,SBrkr,GasA,Ex
82,Y,0,1563,0,0,1563,2,0,0,1,Gd,6,Typ,1,Gd,SBrkr,GasA,Ex
83,Y,0,1065,0,0,1065,1,1,0,1,TA,6,Typ,0,No,SBrkr,GasA,Gd
84,Y,0,804,670,0,1474,2,1,0,1,TA,7,Typ,1,TA,SBrkr,GasA,Gd
85,Y,0,1301,1116,0,2417,2,1,0,1,Gd,9,Typ,1,TA,SBrkr,GasA,Ex
86,Y,0,684,876,0,1560,2,1,0,1,Gd,6,Typ,1,Gd,SBrkr,GasA,Ex
87,Y,0,612,612,0,1224,2,1,0,1,Gd,4,Typ,0,No,SBrkr,GasA,Ex
88,N,0,1013,0,513,1526,1,0,0,1,Fa,6,Typ,0,No,SBrkr,GasA,TA
89,Y,1,990,0,0,990,1,0,0,1,TA,5,Typ,0,No,SBrkr,GasA,Ex
90,Y,0,1040,0,0,1040,1,0,0,1,TA,4,Typ,0,No,FuseA,GasA,TA
91,Y,0,1235,0,0,1235,1,0,0,1,TA,6,Typ,0,No,SBrkr,GasA,TA
92,Y,1,964,0,0,964,1,0,0,1,TA,5,Typ,0,No,SBrkr,GasA,Ex
93,N,0,1260,1031,0,2291,2,0,1,2,TA,9,Typ,1,Gd,SBrkr,GasW,Ex
94,Y,1,905,881,0,1786,2,1,0,1,Gd,7,Typ,0,No,SBrkr,GasA,Ex
95,Y,0,680,790,0,1470,2,1,0,1,TA,6,Typ,1,TA,SBrkr,GasA,Gd
96,Y,0,1588,0,0,1588,2,0,0,1,Gd,6,Typ,0,No,SBrkr,GasA,Ex
97,Y,1,960,0,0,960,1,0,0,1,TA,6,Typ,0,No,FuseF,GasA,TA
98,N,0,835,0,0,835,1,0,0,1,TA,5,Typ,0,No,SBrkr,GasA,Fa
99,Y,1,1225,0,0,1225,1,1,0,1,TA,6,Typ,0,No,SBrkr,GasA,Fa
100,Y,1,1610,0,0,1610,2,0,0,1,Gd,6,Typ,2,TA,SBrkr,GasA,Gd
101,Y,0,977,755,0,1732,2,1,0,1,Gd,7,Typ,1,TA,SBrkr,GasA,TA
102,Y,0,1535,0,0,1535,2,0,0,2,TA,8,Typ,0,No,SBrkr,GasA,TA
103,Y,0,1226,0,0,1226,2,0,0,1,Gd,6,Typ,0,No,SBrkr,GasA,Ex
104,Y,0,1226,592,0,1818,1,1,0,1,TA,7,Typ,2,TA,FuseF,GasA,Ex
105,Y,0,1053,939,0,1992,2,1,0,1,Gd,9,Typ,1,Gd,SBrkr,GasA,Ex
106,Y,0,1047,0,0,1047,1,0,0,1,TA,6,Typ,0,No,SBrkr,GasA,Gd
107,Y,0,789,0,0,789,1,0,0,1,TA,5,Typ,0,No,SBrkr,GasA,Ex
108,N,0,997,520,0,1517,2,0,0,1,Fa,7,Typ,0,No,FuseF,GasW,TA
109,Y,0,1844,0,0,1844,2,0,0,1,TA,7,Typ,1,TA,SBrkr,GasA,Ex
110,Y,0,1216,639,0,1855,2,0,0,1,TA,7,Typ,0,No,SBrkr,GasA,Gd
111,Y,0,774,656,0,1430,2,1,0,1,TA,7,Typ,1,TA,SBrkr,GasA,Ex
112,Y,1,1282,1414,0,2696,2,1,0,1,Ex,10,Typ,1,Gd,SBrkr,GasA,Ex
113,Y,1,2259,0,0,2259,2,0,0,1,Gd,7,Typ,2,Gd,SBrkr,GasA,TA
114,Y,1,1436,884,0,2320,2,1,0,1,Gd,9,Typ,1,TA,SBrkr,GasA,Ex
115,Y,0,729,729,0,1458,2,1,0,1,TA,5,Typ,1,Fa,SBrkr,GasA,Gd
116,Y,0,1092,0,0,1092,1,0,1,1,TA,6,Typ,1,Po,SBrkr,GasA,TA
117,Y,0,1125,0,0,1125,1,1,0,1,TA,5,Typ,0,No,SBrkr,GasA,Gd
118,Y,1,1699,1523,0,3222,3,0,0,1,Gd,11,Typ,2,TA,SBrkr,GasA,Gd
119,Y,0,728,728,0,1456,2,1,0,1,Gd,8,Typ,1,Gd,SBrkr,GasA,Ex
120,Y,1,988,0,0,988,1,0,0,1,TA,4,Typ,2,TA,SBrkr,GasA,Ex
121,Y,0,772,351,0,1123,1,0,0,1,TA,4,Typ,0,No,SBrkr,GasA,Gd
122,Y,0,1080,0,0,1080,1,0,0,1,TA,5,Typ,0,No,SBrkr,GasA,Gd
123,Y,0,1199,0,0,1199,2,0,0,1,Gd,5,Typ,0,No,SBrkr,GasA,Ex
124,Y,0,1586,0,0,1586,2,0,0,1,TA,7,Typ,1,TA,SBrkr,GasA,TA
125,N,1,520,0,234,754,1,0,0,1,TA,5,Typ,0,No,SBrkr,GasA,Gd
126,Y,0,958,0,0,958,2,0,0,1,TA,5,Typ,1,TA,SBrkr,GasA,TA
127,Y,0,840,0,0,840,1,0,0,1,TA,5,Typ,1,TA,SBrkr,GasA,Ex
128,Y,0,660,688,0,1348,1,1,0,1,TA,6,Typ,1,Fa,SBrkr,GasA,TA
129,Y,0,1053,0,0,1053,1,1,1,1,Ex,6,Typ,0,No,FuseA,GasA,TA
130,Y,0,1216,941,0,2157,2,1,0,1,Gd,8,Typ,2,Gd,SBrkr,GasA,Ex
131,Y,1,1022,1032,0,2054,2,1,0,1,Gd,7,Typ,1,TA,SBrkr,GasA,Ex
132,Y,1,1327,0,0,1327,1,0,0,1,Gd,7,Typ,0,No,SBrkr,GasA,Gd
133,Y,1,1296,0,0,1296,2,0,0,1,Gd,6,Typ,0,No,SBrkr,GasA,Ex
134,Y,0,1721,0,0,1721,2,1,0,1,TA,7,Min1,1,TA,SBrkr,GasA,Gd
135,Y,0,1682,0,0,1682,2,0,0,1,TA,7,Typ,1,Gd,SBrkr,GasA,Gd
136,Y,0,1214,0,0,1214,2,0,0,1,TA,5,Typ,1,Fa,SBrkr,GasA,TA
137,Y,0,1959,0,0,1959,3,0,0,2,TA,9,Typ,0,No,SBrkr,GasA,Gd
138,Y,0,1004,848,0,1852,2,1,0,1,Gd,7,Typ,2,TA,SBrkr,GasA,Ex
139,Y,1,928,836,0,1764,2,1,0,1,Gd,7,Typ,0,No,SBrkr,GasA,Ex
140,Y,0,864,0,0,864,1,0,0,1,TA,5,Typ,1,Po,SBrkr,GasA,TA
141,Y,1,1734,0,0,1734,2,0,0,1,Gd,7,Typ,0,No,SBrkr,GasA,Ex
142,Y,0,910,475,0,1385,2,0,0,1,TA,6,Typ,0,No,SBrkr,GasA,Fa
143,Y,1,1501,0,0,1501,2,0,0,1,Gd,6,Typ,0,No,SBrkr,GasA,Ex
144,Y,1,1728,0,0,1728,2,0,0,2,TA,10,Typ,0,No,SBrkr,GasA,TA
145,Y,0,970,739,0,1709,2,0,0,1,Gd,7,Maj1,0,No,SBrkr,GasA,Ex
146,Y,1,875,0,0,875,1,0,0,1,TA,5,Typ,0,No,FuseA,GasA,TA
147,Y,0,884,1151,0,2035,2,1,0,1,Gd,8,Typ,1,Gd,SBrkr,GasA,Ex
148,Y,1,1080,0,0,1080,1,0,0,1,Gd,6,Typ,0,No,SBrkr,GasA,Ex
149,Y,0,896,448,0,1344,1,0,0,1,TA,7,Typ,0,No,FuseA,GasA,Gd
150,Y,0,969,0,0,969,1,1,0,1,TA,5,Typ,0,No,SBrkr,GasA,TA
151,Y,1,1710,0,0,1710,2,0,0,1,Gd,6,Typ,1,Gd,SBrkr,GasA,Ex
152,Y,0,1097,896,0,1993,2,1,0,1,TA,8,Typ,1,Gd,SBrkr,GasA,Gd
153,Y,1,1252,0,0,1252,1,0,0,1,TA,4,Typ,1,Gd,SBrkr,GasA,Gd
154,Y,0,1200,0,0,1200,1,0,0,1,TA,7,Typ,0,No,FuseA,GasA,TA
155,N,0,572,524,0,1096,1,0,0,1,TA,5,Typ,0,No,FuseF,Grav,Fa
156,Y,0,1040,0,0,1040,1,0,0,1,TA,5,Typ,0,No,FuseF,GasA,TA
157,Y,0,774,1194,0,1968,2,1,0,1,Ex,8,Typ,1,Gd,SBrkr,GasA,Ex
158,Y,0,991,956,0,1947,2,1,0,1,Gd,8,Typ,1,Gd,SBrkr,GasA,Ex
159,Y,1,1392,1070,0,2462,2,1,0,1,Gd,9,Typ,1,Gd,SBrkr,GasA,Ex
160,Y,0,1232,0,0,1232,2,0,0,1,TA,6,Typ,0,No,SBrkr,GasA,TA
161,Y,1,1572,1096,0,2668,2,1,0,1,Ex,10,Typ,2,Gd,SBrkr,GasA,Ex
162,Y,0,1541,0,0,1541,2,0,0,1,Gd,7,Typ,1,Gd,SBrkr,GasA,Ex
163,Y,0,882,0,0,882,1,0,0,1,TA,4,Typ,0,No,SBrkr,GasA,Ex
164,Y,0,1149,467,0,1616,2,0,0,1,Gd,5,Typ,0,No,FuseA,GasA,Gd
165,Y,1,808,547,0,1355,2,0,0,2,TA,6,Typ,0,No,SBrkr,GasA,Gd
166,Y,1,1867,0,0,1867,1,0,0,1,TA,7,Typ,3,Gd,FuseA,GasA,Ex
167,Y,1,1610,551,0,2161,1,1,0,1,Ex,8,Typ,1,Gd,SBrkr,GasA,Ex
168,Y,0,840,880,0,1720,2,1,0,1,Gd,7,Typ,1,Gd,SBrkr,GasA,Ex
169,Y,0,1707,0,0,1707,2,1,0,1,TA,6,Typ,1,TA,SBrkr,GasA,TA
170,Y,0,854,0,528,1382,1,1,0,1,TA,7,Typ,0,No,SBrkr,GasA,TA
171,Y,1,1656,0,0,1656,1,0,0,1,TA,7,Typ,2,Gd,SBrkr,GasA,Fa
172,Y,1,1064,703,0,1767,2,0,0,1,Gd,5,Typ,1,TA,SBrkr,GasA,Gd
173,Y,1,1362,0,0,1362,1,1,0,1,TA,6,Typ,1,TA,SBrkr,GasA,TA
174,Y,1,1651,0,0,1651,2,0,0,1,TA,7,Min2,1,TA,SBrkr,GasA,TA
175,Y,1,2158,0,0,2158,2,0,0,1,Gd,7,Typ,1,Gd,SBrkr,GasA,TA
176,Y,0,1164,896,0,2060,2,1,1,1,TA,8,Typ,1,TA,SBrkr,GasA,TA
177,Y,1,1252,668,0,1920,2,0,0,1,Gd,8,Typ,1,Gd,SBrkr,GasA,Ex
178,Y,1,2234,0,0,2234,2,0,0,1,Ex,9,Typ,1,Gd,SBrkr,GasA,Ex
179,Y,0,968,0,0,968,1,0,0,1,TA,5,Typ,0,No,SBrkr,GasA,TA
180,Y,0,769,756,0,1525,2,1,0,1,Gd,5,Typ,1,TA,SBrkr,GasA,Ex
181,Y,0,901,901,0,1802,1,1,0,1,TA,9,Typ,1,Gd,SBrkr,GasA,Gd
182,Y,0,1340,0,0,1340,1,0,0,1,TA,7,Typ,1,Gd,SBrkr,GasA,Ex
183,Y,0,1362,720,0,2082,2,1,0,1,Gd,6,Mod,0,No,SBrkr,GasA,Ex
184,Y,0,936,316,0,1252,1,0,0,1,TA,5,Typ,0,No,SBrkr,GasA,Gd
185,Y,0,1518,1518,572,3608,2,1,0,1,Ex,12,Typ,2,TA,SBrkr,GasA,Ex
186,Y,1,1217,0,0,1217,2,0,0,1,Gd,6,Typ,0,No,SBrkr,GasA,Ex
187,Y,0,808,704,144,1656,2,1,0,1,TA,8,Min2,0,No,SBrkr,GasA,Ex
188,Y,2,1224,0,0,1224,0,2,0,2,TA,6,Typ,2,TA,SBrkr,GasA,TA
189,Y,1,1593,0,0,1593,1,1,0,1,Ex,5,Typ,1,Gd,SBrkr,GasA,Ex
190,Y,0,1549,1178,0,2727,2,1,0,1,Gd,10,Maj1,2,TA,SBrkr,GasA,TA
191,Y,1,725,754,0,1479,1,1,0,1,Gd,7,Typ,0,No,SBrkr,GasA,Gd
192,Y,1,1431,0,0,1431,2,0,0,1,Gd,6,Typ,0,No,SBrkr,GasA,Ex
193,Y,0,970,739,0,1709,2,0,0,1,Gd,7,Maj1,0,No,SBrkr,GasA,Ex
194,Y,0,864,0,0,864,1,0,0,1,TA,5,Typ,0,No,SBrkr,GasA,TA
195,Y,0,855,601,0,1456,2,1,0,1,TA,7,Typ,1,TA,SBrkr,GasA,TA
196,Y,1,1726,0,0,1726,2,0,0,1,Ex,8,Typ,1,Gd,SBrkr,GasA,Ex
197,Y,1,1360,1360,392,3112,2,0,1,1,Gd,8,Typ,1,Ex,SBrkr,GasA,Gd
198,Y,0,929,929,371,2229,1,0,0,1,TA,8,Typ,0,No,SBrkr,GasA,Ex
199,Y,1,1713,0,0,1713,2,0,0,1,Ex,7,Typ,1,Gd,SBrkr,GasA,Ex
200,Y,0,1121,0,0,1121,2,0,0,1,TA,5,Typ,0,No,SBrkr,GasA,Ex
201,Y,0,1279,0,0,1279,2,0,1,1,TA,6,Typ,2,Fa,SBrkr,GasA,TA
202,Y,0,865,445,0,1310,2,0,0,1,TA,6,Min1,0,No,SBrkr,GasA,Gd
203,Y,1,848,0,0,848,1,0,0,1,Gd,3,Typ,1,Gd,SBrkr,GasA,Ex
204,Y,0,720,564,0,1284,1,1,0,1,TA,5,Typ,0,No,SBrkr,GasA,TA
205,Y,0,1442,0,0,1442,2,0,0,1,TA,5,Typ,0,No,SBrkr,GasA,Ex
206,Y,0,1696,0,0,1696,1,1,0,1,TA,8,Min2,1,TA,SBrkr,GasA,TA
207,Y,1,1100,0,0,1100,1,0,0,1,TA,6,Typ,1,Po,SBrkr,GasA,TA
208,Y,1,1180,882,0,2062,2,1,0,1,TA,7,Typ,1,Gd,SBrkr,GasA,Ex
209,Y,1,1092,0,0,1092,1,0,0,1,TA,6,Typ,0,No,SBrkr,GasA,Ex
210,N,1,864,0,0,864,1,0,0,1,TA,5,Typ,0,No,FuseA,GasA,TA
211,Y,0,1212,0,0,1212,2,0,0,1,Gd,6,Typ,0,No,SBrkr,GasA,Ex
212,Y,1,932,920,0,1852,2,1,0,1,Gd,7,Typ,1,TA,SBrkr,GasA,Ex
213,Y,0,990,0,0,990,1,0,1,1,TA,5,Typ,0,No,SBrkr,GasA,Ex
214,Y,0,689,703,0,1392,1,1,0,1,TA,6,Typ,0,No,SBrkr,GasA,Ex
215,Y,0,1236,0,0,1236,1,0,1,1,Gd,6,Min1,1,Fa,SBrkr,GasA,TA
216,Y,1,1436,0,0,1436,2,0,0,1,Gd,8,Typ,0,No,SBrkr,GasA,Ex
217,N,0,810,518,0,1328,1,0,0,1,TA,8,Typ,0,No,SBrkr,GasA,Fa
218,Y,0,1137,817,0,1954,1,1,1,1,Gd,8,Typ,2,TA,SBrkr,GasA,Ex
219,Y,0,1248,0,0,1248,2,0,0,1,Gd,5,Typ,0,No,SBrkr,GasA,Ex
220,Y,0,1498,0,0,1498,2,0,0,1,Gd,5,Typ,0,No,SBrkr,GasA,Ex
221,Y,0,1010,1257,0,2267,2,1,0,1,Gd,8,Typ,1,TA,SBrkr,GasA,Ex
222,Y,1,811,741,0,1552,2,1,0,1,TA,6,Typ,1,TA,SBrkr,GasA,TA
223,Y,0,864,0,0,864,1,0,0,1,TA,4,Typ,0,No,SBrkr,GasA,Gd
224,Y,0,2392,0,0,2392,2,0,0,1,Ex,8,Typ,1,Ex,SBrkr,GasA,Ex
225,Y,0,630,672,0,1302,2,1,0,1,TA,6,Typ,0,No,SBrkr,GasA,TA
226,Y,0,1214,1306,0,2520,2,1,0,1,Gd,9,Typ,1,TA,SBrkr,GasA,Ex
227,Y,0,483,504,0,987,1,1,0,1,TA,5,Typ,0,No,SBrkr,GasA,TA
228,Y,0,912,0,0,912,1,0,0,1,TA,5,Typ,1,Fa,SBrkr,GasA,TA
229,Y,0,1555,0,0,1555,2,0,0,1,Gd,7,Typ,1,TA,SBrkr,GasA,Ex
230,Y,1,1194,0,0,1194,1,0,0,1,TA,6,Typ,0,No,SBrkr,GasA,TA
231,Y,1,1490,1304,0,2794,2,1,0,1,Ex,9,Typ,1,TA,SBrkr,GasA,Ex
232,Y,0,483,504,0,987,1,1,0,1,TA,5,Typ,1,Po,SBrkr,GasA,TA
233,Y,1,894,0,0,894,1,0,0,1,TA,5,Typ,0,No,SBrkr,GasA,TA
234,Y,1,860,1100,0,1960,2,1,0,1,Gd,8,Typ,2,TA,SBrkr,GasA,Ex
235,Y,0,483,504,0,987,1,1,0,1,TA,5,Typ,0,No,SBrkr,GasA,TA
236,Y,0,1414,0,0,1414,2,0,0,1,Gd,6,Typ,0,No,SBrkr,GasA,Ex
237,Y,0,1014,730,0,1744,2,1,0,1,Gd,7,Typ,0,No,SBrkr,GasA,Ex
238,Y,0,1694,0,0,1694,2,0,0,1,Gd,7,Typ,0,No,SBrkr,GasA,Ex
239,Y,0,798,689,0,1487,1,1,0,1,TA,7,Typ,1,Gd,FuseA,GasA,TA
240,Y,1,1566,0,0,1566,2,0,0,1,Gd,7,Typ,0,No,SBrkr,GasA,Ex
241,Y,0,866,0,0,866,1,0,0,1,Gd,4,Typ,0,No,SBrkr,GasA,Gd
242,N,0,889,551,0,1440,1,0,0,1,TA,6,Typ,0,No,FuseA,GasA,Gd
243,Y,0,626,591,0,1217,1,1,0,1,TA,6,Typ,1,TA,SBrkr,GasA,TA
244,Y,1,1222,888,0,2110,2,1,0,1,Gd,8,Typ,2,Fa,SBrkr,GasA,Ex
245,Y,0,1872,0,0,1872,2,0,1,1,TA,6,Typ,1,TA,SBrkr,GasA,Gd
246,N,0,908,1020,0,1928,2,0,0,2,Fa,9,Typ,0,No,FuseP,GasA,Gd
247,Y,0,1375,0,0,1375,1,0,0,1,TA,5,Typ,1,TA,SBrkr,GasA,Ex
248,Y,0,840,828,0,1668,2,1,0,1,Gd,8,Typ,0,No,SBrkr,GasA,Ex
249,Y,0,1444,700,0,2144,2,0,1,1,Gd,7,Typ,2,TA,SBrkr,GasA,Gd
250,Y,0,1306,0,0,1306,1,0,0,1,Fa,6,Mod,0,No,SBrkr,GasA,Ex
251,Y,1,1625,0,0,1625,2,0,1,1,Gd,5,Typ,1,Gd,SBrkr,GasA,Ex
252,Y,0,798,842,0,1640,2,1,0,1,Gd,6,Typ,0,No,SBrkr,GasA,Ex
253,Y,0,1302,0,0,1302,2,0,1,1,Gd,7,Min1,0,No,SBrkr,GasA,Ex
254,Y,1,1314,0,0,1314,1,0,0,1,TA,5,Typ,0,No,SBrkr,GasA,TA
255,Y,0,1005,1286,0,2291,2,1,0,1,Gd,8,Typ,1,TA,SBrkr,GasA,Ex
256,Y,0,864,864,0,1728,2,1,0,1,Gd,7,Typ,0,No,SBrkr,GasA,Ex
257,Y,1,1604,0,0,1604,2,1,0,1,Gd,8,Typ,1,Gd,SBrkr,GasA,Ex
258,Y,0,963,829,0,1792,2,1,0,1,Gd,7,Typ,1,TA,SBrkr,GasA,Ex
259,Y,0,882,0,0,882,1,0,0,1,TA,4,Typ,0,No,FuseA,GasA,Gd
260,Y,1,1382,0,0,1382,1,0,0,1,TA,6,Typ,1,TA,SBrkr,GasA,TA
261,Y,0,1482,1092,0,2574,2,1,0,1,Ex,10,Typ,1,Gd,SBrkr,GasA,Ex
262,Y,1,1212,0,0,1212,1,0,0,1,TA,6,Typ,1,TA,SBrkr,GasA,TA
263,Y,1,926,0,390,1316,1,0,0,1,TA,6,Typ,0,No,SBrkr,GasA,TA
264,N,0,764,0,0,764,1,0,0,1,TA,4,Typ,0,No,FuseP,GasA,Gd
265,Y,0,1422,0,0,1422,2,0,0,1,Gd,7,Typ,1,TA,SBrkr,GasA,TA
266,Y,1,802,709,0,1511,2,1,0,1,TA,8,Typ,1,TA,SBrkr,GasA,Gd
267,Y,0,1052,720,420,2192,2,1,0,1,Gd,8,Typ,1,Gd,SBrkr,GasA,Ex
268,Y,0,778,0,0,778,1,0,0,1,TA,4,Typ,1,Gd,SBrkr,GasA,Ex
269,Y,1,1113,0,0,1113,1,1,0,1,TA,6,Typ,1,Fa,SBrkr,GasA,TA
270,Y,0,1095,844,0,1939,2,1,0,1,Gd,8,Typ,1,Gd,SBrkr,GasA,Gd
271,Y,1,1363,0,0,1363,1,0,0,1,TA,5,Mod,2,TA,SBrkr,GasA,Ex
272,Y,0,1164,1106,0,2270,2,1,0,1,Gd,9,Typ,1,Gd,SBrkr,GasA,Ex
273,Y,1,1632,0,0,1632,2,0,0,1,TA,6,Min1,1,Gd,SBrkr,GasA,Gd
274,Y,0,816,0,0,816,1,0,0,1,TA,5,Typ,0,No,SBrkr,GasA,TA
275,N,0,952,596,0,1548,2,1,0,1,Ex,5,Typ,0,No,SBrkr,GasW,Gd
276,Y,0,1560,0,0,1560,2,0,0,1,Gd,7,Typ,0,No,SBrkr,GasA,Ex
277,Y,0,864,0,0,864,1,0,0,1,TA,4,Typ,0,No,SBrkr,GasA,Ex
278,Y,0,2121,0,0,2121,2,1,0,1,Ex,8,Typ,1,Ex,SBrkr,GasA,Ex
279,Y,0,1156,866,0,2022,2,1,0,1,TA,8,Typ,1,TA,SBrkr,GasA,Ex
280,Y,0,1175,807,0,1982,2,1,0,1,Gd,7,Typ,1,TA,SBrkr,GasA,Gd
281,Y,0,1262,0,0,1262,2,0,0,1,Gd,5,Typ,0,No,SBrkr,GasA,Gd
282,Y,1,1314,0,0,1314,2,0,0,1,Gd,6,Typ,1,Gd,SBrkr,GasA,Ex
283,Y,0,1468,0,0,1468,2,0,0,1,Gd,6,Typ,1,Gd,SBrkr,GasA,Ex
284,Y,1,1575,0,0,1575,2,0,0,1,Gd,5,Typ,0,No,SBrkr,GasA,Gd
285,Y,0,625,625,0,1250,2,1,0,1,Gd,5,Typ,0,No,SBrkr,GasA,Ex
286,Y,0,1085,649,0,1734,1,1,0,1,Gd,7,Typ,1,Gd,SBrkr,GasA,TA
287,Y,0,858,0,0,858,1,0,0,1,TA,5,Typ,0,No,SBrkr,GasA,TA
288,Y,0,900,0,0,900,1,0,0,1,TA,5,Typ,0,No,SBrkr,GasA,TA
289,Y,0,698,698,0,1396,1,0,0,1,TA,7,Typ,0,No,FuseA,GasA,Ex
290,Y,0,1079,840,0,1919,2,1,0,1,Gd,8,Typ,1,Gd,SBrkr,GasA,Ex
291,N,1,936,780,0,1716,2,0,0,1,Fa,9,Typ,0,No,SBrkr,GasA,Ex
292,Y,0,1148,568,0,1716,1,1,0,1,TA,8,Min2,1,Gd,SBrkr,GasA,Gd
293,Y,1,1468,795,0,2263,2,1,0,1,Gd,9,Typ,1,TA,SBrkr,GasA,Fa
294,Y,1,1644,0,0,1644,1,0,0,1,TA,7,Typ,2,Gd,SBrkr,GasA,TA
295,Y,1,1003,0,0,1003,1,0,0,1,TA,6,Typ,0,No,SBrkr,GasA,TA
296,Y,0,910,648,0,1558,1,1,0,1,TA,6,Typ,0,No,FuseA,GasA,TA
297,Y,0,975,975,0,1950,2,1,0,1,Gd,7,Typ,1,TA,SBrkr,GasA,Ex
298,Y,0,1041,702,0,1743,1,2,1,1,TA,7,Typ,1,Gd,SBrkr,GasA,Gd
299,Y,0,1152,0,0,1152,1,0,1,1,Gd,6,Typ,1,Gd,SBrkr,GasA,Ex
300,Y,1,1336,0,0,1336,1,0,0,1,TA,5,Typ,2,Gd,SBrkr,GasA,TA
301,Y,0,1210,1242,0,2452,2,1,0,1,Gd,9,Typ,1,TA,SBrkr,GasA,Ex
302,Y,0,1541,0,0,1541,2,0,0,1,Gd,6,Typ,1,TA,SBrkr,GasA,Ex
303,Y,1,894,0,0,894,1,0,0,1,TA,5,Typ,0,No,SBrkr,GasA,TA
304,Y,0,1675,1818,0,3493,3,0,0,1,Gd,10,Typ,1,Ex,SBrkr,GasA,Ex
305,Y,1,2000,0,0,2000,2,0,0,1,Gd,8,Typ,0,No,SBrkr,GasA,Ex
306,Y,1,1122,1121,0,2243,2,1,0,1,Gd,8,Typ,1,TA,SBrkr,GasA,Gd
307,Y,0,1035,371,0,1406,1,0,0,1,Fa,6,Typ,0,No,FuseA,GasA,TA
308,Y,0,861,0,0,861,1,0,0,1,TA,4,Typ,0,No,SBrkr,GasA,Ex
309,Y,1,1944,0,0,1944,2,0,0,1,Ex,8,Typ,3,Ex,SBrkr,GasA,Ex
310,Y,0,697,804,0,1501,2,1,0,1,Gd,6,Typ,1,TA,SBrkr,GasA,Gd
311,Y,1,972,0,0,972,1,0,0,1,TA,5,Typ,1,Gd,SBrkr,GasA,Ex
312,Y,1,793,325,0,1118,1,0,0,1,TA,5,Typ,1,Gd,SBrkr,GasA,TA
313,Y,2,2036,0,0,2036,2,0,0,1,TA,8,Typ,2,Gd,SBrkr,GasW,TA
314,Y,0,832,809,0,1641,1,1,1,1,Ex,6,Typ,1,Gd,SBrkr,GasA,Ex
315,Y,1,716,716,0,1432,2,1,0,1,Gd,6,Typ,1,Gd,SBrkr,GasA,Ex
316,Y,1,1153,1200,0,2353,2,1,0,1,Ex,10,Typ,1,TA,SBrkr,GasA,TA
317,Y,0,1088,871,0,1959,2,1,0,1,Gd,8,Typ,1,Gd,SBrkr,GasA,Ex
318,Y,1,1372,1274,0,2646,2,1,0,1,Gd,9,Typ,1,TA,SBrkr,GasA,Ex
319,Y,1,1472,0,0,1472,2,0,0,1,TA,6,Typ,2,TA,SBrkr,GasA,TA
320,Y,0,1249,1347,0,2596,3,1,0,1,Gd,9,Typ,0,No,SBrkr,GasA,Ex
321,Y,1,1136,1332,0,2468,2,1,0,1,Gd,10,Typ,1,Gd,SBrkr,GasA,Ex
322,Y,1,1553,1177,0,2730,2,1,0,1,Gd,8,Typ,1,TA,SBrkr,GasA,Ex
323,Y,1,1163,0,0,1163,1,0,0,1,TA,6,Typ,0,No,SBrkr,GasA,Ex
324,Y,0,1898,1080,0,2978,2,1,0,1,Gd,11,Typ,1,Gd,SBrkr,GasA,Ex
325,N,0,803,0,0,803,1,0,0,1,TA,5,Typ,0,No,FuseF,GasA,Po
326,Y,2,1719,0,0,1719,1,1,0,1,Gd,6,Typ,2,Gd,SBrkr,GasA,Ex
327,Y,0,1383,0,0,1383,1,1,0,1,TA,7,Typ,0,No,SBrkr,GasA,TA
328,N,0,1445,689,0,2134,2,0,0,1,Gd,10,Typ,0,No,FuseA,GasA,Gd
329,N,0,596,596,0,1192,1,0,0,1,TA,6,Typ,0,No,SBrkr,GasA,TA
330,Y,0,1728,0,0,1728,2,0,1,2,TA,10,Typ,0,No,SBrkr,GasA,TA
331,Y,1,1056,0,0,1056,1,0,0,1,TA,6,Typ,0,No,SBrkr,GasA,Fa
332,Y,1,1629,0,0,1629,2,0,0,1,Gd,7,Typ,1,Gd,SBrkr,GasA,Ex
333,Y,1,1358,0,0,1358,2,0,0,1,Gd,6,Typ,1,Gd,SBrkr,GasA,Ex
334,Y,1,943,695,0,1638,2,1,0,1,TA,7,Typ,2,TA,SBrkr,GasA,Gd
335,Y,2,1619,167,0,1786,2,0,0,1,TA,7,Typ,2,Gd,SBrkr,GasA,Ex
336,Y,1,1922,0,0,1922,2,0,0,1,Gd,8,Typ,1,Gd,SBrkr,GasA,Ex
337,Y,1,1536,0,0,1536,2,0,0,1,Gd,7,Typ,0,No,SBrkr,GasA,Ex
338,Y,1,1621,0,0,1621,2,0,0,1,Gd,8,Typ,0,No,SBrkr,GasA,Ex
339,Y,0,1215,0,0,1215,1,0,0,1,TA,6,Typ,0,No,FuseA,GasA,TA
340,Y,0,993,915,0,1908,2,1,0,1,Gd,9,Typ,0,No,SBrkr,GasA,Ex
341,Y,0,841,0,0,841,1,0,0,1,TA,4,Typ,0,No,SBrkr,GasA,Gd
342,N,0,1040,0,0,1040,2,0,0,2,TA,6,Typ,0,No,FuseA,Wall,Fa
343,Y,0,1684,0,0,1684,2,0,0,1,Ex,6,Typ,1,Ex,SBrkr,GasA,Ex
344,Y,0,536,576,0,1112,1,1,0,1,TA,4,Typ,0,No,SBrkr,GasA,TA
345,Y,0,972,605,0,1577,1,0,0,1,Fa,6,Typ,1,Gd,SBrkr,GasA,Gd
346,Y,0,958,0,0,958,1,0,0,1,TA,5,Typ,0,No,SBrkr,GasA,TA
347,Y,1,1478,0,0,1478,2,0,0,1,TA,6,Typ,2,Gd,FuseA,GasA,Ex
348,Y,1,764,862,0,1626,2,1,0,1,Gd,6,Typ,0,No,SBrkr,GasA,Ex
349,Y,1,1848,880,0,2728,2,1,0,1,Ex,10,Typ,2,Ex,SBrkr,GasA,Ex
350,Y,0,1869,0,0,1869,2,0,0,1,Ex,6,Typ,1,Gd,SBrkr,GasA,Ex
351,Y,1,1453,0,0,1453,1,1,0,1,Gd,6,Typ,1,TA,SBrkr,GasA,Gd
352,N,0,616,495,0,1111,1,0,1,1,TA,5,Typ,0,No,SBrkr,GasA,TA
353,Y,0,720,0,0,720,1,0,0,1,TA,5,Typ,0,No,SBrkr,GasA,Gd
354,Y,0,1192,403,0,1595,1,0,0,1,TA,6,Typ,2,Gd,SBrkr,GasA,Ex
355,Y,1,1200,0,0,1200,2,0,0,1,Gd,6,Typ,0,No,SBrkr,GasA,Ex
356,Y,1,1167,0,0,1167,2,0,0,1,Gd,6,Typ,0,No,SBrkr,GasA,Gd
357,Y,1,1142,0,0,1142,1,1,0,1,TA,6,Typ,1,Po,SBrkr,GasA,TA
358,Y,0,1352,0,0,1352,1,0,1,1,Gd,6,Min2,0,No,FuseF,GasA,Ex
359,Y,1,1086,838,0,1924,2,1,0,1,Gd,7,Typ,1,TA,SBrkr,GasA,Ex
360,Y,1,912,0,0,912,1,0,0,1,TA,5,Typ,1,TA,SBrkr,GasA,Ex
361,Y,1,988,517,0,1505,1,0,0,1,TA,8,Typ,0,No,SBrkr,GasA,Gd
362,Y,0,495,1427,0,1922,3,0,0,1,Gd,7,Typ,1,Ex,SBrkr,GasA,Ex
363,Y,0,483,504,0,987,1,1,0,1,Gd,5,Typ,0,No,SBrkr,GasA,Gd
364,Y,1,790,784,0,1574,2,1,0,1,TA,6,Typ,1,TA,SBrkr,GasA,TA
365,Y,0,672,672,0,1344,1,0,0,1,TA,6,Typ,0,No,FuseA,GasA,Gd
366,Y,1,1394,0,0,1394,1,1,0,1,TA,6,Typ,2,Gd,SBrkr,GasA,Gd
367,Y,0,1431,0,0,1431,1,0,1,1,TA,6,Typ,1,Gd,SBrkr,GasA,Gd
368,Y,0,1268,0,0,1268,1,0,0,1,TA,7,Typ,1,Gd,SBrkr,GasA,Gd
369,Y,1,1287,0,0,1287,1,0,0,1,Gd,7,Typ,1,Gd,SBrkr,GasA,Ex
370,Y,0,953,711,0,1664,2,1,0,1,TA,7,Typ,1,TA,SBrkr,GasA,Ex
371,Y,0,1120,468,0,1588,2,0,0,1,TA,7,Min2,1,Gd,SBrkr,GasA,TA
372,Y,1,752,0,0,752,1,0,0,1,TA,4,Typ,0,No,SBrkr,GasA,TA
373,Y,1,1319,0,0,1319,1,0,0,1,TA,5,Min2,0,No,SBrkr,GasA,TA
374,Y,0,847,1081,0,1928,2,1,0,1,Gd,8,Typ,1,Gd,SBrkr,GasA,Ex
375,N,1,904,0,0,904,0,1,0,1,Fa,4,Maj1,0,No,FuseA,GasA,Gd
376,Y,0,914,0,0,914,1,0,0,1,TA,5,Typ,0,No,SBrkr,GasA,Ex
377,Y,0,1580,886,0,2466,3,0,0,1,Gd,8,Typ,1,Gd,SBrkr,GasA,Ex
378,Y,1,1856,0,0,1856,1,1,0,1,Ex,8,Typ,1,Ex,SBrkr,GasA,Ex
379,Y,0,1007,793,0,1800,2,1,0,1,TA,7,Typ,1,TA,SBrkr,GasA,Ex
380,Y,0,1026,665,0,1691,2,0,0,1,Gd,6,Typ,1,Gd,SBrkr,GasA,TA
381,Y,1,1301,0,0,1301,2,0,0,1,Gd,5,Typ,1,Gd,SBrkr,GasA,Ex
382,Y,0,939,858,0,1797,2,1,0,1,Gd,8,Typ,0,No,SBrkr,GasA,Ex
383,N,0,784,0,0,784,1,0,0,1,TA,5,Typ,0,No,FuseA,GasA,TA
384,Y,1,1079,874,0,1953,2,1,0,1,Gd,9,Typ,2,Fa,SBrkr,GasA,Ex
385,Y,0,1269,0,0,1269,2,0,0,1,Gd,6,Typ,1,TA,SBrkr,GasA,Ex
386,Y,0,658,526,0,1184,1,0,0,1,TA,8,Typ,0,No,SBrkr,GasA,TA
387,Y,1,1125,0,0,1125,1,0,0,1,TA,6,Typ,1,Fa,SBrkr,GasA,Ex
388,Y,0,1479,0,0,1479,2,0,0,1,Gd,6,Typ,0,No,SBrkr,GasA,Ex
389,Y,1,1742,590,0,2332,2,1,0,1,Ex,9,Typ,1,Ex,SBrkr,GasA,Ex
390,Y,1,961,406,0,1367,1,0,0,1,TA,7,Typ,0,No,SBrkr,GasA,Ex
391,Y,1,804,1157,0,1961,2,1,0,1,Gd,7,Typ,1,TA,SBrkr,GasA,Ex
392,Y,0,882,0,0,882,1,0,0,1,TA,5,Typ,0,No,SBrkr,GasA,TA
393,Y,0,788,0,0,788,1,0,0,1,TA,4,Typ,2,TA,FuseA,GasA,TA
394,Y,0,735,299,0,1034,1,0,0,1,TA,5,Typ,0,No,FuseA,GasA,Gd
395,Y,1,1144,0,0,1144,1,0,0,1,TA,6,Typ,0,No,SBrkr,GasA,TA
396,Y,0,894,0,0,894,1,0,0,1,TA,6,Typ,0,No,SBrkr,GasA,TA
397,Y,0,876,936,0,1812,2,0,0,1,TA,8,Typ,1,TA,SBrkr,GasA,TA
398,Y,0,1077,0,0,1077,1,0,0,1,TA,6,Maj2,0,No,Mix,GasA,Gd
399,Y,1,1112,438,0,1550,2,0,0,1,Gd,7,Typ,0,No,SBrkr,GasA,Ex
400,Y,1,1288,0,0,1288,1,1,0,1,Ex,4,Typ,2,Gd,SBrkr,GasA,Ex
401,Y,0,1310,0,0,1310,2,0,0,1,Gd,6,Typ,1,Gd,SBrkr,GasA,Ex
402,Y,0,672,0,0,672,1,0,0,1,TA,4,Typ,0,No,SBrkr,GasA,Ex
403,Y,0,1165,1098,0,2263,2,1,0,1,Gd,10,Typ,1,TA,SBrkr,GasA,Gd
404,Y,0,806,766,0,1572,2,1,0,1,TA,7,Typ,1,TA,SBrkr,GasA,Gd
405,Y,1,1620,0,0,1620,2,0,0,1,TA,8,Min1,1,TA,SBrkr,GasA,Ex
406,Y,0,1166,0,473,1639,1,0,0,1,TA,6,Maj2,0,No,FuseA,GasA,Ex
407,Y,0,840,840,0,1680,2,0,0,1,TA,8,Typ,0,No,SBrkr,GasA,Ex
408,Y,0,1071,1101,0,2172,2,1,0,1,Gd,9,Typ,1,Gd,SBrkr,GasA,Ex
409,Y,1,1050,1028,0,2078,2,1,0,1,Ex,8,Typ,1,Gd,SBrkr,GasA,Ex
410,Y,0,1276,0,0,1276,1,0,0,1,TA,5,Mod,0,No,FuseA,GasA,TA
411,N,1,1056,0,0,1056,1,0,0,1,TA,5,Typ,0,No,SBrkr,GasA,TA
412,Y,1,1478,0,0,1478,2,1,0,1,Gd,7,Typ,1,Gd,SBrkr,GasA,Ex
413,Y,0,1028,0,0,1028,1,0,0,1,TA,5,Typ,1,Gd,FuseA,GasA,Gd
414,Y,0,1080,1017,0,2097,2,1,1,1,Gd,9,Typ,1,TA,SBrkr,GasA,Ex
415,Y,0,1340,0,0,1340,2,0,0,1,Gd,6,Typ,0,No,SBrkr,GasA,Ex
416,Y,0,672,728,0,1400,1,1,0,1,TA,6,Typ,1,TA,SBrkr,GasA,TA
417,N,1,1370,1254,0,2624,2,1,0,1,TA,10,Typ,1,Gd,FuseA,GasW,TA
418,N,1,756,378,0,1134,1,1,0,1,TA,7,Typ,0,No,FuseF,GasA,Fa
419,Y,1,1056,0,0,1056,1,0,0,1,TA,6,Typ,1,Fa,SBrkr,GasA,Ex
420,Y,2,1344,0,0,1344,2,0,0,2,TA,8,Typ,0,No,SBrkr,GasA,Ex
421,Y,0,1602,0,0,1602,2,0,1,1,Gd,8,Typ,1,TA,SBrkr,GasA,Gd
422,Y,0,988,0,0,988,1,0,0,1,TA,4,Typ,0,No,FuseA,GasA,Ex
423,Y,1,1470,1160,0,2630,2,1,0,1,Gd,8,Typ,1,TA,SBrkr,GasA,Gd
424,Y,1,1196,0,0,1196,1,0,0,1,TA,6,Typ,1,Gd,FuseA,GasA,Gd
425,Y,0,707,682,0,1389,1,1,0,1,TA,6,Typ,2,Gd,SBrkr,GasA,Gd
426,Y,1,1644,0,0,1644,2,0,1,1,Gd,5,Typ,1,TA,SBrkr,GasA,Gd
427,Y,0,907,0,0,907,1,0,0,1,TA,5,Typ,0,No,SBrkr,GasA,Ex
428,Y,1,1208,0,0,1208,2,0,0,1,Gd,6,Typ,0,No,SBrkr,GasA,Ex
429,Y,1,1412,0,0,1412,2,0,0,1,Gd,6,Typ,1,TA,SBrkr,GasA,TA
430,Y,0,483,504,0,987,1,1,0,1,TA,4,Typ,0,No,SBrkr,GasA,TA
431,Y,0,1088,110,0,1198,1,0,0,1,TA,7,Typ,0,No,SBrkr,GasA,Gd
432,Y,1,765,600,0,1365,1,1,0,1,TA,6,Min1,0,No,SBrkr,GasA,Ex
433,Y,0,926,678,0,1604,2,1,0,1,TA,7,Typ,1,TA,SBrkr,GasA,Ex
434,Y,1,630,0,0,630,1,0,0,1,TA,3,Typ,0,No,SBrkr,GasA,Gd
435,Y,1,827,834,0,1661,2,1,0,1,Gd,6,Typ,1,TA,SBrkr,GasA,Ex
436,Y,0,734,384,0,1118,1,0,0,1,TA,6,Typ,0,No,FuseA,GasA,TA
437,Y,0,904,0,0,904,1,0,0,1,TA,4,Typ,0,No,SBrkr,GasA,Gd
438,N,0,694,0,0,694,1,0,0,1,Gd,4,Typ,1,Gd,SBrkr,GasA,TA
439,Y,0,684,512,0,1196,1,0,0,1,Gd,7,Typ,0,No,SBrkr,GasA,Gd
440,Y,1,2402,0,0,2402,2,0,0,1,Ex,10,Typ,2,Gd,SBrkr,GasA,Ex
441,N,0,1440,0,0,1440,2,0,0,2,Fa,8,Typ,0,No,FuseF,GasA,TA
442,Y,0,1128,445,0,1573,2,0,0,1,TA,8,Typ,1,Gd,SBrkr,GasA,TA
443,Y,0,1258,0,0,1258,2,0,0,1,Gd,6,Typ,1,Gd,SBrkr,GasA,Ex
444,Y,1,933,975,0,1908,2,1,0,1,Gd,8,Typ,1,TA,SBrkr,GasA,Ex
445,Y,0,1689,0,0,1689,1,0,0,1,TA,7,Typ,1,Gd,SBrkr,GasA,Fa
446,Y,0,1888,0,0,1888,2,1,0,1,Gd,6,Mod,1,Gd,SBrkr,GasA,Ex
447,Y,0,956,930,0,1886,2,1,0,1,Gd,10,Typ,1,TA,SBrkr,GasA,Gd
448,Y,0,780,596,0,1376,2,0,0,1,TA,7,Typ,1,Gd,SBrkr,GasA,TA
449,Y,0,679,504,0,1183,1,1,0,1,TA,6,Typ,0,No,SBrkr,GasA,Ex
450,Y,0,813,0,0,813,1,0,0,1,Gd,5,Typ,0,No,FuseA,GasA,Ex
451,Y,1,1533,0,0,1533,2,0,0,1,Gd,5,Typ,2,TA,SBrkr,GasA,TA
452,Y,1,888,868,0,1756,2,1,0,1,TA,7,Typ,0,No,SBrkr,GasA,Ex
453,Y,0,786,804,0,1590,2,1,0,1,Gd,6,Typ,0,No,SBrkr,GasA,Ex
454,Y,2,1728,0,0,1728,2,0,0,2,TA,8,Typ,0,No,SBrkr,GasA,TA
455,Y,0,1242,0,0,1242,1,1,0,1,TA,6,Typ,1,TA,SBrkr,GasA,Fa
456,N,0,624,720,0,1344,1,0,0,1,TA,7,Typ,0,No,SBrkr,GasA,Fa
457,Y,1,1663,0,0,1663,1,0,0,1,Gd,6,Min1,2,Gd,SBrkr,GasA,Ex
458,Y,0,833,833,0,1666,1,0,0,1,Gd,7,Typ,1,Gd,SBrkr,GasA,Fa
459,Y,1,979,224,0,1203,1,0,0,1,Gd,5,Typ,1,TA,SBrkr,GasA,TA
460,Y,1,832,1103,0,1935,2,1,0,1,TA,8,Typ,0,No,SBrkr,GasA,Ex
461,Y,1,575,560,0,1135,1,0,0,1,Gd,6,Typ,0,No,SBrkr,GasA,Ex
462,Y,0,864,0,0,864,1,0,0,1,TA,5,Typ,1,Po,SBrkr,GasA,Gd
463,Y,0,849,811,0,1660,1,1,0,1,TA,6,Typ,1,Gd,FuseA,GasA,Fa
464,Y,0,1040,0,0,1040,2,0,0,1,TA,5,Typ,0,No,SBrkr,GasA,TA
465,Y,0,1414,0,0,1414,2,0,0,1,Gd,6,Typ,1,TA,SBrkr,GasA,Ex
466,Y,1,1277,0,0,1277,1,0,0,1,TA,5,Typ,1,Po,SBrkr,GasA,TA
467,Y,0,888,756,0,1644,1,1,0,1,Gd,7,Typ,2,Gd,SBrkr,GasA,Ex
468,Y,0,1634,0,0,1634,2,0,0,1,Gd,7,Typ,1,Gd,SBrkr,GasA,Ex
469,Y,0,832,878,0,1710,2,1,0,1,Gd,7,Typ,0,No,SBrkr,GasA,Ex
470,Y,1,1502,0,0,1502,1,1,0,1,Gd,4,Typ,0,No,SBrkr,GasA,TA
471,Y,0,1161,808,0,1969,2,1,0,1,TA,8,Typ,1,Gd,SBrkr,GasA,TA
472,Y,1,1072,0,0,1072,1,0,0,1,TA,5,Typ,0,No,SBrkr,GasA,Ex
473,Y,1,1976,0,0,1976,2,0,0,1,Gd,7,Typ,1,Ex,SBrkr,GasA,Ex
474,Y,1,1652,0,0,1652,2,0,0,1,Ex,6,Typ,0,No,SBrkr,GasA,Ex
475,Y,1,970,0,0,970,1,0,0,1,TA,5,Typ,0,No,SBrkr,GasA,TA
476,Y,1,1493,0,0,1493,2,0,0,1,Gd,7,Typ,1,TA,SBrkr,GasA,Ex
477,Y,0,2069,574,0,2643,2,1,0,1,Ex,9,Typ,1,Gd,SBrkr,GasA,Ex
478,Y,1,1718,0,0,1718,2,0,0,1,Gd,7,Typ,1,Gd,SBrkr,GasA,Ex
479,Y,0,1131,0,0,1131,1,0,0,1,TA,7,Typ,0,No,SBrkr,GasA,TA
480,Y,1,1850,0,0,1850,2,0,0,1,Gd,8,Typ,1,Gd,SBrkr,GasA,Ex
481,Y,1,1792,0,0,1792,2,0,0,1,Ex,6,Typ,1,Gd,SBrkr,GasA,Ex
482,Y,1,916,910,0,1826,1,1,0,1,Ex,7,Min2,1,Gd,SBrkr,GasA,Ex
483,Y,1,1216,0,0,1216,2,0,0,1,TA,5,Typ,0,No,SBrkr,GasA,Ex
484,Y,1,999,0,0,999,1,0,0,1,Gd,6,Typ,0,No,SBrkr,GasA,Gd
485,Y,0,1113,0,0,1113,1,0,0,1,Gd,5,Typ,1,Gd,SBrkr,GasA,Gd
486,Y,1,1073,0,0,1073,1,1,0,1,TA,6,Typ,0,No,SBrkr,GasA,TA
487,Y,0,1484,0,0,1484,2,0,0,1,TA,7,Typ,1,TA,SBrkr,GasA,Gd
488,N,0,1766,648,0,2414,2,0,0,2,TA,10,Mod,1,Gd,FuseA,GasA,TA
489,Y,1,630,0,0,630,1,0,0,1,Gd,3,Typ,0,No,SBrkr,GasA,TA
490,Y,0,616,688,0,1304,1,1,0,1,TA,4,Typ,1,Gd,SBrkr,GasA,TA
491,Y,1,958,620,0,1578,1,0,0,1,Fa,5,Typ,2,TA,FuseA,GasA,TA
492,Y,0,728,728,0,1456,2,1,0,1,TA,8,Typ,0,No,SBrkr,GasA,Gd
493,Y,0,1269,0,0,1269,1,1,0,1,TA,6,Typ,1,Fa,FuseA,GasA,TA
494,Y,0,886,0,0,886,1,0,0,1,TA,4,Typ,0,No,FuseA,GasA,Gd
495,N,0,720,0,0,720,1,0,0,1,TA,4,Typ,0,No,FuseA,GasA,TA
496,Y,1,3228,0,0,3228,3,0,0,1,Gd,10,Typ,1,Gd,SBrkr,GasA,Ex
497,Y,1,1133,687,0,1820,2,0,0,1,TA,8,Typ,0,No,SBrkr,GasA,Ex
498,Y,0,899,0,0,899,1,0,0,1,Gd,5,Typ,0,No,SBrkr,GasA,Ex
499,Y,0,912,0,0,912,1,0,1,1,TA,5,Typ,0,No,SBrkr,GasA,Fa
500,Y,0,672,546,0,1218,1,1,0,1,TA,7,Typ,0,No,SBrkr,GasA,TA
501,Y,0,866,902,0,1768,2,1,0,1,Gd,7,Typ,0,No,SBrkr,GasA,Gd
502,Y,1,1214,0,0,1214,1,0,0,1,TA,6,Typ,0,No,SBrkr,GasA,Ex
503,Y,1,1801,0,0,1801,2,0,0,1,TA,6,Typ,2,TA,SBrkr,GasA,TA
504,Y,0,855,467,0,1322,2,1,1,1,TA,6,Typ,1,Fa,SBrkr,GasA,TA
505,Y,0,960,1000,0,1960,2,0,0,2,TA,10,Typ,0,No,SBrkr,GasA,Gd
506,Y,0,1065,846,0,1911,2,1,0,1,Gd,8,Typ,1,TA,SBrkr,GasA,Ex
507,Y,0,1218,0,0,1218,2,0,0,1,Gd,4,Typ,0,No,SBrkr,GasA,Ex
508,Y,0,689,689,0,1378,2,0,0,1,Gd,7,Typ,1,Gd,SBrkr,GasA,Ex
509,Y,1,1041,0,0,1041,1,0,0,1,TA,6,Typ,0,No,SBrkr,GasA,Ex
510,Y,1,1363,0,0,1363,1,0,0,1,TA,6,Min1,2,TA,SBrkr,GasA,Ex
511,Y,0,1368,0,0,1368,2,0,0,1,Gd,6,Typ,1,Gd,SBrkr,GasA,Ex
512,Y,1,864,0,0,864,1,0,0,1,TA,5,Typ,0,No,SBrkr,GasA,TA
513,Y,0,1080,0,0,1080,1,1,0,1,TA,5,Typ,0,No,SBrkr,GasA,TA
514,N,0,789,0,0,789,1,0,0,1,TA,5,Typ,0,No,SBrkr,Grav,Fa
515,Y,1,2020,0,0,2020,2,1,0,1,Ex,9,Typ,1,Gd,SBrkr,GasA,Ex
516,Y,0,1378,741,0,2119,2,1,0,1,TA,7,Typ,1,TA,SBrkr,GasA,TA
517,Y,0,1277,1067,0,2344,2,1,0,1,Gd,7,Typ,1,TA,SBrkr,GasA,Ex
518,Y,1,882,914,0,1796,2,1,0,1,TA,7,Typ,0,No,SBrkr,GasA,Ex
519,Y,0,1276,804,0,2080,1,1,0,1,Gd,9,Typ,2,Gd,SBrkr,GasA,Ex
520,N,0,694,600,0,1294,2,0,0,2,TA,7,Typ,0,No,FuseA,GasA,TA
521,Y,0,1244,0,0,1244,1,1,0,1,TA,6,Typ,2,Gd,FuseA,GasA,Ex
522,Y,0,1004,660,0,1664,2,0,0,1,TA,7,Typ,2,Gd,SBrkr,GasA,Ex
523,Y,1,3138,1538,0,4676,3,1,0,1,Ex,11,Typ,1,Gd,SBrkr,GasA,Ex
524,Y,1,1383,1015,0,2398,2,1,0,1,Gd,8,Typ,1,TA,SBrkr,GasA,Ex
525,Y,0,1266,0,0,1266,2,0,0,1,Gd,6,Typ,1,TA,SBrkr,GasA,Ex
526,Y,0,928,0,0,928,1,0,0,1,TA,4,Typ,0,No,SBrkr,GasA,TA
527,Y,1,1476,1237,0,2713,2,1,0,1,Ex,11,Typ,1,Gd,SBrkr,GasA,Ex
528,Y,1,605,0,0,605,1,0,0,1,TA,5,Typ,0,No,SBrkr,GasA,Ex
529,Y,1,2515,0,0,2515,3,0,0,2,TA,9,Maj1,2,TA,SBrkr,GasA,TA
530,Y,1,1509,0,0,1509,2,0,0,1,Gd,5,Typ,1,Fa,SBrkr,GasA,Ex
531,Y,0,751,611,0,1362,2,0,0,1,TA,6,Typ,0,No,SBrkr,GasA,Ex
532,Y,0,827,0,0,827,1,0,0,1,TA,5,Mod,1,Po,SBrkr,GasA,Ex
533,N,0,334,0,0,334,1,0,0,1,Fa,2,Typ,0,No,FuseF,GasA,Fa
534,Y,0,707,707,0,1414,2,1,0,1,Gd,6,Typ,1,Gd,SBrkr,GasA,Ex
535,Y,1,820,527,0,1347,1,0,0,1,TA,5,Typ,0,No,SBrkr,GasA,TA
536,Y,0,880,844,0,1724,2,1,0,1,Gd,8,Typ,0,No,SBrkr,GasA,Ex
537,Y,0,864,0,0,864,1,0,0,1,TA,5,Typ,0,No,SBrkr,GasA,TA
538,Y,0,1159,0,0,1159,1,1,0,1,TA,7,Typ,1,Fa,SBrkr,GasA,TA
539,Y,1,1601,0,0,1601,2,0,0,1,Gd,6,Typ,1,TA,SBrkr,GasA,Ex
540,Y,1,1838,0,0,1838,2,0,0,1,Ex,8,Typ,1,Gd,SBrkr,GasA,Ex
541,Y,0,997,1288,0,2285,2,1,0,1,Gd,8,Typ,1,TA,SBrkr,GasA,Ex
542,Y,1,1680,0,0,1680,2,0,0,1,Gd,7,Maj1,1,TA,SBrkr,GasA,Ex
543,Y,1,767,0,0,767,1,0,0,1,TA,4,Typ,0,No,SBrkr,GasA,Ex
544,Y,1,664,832,0,1496,2,1,0,1,Gd,7,Typ,1,Gd,SBrkr,GasA,Ex
545,Y,0,1377,806,0,2183,2,1,0,1,Gd,9,Typ,0,No,SBrkr,GasA,Gd
546,Y,0,915,720,0,1635,1,1,0,1,TA,6,Typ,1,Gd,FuseA,GasA,Ex
547,Y,1,768,0,0,768,1,0,0,1,TA,5,Typ,0,No,SBrkr,GasA,Ex
548,Y,1,825,0,0,825,1,0,0,1,TA,4,Typ,0,No,SBrkr,GasA,TA
549,Y,0,912,1182,0,2094,2,1,0,1,Gd,8,Typ,1,Gd,SBrkr,GasA,Ex
550,Y,0,1069,0,0,1069,2,0,0,1,TA,4,Typ,0,No,SBrkr,GasA,TA
551,Y,0,928,0,0,928,1,0,0,1,TA,5,Typ,0,No,FuseA,GasA,Gd
552,Y,0,1717,0,0,1717,2,0,0,1,Gd,7,Typ,1,Gd,SBrkr,GasA,Ex
553,Y,0,1126,0,0,1126,2,0,0,1,Gd,5,Typ,0,No,SBrkr,GasA,Ex
554,Y,1,1006,1040,0,2046,2,1,0,1,Gd,8,Typ,1,Gd,SBrkr,GasA,Ex
555,Y,0,1048,0,0,1048,1,0,0,1,TA,5,Typ,1,Gd,FuseA,GasA,TA
556,Y,1,1092,0,0,1092,1,0,0,1,TA,6,Typ,1,TA,FuseA,GasA,TA
557,Y,0,897,439,0,1336,1,1,0,1,TA,7,Typ,0,No,SBrkr,GasA,Gd
558,Y,0,729,717,0,1446,2,1,1,1,TA,6,Typ,1,TA,SBrkr,GasA,Ex
559,Y,0,1557,0,0,1557,2,0,0,1,Gd,7,Typ,1,TA,SBrkr,GasA,Ex
560,Y,1,1392,0,0,1392,1,1,0,1,TA,5,Mod,1,Gd,SBrkr,GasA,TA
561,Y,1,1389,0,0,1389,1,0,0,1,TA,6,Typ,1,TA,SBrkr,GasA,Gd
562,Y,1,996,0,0,996,1,0,0,1,TA,6,Typ,1,Gd,SBrkr,GasA,Ex
563,Y,0,1163,511,0,1674,2,0,0,1,TA,8,Typ,1,Gd,SBrkr,GasA,Ex
564,Y,1,1166,1129,0,2295,2,1,0,1,Gd,9,Typ,1,TA,SBrkr,GasA,Ex
565,N,1,841,806,0,1647,1,1,0,1,Fa,6,Typ,0,No,FuseF,GasA,TA
566,Y,0,1134,1370,0,2504,2,1,0,1,Ex,11,Typ,1,Gd,SBrkr,GasA,Ex
567,Y,0,1535,0,0,1535,2,0,0,1,Gd,7,Typ,0,No,SBrkr,GasA,Ex
568,Y,1,1496,636,0,2132,1,1,0,1,Gd,5,Min2,1,Gd,SBrkr,GasA,Ex
569,Y,1,943,0,0,943,1,0,0,1,TA,4,Typ,2,TA,SBrkr,GasA,TA
570,Y,0,1728,0,0,1728,2,0,0,2,TA,10,Typ,0,No,SBrkr,GasA,TA
571,Y,1,864,0,0,864,1,0,0,1,Gd,4,Typ,0,No,SBrkr,GasA,Ex
572,Y,0,846,846,0,1692,2,1,0,1,Gd,6,Typ,0,No,SBrkr,GasA,Gd
573,Y,0,774,656,0,1430,2,1,0,1,TA,8,Typ,1,TA,SBrkr,GasA,Ex
574,Y,0,576,533,0,1109,1,0,1,1,TA,5,Typ,0,No,SBrkr,GasA,TA
575,Y,0,832,384,0,1216,1,0,0,1,TA,6,Typ,0,No,SBrkr,GasA,TA
576,Y,0,877,600,0,1477,2,0,1,1,TA,6,Typ,1,Gd,SBrkr,GasA,Gd
577,Y,1,1320,0,0,1320,1,0,0,1,TA,6,Typ,2,Fa,SBrkr,GasA,Ex
578,Y,0,703,689,0,1392,2,0,0,1,Gd,5,Typ,0,No,SBrkr,GasA,Ex
579,N,0,1050,745,0,1795,2,0,0,1,TA,7,Typ,0,No,FuseF,GasA,Ex
580,Y,0,1429,0,0,1429,1,0,1,1,Gd,7,Typ,2,Gd,SBrkr,GasA,Ex
581,Y,0,2042,0,0,2042,2,1,0,1,Ex,8,Typ,1,Gd,SBrkr,GasA,Ex
582,Y,1,816,0,0,816,1,0,0,1,TA,5,Typ,0,No,SBrkr,GasA,TA
583,Y,0,1521,1254,0,2775,3,1,0,1,Gd,9,Typ,1,Gd,SBrkr,GasA,Gd
584,Y,0,989,584,0,1573,1,0,0,1,Gd,6,Typ,0,No,SBrkr,GasA,Ex
585,Y,1,2028,0,0,2028,2,0,0,1,Gd,7,Typ,2,Gd,SBrkr,GasA,Ex
586,Y,1,838,0,0,838,1,0,0,1,Fa,5,Typ,0,No,SBrkr,GasA,Ex
587,Y,1,860,0,0,860,1,0,0,1,TA,4,Typ,0,No,SBrkr,GasA,TA
588,Y,2,1473,0,0,1473,1,0,0,1,Ex,5,Typ,2,Gd,SBrkr,GasA,Ex
589,Y,0,779,0,156,935,1,0,0,1,TA,4,Typ,0,No,FuseA,GasA,TA
590,Y,0,770,812,0,1582,2,1,0,1,Gd,6,Typ,0,No,SBrkr,GasA,Ex
591,Y,1,1728,568,0,2296,2,1,0,1,Ex,10,Typ,1,Gd,SBrkr,GasA,Ex
592,Y,1,816,0,0,816,1,0,0,1,TA,4,Typ,0,No,SBrkr,GasA,Ex
593,Y,1,848,0,0,848,1,0,0,1,Gd,4,Typ,0,No,SBrkr,GasA,Ex
594,Y,0,924,0,0,924,1,0,0,1,TA,5,Typ,0,No,SBrkr,GasA,TA
595,Y,1,1826,0,0,1826,2,0,0,1,Gd,7,Typ,1,TA,SBrkr,GasA,Ex
596,N,0,684,684,0,1368,1,0,0,1,TA,7,Typ,0,No,FuseA,GasA,Ex
597,Y,0,1402,0,0,1402,0,2,2,1,Gd,7,Typ,1,Gd,SBrkr,GasA,Ex
598,Y,1,1647,0,0,1647,2,0,0,1,Gd,7,Typ,1,TA,SBrkr,GasA,Ex
599,Y,1,716,840,0,1556,2,1,0,1,TA,6,Typ,1,TA,SBrkr,GasA,TA
600,Y,1,1058,846,0,1904,2,1,0,1,Ex,8,Typ,1,Gd,SBrkr,GasA,Ex
601,Y,0,780,595,0,1375,1,1,0,1,Gd,6,Typ,1,Gd,SBrkr,GasA,TA
602,Y,1,927,988,0,1915,2,1,0,1,Gd,8,Typ,1,TA,SBrkr,GasA,Ex
603,Y,0,600,600,0,1200,2,1,0,1,Gd,4,Typ,0,No,SBrkr,GasA,Ex
604,Y,1,1494,0,0,1494,2,0,0,1,Gd,6,Typ,1,TA,SBrkr,GasA,Ex
605,Y,0,1186,800,0,1986,2,1,0,1,TA,7,Typ,3,Fa,SBrkr,GasA,TA
606,Y,1,1040,0,0,1040,1,0,0,1,Gd,6,Typ,0,No,SBrkr,GasA,Gd
607,Y,1,1112,896,0,2008,3,0,0,1,Ex,8,Typ,0,No,SBrkr,GasA,Ex
608,Y,0,1940,1254,0,3194,2,1,0,1,TA,10,Typ,2,Gd,SBrkr,GasA,TA
609,Y,1,1029,0,0,1029,1,0,0,1,TA,5,Typ,0,No,SBrkr,GasA,Gd
610,Y,1,1476,677,0,2153,2,1,0,1,Ex,8,Typ,2,Ex,SBrkr,GasA,Ex
611,Y,0,1032,0,0,1032,2,0,1,1,TA,6,Typ,1,TA,SBrkr,GasA,TA
612,Y,1,1299,573,0,1872,2,1,0,1,Ex,7,Typ,1,TA,SBrkr,GasA,Ex
613,Y,0,1120,0,0,1120,1,0,0,1,TA,6,Typ,0,No,SBrkr,GasA,Ex
614,Y,1,630,0,0,630,1,0,0,1,TA,3,Typ,0,No,SBrkr,GasA,Ex
615,Y,1,1054,0,0,1054,1,0,0,1,Gd,6,Typ,0,No,SBrkr,GasA,Ex
616,Y,1,807,702,0,1509,2,1,0,1,Gd,7,Typ,1,Gd,SBrkr,GasA,Ex
617,Y,0,832,0,0,832,1,0,0,1,Gd,4,Typ,0,No,SBrkr,GasA,Gd
618,Y,0,1828,0,0,1828,2,0,0,1,Gd,9,Typ,1,Gd,SBrkr,GasA,Ex
619,Y,1,1482,780,0,2262,2,1,0,1,Gd,10,Typ,2,Gd,SBrkr,GasA,Ex
620,N,1,864,0,0,864,1,0,0,1,TA,5,Typ,0,No,FuseF,GasA,TA
621,Y,0,1548,1066,0,2614,2,1,0,1,TA,9,Typ,1,TA,SBrkr,GasA,TA
622,Y,0,980,0,0,980,1,0,0,1,TA,6,Typ,0,No,SBrkr,GasA,TA
623,Y,0,756,756,0,1512,2,1,0,1,Gd,4,Typ,1,TA,SBrkr,GasA,Ex
624,Y,1,1012,778,0,1790,1,2,0,1,TA,8,Min2,1,TA,SBrkr,GasA,Gd
625,Y,0,1116,0,0,1116,1,1,0,1,TA,5,Typ,0,No,SBrkr,GasA,TA
626,Y,0,1422,0,0,1422,1,0,0,1,TA,6,Min1,1,TA,SBrkr,GasA,TA
627,Y,1,1520,0,0,1520,1,0,0,1,TA,7,Typ,2,Gd,SBrkr,GasA,Ex
628,Y,0,1040,1040,0,2080,1,2,1,1,Fa,9,Typ,2,TA,SBrkr,GasA,TA
629,Y,1,1350,0,0,1350,1,1,0,1,TA,6,Typ,0,No,SBrkr,GasA,TA
630,Y,0,1089,661,0,1750,1,0,0,1,Ex,8,Typ,0,No,FuseA,GasA,TA
631,Y,0,1554,0,0,1554,2,0,0,1,Gd,6,Typ,1,Gd,SBrkr,GasA,Ex
632,Y,0,1411,0,0,1411,2,0,0,1,TA,6,Typ,1,TA,SBrkr,GasA,TA
633,Y,0,1056,0,0,1056,1,0,1,1,TA,6,Typ,0,No,SBrkr,GasA,TA
634,Y,2,1056,0,0,1056,0,0,0,2,TA,4,Typ,0,No,SBrkr,GasA,Gd
635,Y,0,1440,1440,515,3395,2,0,0,2,Fa,14,Typ,0,No,FuseA,GasA,Ex
636,N,0,800,0,0,800,1,0,0,1,Fa,4,Maj1,1,Po,FuseA,Grav,Fa
637,Y,0,811,576,0,1387,2,0,0,2,Gd,7,Typ,0,No,FuseA,GasA,TA
638,Y,0,796,0,0,796,1,0,0,1,TA,4,Typ,0,No,FuseA,GasA,Gd
639,Y,1,1567,0,0,1567,2,0,0,1,Ex,7,Typ,1,Gd,SBrkr,GasA,Ex
640,Y,0,1518,0,0,1518,1,1,0,1,Ex,6,Typ,1,Gd,SBrkr,GasA,Ex
641,Y,1,1057,872,0,1929,2,1,0,1,Gd,7,Typ,1,TA,SBrkr,GasA,Ex
642,Y,1,2000,704,0,2704,2,1,0,1,Ex,9,Typ,3,TA,SBrkr,GasA,Gd
643,Y,0,780,840,0,1620,2,1,0,1,TA,7,Min1,0,No,SBrkr,GasA,Ex
644,Y,1,1766,0,0,1766,2,1,0,1,Ex,7,Typ,1,Gd,SBrkr,GasA,Ex
645,Y,1,981,0,0,981,1,1,0,1,TA,5,Typ,0,No,SBrkr,GasA,TA
646,Y,0,1048,0,0,1048,1,0,0,1,TA,7,Min1,0,No,SBrkr,GasA,Gd
647,Y,0,1094,0,0,1094,1,0,0,1,TA,5,Typ,2,Gd,SBrkr,GasA,Ex
648,Y,0,1051,788,0,1839,1,1,0,1,TA,7,Typ,1,TA,SBrkr,GasA,TA
649,Y,1,630,0,0,630,1,0,0,1,TA,3,Typ,0,No,SBrkr,GasA,Gd
650,Y,0,822,843,0,1665,2,1,0,1,Gd,7,Typ,0,No,SBrkr,GasA,Ex
651,Y,1,755,755,0,1510,1,0,0,1,TA,7,Typ,1,Gd,SBrkr,GasA,TA
652,Y,0,909,807,0,1716,2,1,0,1,Gd,7,Typ,1,TA,SBrkr,GasA,Ex
653,Y,0,756,713,0,1469,1,0,0,1,TA,7,Typ,0,No,SBrkr,GasA,Ex
654,Y,1,2113,0,0,2113,2,1,0,1,Gd,7,Typ,1,TA,SBrkr,GasA,Ex
655,Y,0,525,567,0,1092,1,1,0,1,TA,6,Typ,0,No,SBrkr,GasA,TA
656,Y,1,1053,0,0,1053,1,1,0,1,Gd,5,Typ,0,No,SBrkr,GasA,Ex
657,Y,0,851,651,0,1502,1,1,0,1,TA,6,Typ,1,Gd,SBrkr,GasA,TA
658,Y,0,912,546,0,1458,1,0,1,1,TA,6,Typ,1,Gd,SBrkr,GasA,TA
659,Y,1,1486,0,0,1486,1,0,0,1,TA,7,Typ,0,No,SBrkr,GasA,Ex
660,Y,0,1142,793,0,1935,2,1,0,1,TA,7,Typ,1,TA,SBrkr,GasA,TA
661,Y,1,1686,762,0,2448,2,1,0,1,Gd,8,Typ,1,TA,SBrkr,GasA,Ex
662,Y,1,1392,0,0,1392,1,0,0,1,TA,5,Maj2,2,TA,SBrkr,GasA,Gd
663,Y,1,1181,0,0,1181,2,0,0,1,TA,6,Typ,0,No,SBrkr,GasA,TA
664,Y,1,2097,0,0,2097,1,1,0,1,Ex,8,Typ,1,Ex,SBrkr,GasA,Ex
665,Y,0,1454,482,0,1936,2,1,0,1,Gd,7,Typ,1,TA,SBrkr,GasA,Ex
666,Y,0,1465,915,0,2380,2,1,0,1,TA,7,Sev,1,Po,SBrkr,GasA,TA
667,Y,1,1679,0,0,1679,2,0,0,1,Gd,7,Typ,1,Fa,SBrkr,GasA,Ex
668,Y,1,1437,0,0,1437,1,1,0,1,TA,6,Min2,1,TA,SBrkr,GasA,Gd
669,Y,0,1180,0,0,1180,1,0,0,1,Fa,5,Typ,1,Gd,SBrkr,GasA,Ex
670,Y,1,738,738,0,1476,2,1,0,1,Gd,7,Typ,0,No,SBrkr,GasA,Ex
671,N,1,697,672,0,1369,2,0,0,1,TA,6,Typ,0,No,SBrkr,GasA,TA
672,Y,1,1208,0,0,1208,1,1,0,1,TA,6,Typ,1,TA,SBrkr,GasA,TA
673,Y,1,1839,0,0,1839,2,0,0,1,Gd,7,Typ,2,TA,SBrkr,GasA,Ex
674,Y,1,1136,0,0,1136,1,0,0,1,TA,5,Typ,1,Gd,SBrkr,GasA,TA
675,Y,0,855,586,0,1441,2,1,0,1,TA,7,Typ,1,TA,SBrkr,GasA,TA
676,N,1,1095,679,0,1774,2,0,0,2,TA,8,Min2,0,No,SBrkr,GasW,Fa
677,Y,0,792,0,0,792,1,0,0,1,Gd,5,Typ,0,No,SBrkr,GasA,Ex
678,Y,0,2046,0,0,2046,2,1,0,1,Gd,7,Typ,1,Gd,SBrkr,GasA,Ex
679,Y,1,988,0,0,988,1,0,0,1,TA,5,Typ,0,No,SBrkr,GasA,TA
680,Y,0,923,0,0,923,2,0,0,1,TA,5,Typ,1,TA,SBrkr,GasA,TA
681,Y,0,848,672,0,1520,1,0,0,1,TA,6,Typ,0,No,SBrkr,GasA,Ex
682,Y,1,1291,0,0,1291,1,0,0,1,Gd,6,Typ,1,Gd,SBrkr,GasA,Ex
683,Y,1,1668,0,0,1668,2,0,0,1,Gd,7,Typ,1,TA,SBrkr,GasA,Ex
684,Y,0,1195,644,0,1839,2,1,0,1,TA,7,Typ,0,No,SBrkr,GasA,Gd
685,Y,1,1190,900,0,2090,2,0,0,1,Gd,6,Min1,1,TA,SBrkr,GasA,Gd
686,Y,0,874,887,0,1761,3,0,0,1,Gd,7,Typ,0,No,SBrkr,GasA,Ex
687,Y,0,551,551,0,1102,2,1,0,1,Gd,4,Typ,0,No,SBrkr,GasA,Ex
688,Y,1,1419,0,0,1419,2,0,0,1,Gd,7,Typ,1,Gd,SBrkr,GasA,Ex
689,Y,0,1362,0,0,1362,2,0,0,1,Gd,6,Typ,1,Gd,SBrkr,GasA,Ex
690,Y,1,848,0,0,848,1,0,0,1,Gd,3,Typ,1,TA,SBrkr,GasA,Ex
691,Y,0,2444,1872,0,4316,3,1,1,1,Ex,10,Typ,2,Ex,SBrkr,GasA,Ex
692,Y,1,1238,1281,0,2519,2,1,0,1,Gd,9,Typ,2,Gd,SBrkr,GasA,Ex
693,Y,0,1073,0,0,1073,1,0,0,1,TA,4,Typ,0,No,SBrkr,GasA,Ex
694,Y,0,1067,472,0,1539,1,1,0,1,TA,5,Typ,0,No,SBrkr,GasA,TA
695,Y,1,1137,0,0,1137,2,0,0,1,Gd,5,Typ,1,TA,SBrkr,GasA,Gd
696,Y,0,616,0,0,616,1,0,0,1,TA,4,Typ,0,No,SBrkr,GasA,Gd
697,Y,0,1148,0,0,1148,1,0,1,1,TA,6,Typ,0,No,FuseA,GasA,Fa
698,Y,1,894,0,0,894,1,0,0,1,TA,5,Typ,1,Gd,SBrkr,GasA,Ex
699,Y,0,1391,0,0,1391,2,0,0,1,Gd,5,Typ,0,No,SBrkr,GasA,Ex
700,Y,1,1800,0,0,1800,2,0,0,1,Gd,7,Typ,1,Gd,SBrkr,GasA,Ex
701,Y,0,1164,0,0,1164,1,1,0,1,TA,6,Typ,0,No,SBrkr,GasA,TA
702,Y,0,1264,1312,0,2576,2,1,0,1,Ex,10,Typ,1,Gd,SBrkr,GasA,Ex
703,Y,0,1032,780,0,1812,2,0,0,2,Gd,8,Typ,1,Po,SBrkr,GasA,Gd
704,Y,1,1484,0,0,1484,2,0,0,1,Gd,7,Typ,0,No,SBrkr,GasA,Ex
705,N,0,372,720,0,1092,2,0,0,2,Fa,7,Mod,0,No,SBrkr,GasA,Fa
706,Y,1,1824,0,0,1824,2,0,0,1,Gd,5,Typ,2,TA,SBrkr,GasA,TA
707,Y,1,1324,0,0,1324,2,0,0,1,Gd,6,Typ,1,Gd,SBrkr,GasA,Ex
708,Y,0,728,728,0,1456,2,1,0,1,Gd,8,Typ,1,Gd,SBrkr,GasA,Ex
709,Y,0,904,0,0,904,1,0,0,1,TA,6,Typ,0,No,SBrkr,GasA,TA
710,Y,0,729,0,0,729,1,0,0,1,TA,5,Maj2,0,No,SBrkr,GasA,Gd
711,Y,0,859,319,0,1178,1,0,0,1,TA,7,Typ,0,No,SBrkr,GasA,Gd
712,Y,1,1228,0,0,1228,2,0,0,1,Gd,5,Typ,1,Gd,SBrkr,GasA,Gd
713,N,1,960,0,0,960,1,0,0,1,TA,6,Typ,0,No,SBrkr,GasW,TA
714,Y,0,725,754,0,1479,2,1,0,1,Gd,6,Typ,0,No,SBrkr,GasA,Ex
715,Y,0,1350,0,0,1350,2,0,0,1,TA,7,Typ,1,TA,SBrkr,GasA,TA
716,Y,0,1576,978,0,2554,1,1,0,1,TA,8,Typ,0,No,SBrkr,GasA,Ex
717,Y,0,1178,0,0,1178,1,1,1,1,Gd,5,Typ,1,Fa,SBrkr,GasA,Gd
718,Y,1,1325,1093,0,2418,2,1,0,1,Gd,9,Typ,1,TA,SBrkr,GasA,Ex
719,Y,0,971,0,0,971,1,1,0,1,TA,5,Typ,1,Po,SBrkr,GasA,TA
720,Y,1,1742,0,0,1742,2,0,0,1,Gd,5,Typ,1,TA,SBrkr,GasA,TA
721,Y,1,848,0,0,848,1,0,0,1,Gd,3,Typ,0,No,SBrkr,GasA,Ex
722,Y,0,864,0,0,864,1,0,0,1,TA,5,Typ,0,No,SBrkr,GasA,Ex
723,Y,0,997,473,0,1470,2,0,0,1,TA,7,Typ,0,No,SBrkr,GasA,Ex
724,Y,1,1698,0,0,1698,2,0,0,1,Ex,8,Typ,1,Gd,SBrkr,GasA,Ex
725,Y,0,864,0,0,864,1,0,0,1,Gd,5,Typ,0,No,SBrkr,GasA,TA
726,Y,1,1680,0,0,1680,2,0,0,1,Gd,5,Typ,1,Gd,SBrkr,GasA,Ex
727,Y,1,1232,0,0,1232,2,0,0,1,Gd,6,Typ,0,No,SBrkr,GasA,Ex
728,Y,1,1776,0,0,1776,2,0,0,2,TA,9,Typ,0,No,SBrkr,GasA,TA
729,Y,0,848,0,360,1208,1,0,0,1,TA,5,Typ,0,No,FuseA,GasA,TA
730,Y,1,1616,0,0,1616,2,0,0,1,Gd,5,Typ,1,TA,SBrkr,GasA,Ex
731,Y,1,1146,0,0,1146,2,0,0,1,Gd,6,Typ,1,Gd,SBrkr,GasA,Ex
732,Y,0,1153,878,0,2031,2,1,0,1,Gd,8,Typ,1,TA,SBrkr,GasA,Ex
733,Y,1,1144,0,0,1144,1,0,0,1,TA,6,Typ,1,TA,SBrkr,GasA,Ex
734,Y,0,948,0,0,948,1,0,0,1,TA,6,Typ,0,No,SBrkr,GasA,TA
735,N,0,880,888,0,1768,1,1,0,1,TA,6,Typ,2,TA,SBrkr,GasW,Fa
736,N,0,1040,0,0,1040,2,0,0,2,TA,6,Typ,0,No,FuseF,GasA,Gd
737,Y,0,901,900,0,1801,2,1,0,1,Gd,8,Typ,1,Gd,SBrkr,GasA,Ex
738,Y,3,1200,0,0,1200,3,0,0,1,TA,5,Typ,0,No,SBrkr,GasA,TA
739,Y,0,864,864,0,1728,2,1,0,1,Gd,7,Typ,0,No,SBrkr,GasA,Ex
740,Y,0,768,664,0,1432,2,0,0,1,TA,7,Typ,0,No,SBrkr,GasA,Ex
741,Y,1,912,0,0,912,1,0,1,1,Gd,5,Typ,0,No,SBrkr,GasA,Gd
742,Y,0,1349,0,0,1349,2,0,0,1,TA,6,Typ,0,No,SBrkr,GasA,Ex
743,Y,0,1464,0,0,1464,2,0,1,1,TA,6,Min2,1,TA,SBrkr,GasA,Ex
744,Y,1,1337,0,0,1337,2,0,0,1,Gd,5,Typ,1,TA,SBrkr,GasA,Gd
745,Y,0,1175,1540,0,2715,3,1,1,1,Gd,11,Typ,2,TA,SBrkr,GasA,Ex
746,Y,0,980,1276,0,2256,2,1,0,1,Gd,8,Typ,1,TA,SBrkr,GasA,Ex
747,N,0,1320,1320,0,2640,1,1,0,1,Gd,8,Typ,1,Gd,SBrkr,GasW,TA
748,Y,1,1720,0,0,1720,2,0,0,1,Gd,7,Typ,1,TA,SBrkr,GasA,Ex
749,N,0,1088,441,0,1529,2,0,0,1,TA,9,Mod,0,No,FuseF,Wall,TA
750,Y,0,792,348,0,1140,1,0,0,1,TA,7,Min2,0,No,SBrkr,GasA,Gd
751,Y,0,660,660,0,1320,2,1,0,1,Gd,6,Typ,0,No,SBrkr,GasA,Ex
752,Y,1,1494,0,0,1494,2,0,0,1,Gd,6,Typ,0,No,SBrkr,GasA,Ex
753,Y,0,1038,1060,0,2098,2,1,0,1,Ex,8,Typ,1,Gd,SBrkr,GasA,Gd
754,Y,1,1026,0,0,1026,1,0,0,1,Gd,5,Typ,0,No,SBrkr,GasA,Gd
755,Y,0,742,729,0,1471,2,1,0,1,TA,6,Typ,0,No,SBrkr,GasA,Gd
756,Y,0,866,902,0,1768,2,1,0,1,Gd,7,Typ,0,No,SBrkr,GasA,Ex
757,Y,0,672,714,0,1386,2,1,0,1,TA,6,Typ,1,TA,SBrkr,GasA,TA
758,Y,0,757,744,0,1501,2,1,0,1,TA,6,Typ,0,No,SBrkr,GasA,Gd
759,Y,0,1328,1203,0,2531,2,1,0,1,Gd,9,Typ,1,TA,SBrkr,GasA,Ex
760,Y,0,864,0,0,864,1,0,0,1,TA,5,Typ,0,No,SBrkr,GasA,Ex
761,Y,0,1301,0,0,1301,1,0,0,1,Fa,5,Min1,0,No,SBrkr,GasA,TA
762,Y,0,764,783,0,1547,2,1,0,1,Gd,7,Typ,0,No,SBrkr,GasA,Ex
763,Y,1,1268,1097,0,2365,2,1,0,1,Gd,8,Typ,1,Gd,SBrkr,GasA,Ex
764,Y,1,1494,0,0,1494,1,1,0,1,Ex,6,Typ,1,Gd,SBrkr,GasA,Ex
765,Y,0,1506,0,0,1506,2,0,0,1,Ex,6,Typ,1,Gd,SBrkr,GasA,Ex
766,Y,0,980,734,0,1714,2,1,0,1,TA,7,Typ,1,TA,SBrkr,GasA,TA
767,Y,1,983,767,0,1750,2,0,0,1,TA,7,Mod,0,No,SBrkr,GasA,Ex
768,Y,0,1836,0,0,1836,2,0,0,1,Gd,8,Typ,1,Gd,SBrkr,GasA,Ex
769,Y,1,1690,1589,0,3279,3,1,0,1,Ex,12,Mod,1,Gd,SBrkr,GasA,Ex
770,Y,1,858,0,0,858,1,0,0,1,TA,5,Typ,0,No,SBrkr,GasA,TA
771,Y,0,1220,0,0,1220,1,0,0,1,TA,6,Typ,0,No,FuseF,GasA,TA
772,Y,1,1117,0,0,1117,1,0,0,1,TA,6,Typ,1,TA,SBrkr,GasA,TA
773,Y,0,912,0,0,912,1,0,0,1,TA,5,Typ,0,No,FuseA,GasA,Ex
774,Y,0,1973,0,0,1973,2,0,0,1,Gd,9,Typ,1,Gd,SBrkr,GasA,Gd
775,Y,1,1204,0,0,1204,2,0,0,1,TA,5,Typ,0,No,SBrkr,GasA,Ex
776,Y,0,1614,0,0,1614,2,0,0,1,Gd,7,Typ,0,No,SBrkr,GasA,Ex
777,Y,1,894,0,0,894,1,0,0,1,TA,5,Typ,1,Fa,SBrkr,GasA,TA
778,Y,0,2020,0,0,2020,2,0,0,2,TA,10,Typ,2,TA,SBrkr,GasA,TA
779,Y,1,1004,0,0,1004,1,0,0,1,TA,4,Typ,0,No,SBrkr,GasA,TA
780,Y,0,1253,0,0,1253,2,0,0,1,TA,6,Typ,1,TA,SBrkr,GasA,Gd
781,Y,0,810,793,0,1603,2,1,0,1,Gd,7,Typ,0,No,SBrkr,GasA,Ex
782,Y,0,1430,0,0,1430,2,0,0,1,Gd,6,Typ,0,No,SBrkr,GasA,Ex
783,Y,1,1110,0,0,1110,1,0,0,1,Gd,4,Typ,1,TA,SBrkr,GasA,Ex
784,Y,0,742,742,0,1484,2,0,0,1,TA,9,Typ,1,Gd,SBrkr,GasA,Ex
785,Y,0,1342,0,0,1342,2,0,0,1,TA,7,Typ,1,Gd,SBrkr,GasA,TA
786,Y,1,966,686,0,1652,2,0,0,1,TA,7,Typ,0,No,SBrkr,GasA,TA
787,Y,1,956,1128,0,2084,2,1,0,1,Gd,8,Typ,0,No,SBrkr,GasA,Ex
788,Y,0,901,0,0,901,1,0,0,1,TA,4,Typ,0,No,SBrkr,GasA,Ex
789,Y,0,976,1111,0,2087,2,1,0,1,Gd,9,Typ,0,No,SBrkr,GasA,Gd
790,Y,0,1145,0,0,1145,2,0,0,1,Gd,5,Typ,1,Gd,SBrkr,GasA,Ex
791,Y,1,1062,0,0,1062,1,0,0,1,TA,5,Typ,2,TA,SBrkr,GasA,TA
792,Y,1,1127,886,0,2013,2,1,0,1,TA,8,Typ,1,TA,SBrkr,GasA,Ex
793,Y,0,1496,0,0,1496,2,0,0,1,Gd,7,Typ,0,No,SBrkr,GasA,Ex
794,Y,0,1086,809,0,1895,2,1,0,1,Gd,7,Typ,1,TA,SBrkr,GasA,Ex
795,Y,0,888,676,0,1564,2,1,0,1,TA,7,Typ,1,TA,SBrkr,GasA,TA
796,Y,0,1285,0,0,1285,1,1,0,1,TA,7,Typ,1,TA,SBrkr,GasA,Ex
797,Y,0,773,0,0,773,1,0,0,1,TA,4,Typ,0,No,SBrkr,GasA,Gd
798,Y,0,1966,1174,0,3140,3,1,0,1,Ex,11,Typ,2,Gd,SBrkr,GasA,Ex
799,Y,1,981,787,0,1768,1,1,0,1,Gd,7,Typ,2,TA,SBrkr,GasA,Ex
800,Y,1,616,1072,0,1688,2,1,0,1,Gd,8,Typ,0,No,SBrkr,GasA,Gd
801,Y,1,1196,0,0,1196,1,0,0,1,TA,5,Typ,0,No,FuseA,GasA,Ex
802,Y,1,728,728,0,1456,2,1,0,1,Gd,7,Typ,1,Gd,SBrkr,GasA,Ex
803,Y,0,1734,1088,0,2822,3,1,0,1,Ex,12,Typ,1,Gd,SBrkr,GasA,Ex
804,Y,0,1128,0,0,1128,1,0,0,1,TA,5,Min1,0,No,SBrkr,GasA,TA
805,Y,0,1428,0,0,1428,2,0,0,1,Ex,6,Typ,0,No,SBrkr,GasA,Ex
806,Y,0,980,0,0,980,2,0,0,1,TA,6,Typ,0,No,SBrkr,GasA,Gd
807,Y,2,1072,504,0,1576,1,1,0,1,Gd,6,Typ,1,TA,SBrkr,GasA,Ex
808,Y,1,1086,0,0,1086,1,0,0,1,TA,6,Typ,1,Gd,SBrkr,GasA,TA
809,N,0,1075,1063,0,2138,2,0,0,3,TA,11,Typ,0,No,FuseA,GasA,TA
810,Y,1,1309,0,0,1309,1,1,0,1,Gd,5,Typ,1,Fa,SBrkr,GasA,Fa
811,Y,1,848,0,0,848,1,0,0,1,Gd,4,Typ,1,Gd,SBrkr,GasA,Ex
812,N,0,1044,0,0,1044,1,0,0,1,Fa,4,Typ,0,No,FuseA,GasA,TA
813,Y,0,1442,0,0,1442,1,1,0,1,TA,7,Typ,0,No,SBrkr,GasA,Gd
814,Y,0,686,564,0,1250,1,1,1,1,Fa,7,Typ,0,No,SBrkr,GasW,Gd
815,Y,0,1661,0,0,1661,2,0,0,1,Gd,6,Typ,0,No,SBrkr,GasA,Ex
816,Y,0,1008,0,0,1008,1,0,0,1,TA,4,Typ,1,Gd,SBrkr,GasA,Gd
817,Y,1,1689,0,0,1689,2,0,0,1,Gd,7,Typ,2,Gd,SBrkr,GasA,Ex
818,Y,1,1052,0,0,1052,1,0,0,1,TA,6,Typ,0,No,SBrkr,GasA,Gd
819,Y,1,1358,0,0,1358,2,0,0,1,Gd,6,Typ,1,Gd,SBrkr,GasA,Ex
820,Y,0,798,842,0,1640,2,1,0,1,Gd,6,Typ,0,No,SBrkr,GasA,Ex
821,N,0,936,0,0,936,1,0,0,1,TA,4,Min2,0,No,SBrkr,GasA,TA
822,Y,0,847,886,0,1733,2,1,0,1,Gd,7,Typ,1,Gd,SBrkr,GasA,Ex
823,Y,0,944,545,0,1489,2,0,0,1,TA,7,Typ,1,Gd,SBrkr,GasA,TA
824,Y,0,1489,0,0,1489,2,0,0,1,Gd,7,Typ,1,Gd,SBrkr,GasA,Ex
825,Y,1,2084,0,0,2084,2,0,0,1,Ex,7,Typ,1,Gd,SBrkr,GasA,Ex
826,Y,1,784,0,0,784,1,0,0,1,Gd,5,Typ,0,No,SBrkr,GasA,Gd
827,Y,0,1434,0,0,1434,2,0,0,1,Gd,6,Typ,1,TA,SBrkr,GasA,Ex
828,Y,0,1160,966,0,2126,2,1,1,1,TA,7,Min2,0,No,SBrkr,GasA,TA
829,Y,0,520,623,80,1223,2,1,0,1,Gd,4,Typ,0,No,SBrkr,GasA,Ex
830,Y,1,1392,0,0,1392,1,1,0,1,TA,6,Typ,2,Gd,FuseA,GasA,TA
831,Y,0,520,600,80,1200,2,1,0,1,Gd,4,Typ,0,No,SBrkr,GasA,Ex
832,Y,1,941,888,0,1829,2,1,0,1,Gd,7,Typ,1,TA,SBrkr,GasA,Ex
833,Y,0,1516,0,0,1516,1,1,0,1,TA,6,Typ,0,No,SBrkr,GasA,TA
834,Y,1,1144,0,0,1144,1,0,0,1,TA,6,Typ,0,No,SBrkr,GasA,Gd
835,Y,0,1067,0,0,1067,2,0,0,1,Gd,4,Min2,0,No,SBrkr,GasA,TA
836,Y,1,1559,0,0,1559,1,0,0,1,TA,5,Min2,0,No,SBrkr,GasA,Gd
837,Y,1,483,504,0,987,1,1,0,1,TA,5,Typ,0,No,SBrkr,GasA,TA
838,Y,0,1099,0,0,1099,1,1,0,1,Gd,6,Typ,0,No,SBrkr,GasA,Ex
839,Y,0,768,432,0,1200,1,0,0,1,TA,6,Typ,0,No,SBrkr,GasA,Ex
840,N,0,810,672,0,1482,2,0,0,1,Fa,7,Typ,0,No,SBrkr,GasA,TA
841,Y,0,958,581,0,1539,2,0,0,1,Gd,8,Typ,1,Po,SBrkr,GasA,Gd
842,Y,1,1165,0,0,1165,1,1,0,1,TA,6,Typ,0,No,SBrkr,GasA,TA
843,N,0,1800,0,0,1800,2,0,0,2,TA,10,Typ,0,No,SBrkr,GasA,Ex
844,Y,0,876,540,0,1416,1,1,0,1,TA,7,Typ,1,Gd,SBrkr,GasA,Gd
845,Y,1,1701,0,0,1701,2,0,0,1,TA,6,Min2,2,TA,SBrkr,GasA,TA
846,Y,1,1006,769,0,1775,2,1,0,1,Gd,7,Typ,1,TA,SBrkr,GasA,Ex
847,Y,1,864,0,0,864,1,0,0,1,TA,5,Typ,1,Fa,SBrkr,GasA,Ex
848,Y,0,1307,1051,0,2358,3,0,0,1,TA,10,Typ,1,Gd,SBrkr,GasA,TA
849,Y,0,1094,761,0,1855,2,1,0,1,TA,7,Typ,1,TA,SBrkr,GasA,Ex
850,Y,1,848,0,0,848,1,0,0,1,Gd,3,Typ,0,No,SBrkr,GasA,Ex
851,Y,0,1456,0,0,1456,2,0,0,1,Gd,7,Typ,1,TA,SBrkr,GasA,Ex
852,Y,0,918,728,0,1646,2,0,0,1,TA,7,Typ,2,Gd,SBrkr,GasA,Gd
853,Y,0,1445,0,0,1445,1,1,0,1,TA,7,Typ,1,Fa,SBrkr,GasA,TA
854,Y,1,1779,0,0,1779,1,1,0,1,TA,6,Typ,1,Gd,SBrkr,GasA,TA
855,Y,1,1040,0,0,1040,1,1,0,1,TA,6,Typ,0,No,SBrkr,GasA,Ex
856,Y,1,1026,0,0,1026,1,0,0,1,TA,5,Typ,0,No,SBrkr,GasA,TA
857,Y,0,702,779,0,1481,2,1,0,1,TA,6,Typ,1,TA,SBrkr,GasA,Gd
858,Y,0,1370,0,0,1370,2,0,0,1,TA,6,Typ,1,TA,SBrkr,GasA,TA
859,Y,1,1512,1142,0,2654,2,1,0,1,Gd,9,Typ,1,Gd,SBrkr,GasA,TA
860,Y,0,912,514,0,1426,1,1,0,1,Gd,7,Typ,1,Gd,SBrkr,GasA,Gd
861,Y,1,1039,0,0,1039,1,1,0,1,TA,6,Typ,0,No,SBrkr,GasA,Ex
862,Y,0,1097,0,0,1097,2,0,0,1,TA,6,Typ,0,No,SBrkr,GasA,TA
863,Y,1,1148,0,0,1148,1,0,0,1,TA,6,Typ,0,No,SBrkr,GasA,TA
864,Y,0,1372,0,0,1372,2,0,0,1,Gd,6,Typ,0,No,SBrkr,GasA,Ex
865,Y,1,1002,0,0,1002,1,0,0,1,TA,5,Typ,0,No,SBrkr,GasA,TA
866,Y,0,1646,0,0,1646,2,0,0,1,Gd,6,Typ,1,Gd,SBrkr,GasA,Ex
867,Y,1,1120,0,0,1120,1,1,0,1,Fa,5,Typ,0,No,SBrkr,GasA,TA
868,Y,0,1547,720,53,2320,2,0,0,1,TA,7,Typ,1,TA,SBrkr,GasA,Gd
869,Y,1,1062,887,0,1949,2,1,0,1,Gd,8,Typ,1,TA,SBrkr,GasA,Ex
870,N,0,894,0,0,894,1,0,0,1,TA,5,Typ,0,No,SBrkr,GasA,Gd
871,Y,0,804,878,0,1682,2,1,0,1,Gd,7,Typ,0,No,SBrkr,GasA,Ex
872,Y,0,910,0,0,910,1,0,0,1,Gd,5,Typ,0,No,SBrkr,GasA,Gd
873,Y,0,1036,0,232,1268,1,0,0,1,TA,6,Typ,1,Gd,SBrkr,GasA,Gd
874,Y,0,676,455,0,1131,1,1,0,1,TA,5,Typ,0,No,SBrkr,GasA,Ex
875,Y,0,1184,1426,0,2610,2,1,0,1,Ex,11,Typ,1,Gd,SBrkr,GasA,Ex
876,Y,1,1040,0,0,1040,1,0,0,1,TA,5,Typ,0,No,SBrkr,GasA,Gd
877,Y,1,1462,762,0,2224,2,1,0,1,Ex,10,Typ,1,Gd,SBrkr,GasA,Ex
878,Y,1,1155,0,0,1155,1,0,0,1,Gd,6,Min2,0,No,SBrkr,GasA,TA
879,Y,1,864,0,0,864,1,0,0,1,TA,6,Typ,0,No,SBrkr,GasA,Ex
880,Y,1,1090,0,0,1090,1,1,0,1,TA,5,Typ,0,No,SBrkr,GasA,Gd
881,Y,0,1187,530,0,1717,2,1,0,1,Gd,7,Typ,1,TA,SBrkr,GasA,Ex
882,Y,0,808,785,0,1593,2,1,0,1,TA,7,Typ,1,TA,SBrkr,GasA,Gd
883,N,1,954,795,481,2230,1,0,0,1,TA,10,Typ,0,No,SBrkr,GasA,TA
884,Y,0,892,0,0,892,1,0,0,1,TA,5,Typ,0,No,SBrkr,GasA,TA
885,Y,1,1709,0,0,1709,2,0,0,1,Gd,5,Typ,1,TA,SBrkr,GasA,Ex
886,Y,0,1712,0,0,1712,2,0,0,2,TA,8,Typ,0,No,SBrkr,GasA,Ex
887,Y,0,872,521,0,1393,1,1,0,1,TA,8,Typ,0,No,SBrkr,GasA,TA
888,Y,1,2217,0,0,2217,2,0,0,1,Gd,8,Typ,1,TA,SBrkr,GasA,Ex
889,Y,1,1505,0,0,1505,1,0,0,1,TA,6,Typ,1,TA,SBrkr,GasA,Ex
890,Y,0,672,252,0,924,1,0,0,1,TA,6,Typ,1,Po,SBrkr,GasA,Ex
891,Y,0,918,765,0,1683,2,1,0,1,TA,7,Typ,1,TA,SBrkr,GasA,Gd
892,Y,0,1068,0,0,1068,1,0,1,1,TA,6,Typ,0,No,SBrkr,GasA,TA
893,Y,1,1383,0,0,1383,1,0,0,1,TA,6,Typ,1,Gd,SBrkr,GasA,TA
894,Y,0,1535,0,0,1535,2,0,0,2,TA,8,Typ,0,No,SBrkr,GasA,TA
895,Y,1,983,813,0,1796,1,1,0,1,TA,8,Typ,1,TA,SBrkr,GasA,TA
896,N,0,951,0,0,951,1,0,0,1,TA,6,Typ,0,No,SBrkr,GasA,Ex
897,Y,0,1120,1120,0,2240,2,0,0,2,TA,12,Typ,0,No,SBrkr,GasA,TA
898,Y,1,2364,0,0,2364,2,1,0,1,Ex,11,Typ,2,Gd,SBrkr,GasA,Ex
899,Y,0,1236,0,0,1236,1,0,0,1,TA,6,Typ,1,TA,SBrkr,GasA,TA
900,Y,0,858,0,0,858,1,0,0,1,TA,4,Typ,0,No,SBrkr,GasA,TA
901,Y,1,1306,0,0,1306,1,0,0,1,TA,5,Typ,0,No,SBrkr,GasA,TA
902,Y,0,807,702,0,1509,2,1,0,1,Gd,8,Typ,1,Gd,SBrkr,GasA,Ex
903,Y,0,1670,0,0,1670,2,0,0,1,Gd,7,Typ,1,Gd,SBrkr,GasA,Ex
904,Y,0,902,0,0,902,1,0,0,1,TA,6,Typ,0,No,SBrkr,GasA,TA
905,Y,1,1063,0,0,1063,1,0,0,1,TA,6,Typ,0,No,SBrkr,GasA,TA
906,Y,1,1636,0,0,1636,2,0,0,1,Gd,8,Typ,1,Gd,SBrkr,GasA,Ex
907,Y,0,1020,1037,0,2057,1,1,0,1,Gd,6,Typ,1,Gd,SBrkr,GasA,Gd
908,Y,1,902,0,0,902,1,0,0,1,TA,5,Typ,0,No,SBrkr,GasA,TA
909,Y,0,742,742,0,1484,2,1,0,1,Gd,8,Typ,1,Gd,SBrkr,GasA,Ex
910,Y,0,1105,1169,0,2274,2,0,0,2,TA,12,Typ,0,No,FuseA,GasA,TA
911,Y,0,1268,0,0,1268,1,1,0,1,Gd,5,Typ,0,No,SBrkr,GasA,TA
912,N,0,1015,0,0,1015,1,0,0,1,TA,6,Min1,0,No,SBrkr,GasA,TA
913,N,0,1001,1001,0,2002,2,0,0,2,TA,8,Typ,0,No,FuseA,GasA,TA
914,Y,0,612,612,0,1224,2,1,0,1,Gd,4,Typ,0,No,SBrkr,GasA,Ex
915,Y,0,546,546,0,1092,1,1,0,1,TA,6,Typ,0,No,SBrkr,GasA,Fa
916,N,1,480,0,0,480,0,0,0,1,TA,4,Typ,0,No,FuseA,GasA,TA
917,Y,0,1229,0,0,1229,1,0,0,1,TA,6,Typ,0,No,FuseA,GasA,Ex
918,Y,1,912,1215,0,2127,2,1,0,1,Gd,8,Typ,1,TA,SBrkr,GasA,Ex
919,Y,1,1414,0,0,1414,1,0,0,1,TA,6,Min1,1,TA,SBrkr,GasA,Ex
920,Y,0,936,785,0,1721,2,1,1,1,Gd,7,Typ,0,No,SBrkr,GasA,Ex
921,Y,2,1272,928,0,2200,2,2,0,2,TA,9,Typ,0,No,SBrkr,GasA,Gd
922,Y,0,1316,0,0,1316,2,0,0,1,Gd,6,Typ,1,Gd,SBrkr,GasA,Ex
923,Y,1,1617,0,0,1617,2,0,0,1,Gd,5,Typ,1,Fa,SBrkr,GasA,Ex
924,Y,1,1686,0,0,1686,2,0,0,1,TA,7,Typ,1,TA,SBrkr,GasA,TA
925,Y,0,1126,0,0,1126,2,0,1,1,Ex,6,Typ,0,No,SBrkr,GasA,TA
926,Y,0,1234,1140,0,2374,2,1,0,1,Ex,10,Typ,1,Gd,SBrkr,GasA,Ex
927,Y,0,1098,880,0,1978,2,1,0,1,TA,9,Typ,1,Gd,SBrkr,GasA,Gd
928,Y,0,1788,0,0,1788,2,0,0,1,Ex,7,Typ,1,TA,SBrkr,GasA,Ex
929,Y,0,993,1243,0,2236,2,1,0,1,Gd,8,Typ,1,TA,SBrkr,GasA,Gd
930,Y,0,1466,0,0,1466,2,0,0,1,Gd,7,Typ,0,No,SBrkr,GasA,Ex
931,Y,0,925,0,0,925,1,0,1,1,TA,5,Typ,0,No,SBrkr,GasA,Ex
932,Y,0,1905,0,0,1905,2,0,0,1,Ex,8,Typ,1,Gd,SBrkr,GasA,Ex
933,Y,0,1500,0,0,1500,2,0,0,1,Gd,6,Typ,0,No,SBrkr,GasA,Ex
934,Y,1,2069,0,0,2069,2,0,0,1,Gd,9,Typ,1,Gd,SBrkr,GasA,Ex
935,Y,0,747,0,0,747,1,0,0,1,TA,5,Typ,0,No,SBrkr,GasA,Gd
936,Y,1,1200,0,0,1200,2,0,0,1,Gd,5,Typ,0,No,SBrkr,GasA,Ex
937,Y,0,1113,858,0,1971,2,1,0,1,Gd,8,Typ,1,Gd,SBrkr,GasA,Ex
938,Y,0,1391,571,0,1962,2,1,0,1,Gd,7,Typ,0,No,SBrkr,GasA,Ex
939,Y,0,1207,1196,0,2403,2,0,0,1,TA,10,Typ,2,TA,SBrkr,GasA,Ex
940,Y,0,1728,0,0,1728,2,0,0,2,TA,8,Typ,0,No,SBrkr,GasA,TA
941,Y,1,1022,1038,0,2060,2,1,0,1,Gd,8,Typ,1,TA,SBrkr,GasA,Ex
942,Y,2,1440,0,0,1440,2,0,0,2,TA,8,Typ,0,No,SBrkr,GasA,TA
943,Y,0,1632,0,0,1632,2,0,0,2,TA,8,Typ,0,No,SBrkr,GasA,TA
944,Y,0,1344,0,0,1344,1,0,1,1,Gd,7,Typ,1,Gd,FuseA,GasA,Gd
945,Y,0,1188,561,120,1869,1,0,0,1,TA,7,Typ,0,No,SBrkr,GasA,TA
946,Y,1,1144,0,0,1144,1,0,0,1,TA,6,Typ,1,TA,SBrkr,GasA,TA
947,Y,1,1629,0,0,1629,2,0,0,1,Gd,9,Typ,1,Gd,SBrkr,GasA,Ex
948,Y,0,936,840,0,1776,2,1,0,1,Gd,7,Typ,1,TA,SBrkr,GasA,Ex
949,Y,1,1381,0,0,1381,1,1,0,1,Gd,5,Typ,1,TA,SBrkr,GasA,TA
950,Y,1,864,0,0,864,1,0,0,1,Gd,5,Typ,0,No,SBrkr,GasA,Gd
951,Y,1,965,0,0,965,1,0,0,1,TA,6,Typ,0,No,SBrkr,GasA,Gd
952,Y,0,768,0,0,768,1,0,1,1,TA,5,Typ,0,No,SBrkr,GasA,Gd
953,Y,0,1168,800,0,1968,2,1,1,1,TA,7,Min2,1,Po,SBrkr,GasA,Ex
954,Y,0,980,0,0,980,2,0,2,0,TA,4,Typ,0,No,SBrkr,GasA,TA
955,N,0,979,979,0,1958,2,0,0,2,TA,8,Typ,0,No,FuseF,GasA,TA
956,Y,0,561,668,0,1229,1,1,0,1,TA,5,Typ,1,TA,SBrkr,GasA,TA
957,Y,0,1057,0,0,1057,1,0,0,1,TA,6,Typ,0,No,SBrkr,GasA,TA
958,Y,1,1337,0,0,1337,2,0,0,1,Gd,6,Typ,0,No,SBrkr,GasA,Ex
959,Y,1,696,720,0,1416,2,1,0,1,Gd,6,Typ,0,No,SBrkr,GasA,Ex
960,Y,1,858,0,0,858,1,0,0,1,TA,4,Typ,0,No,SBrkr,GasA,Gd
961,Y,1,1542,1330,0,2872,2,1,0,1,TA,11,Typ,1,TA,SBrkr,GasA,TA
962,Y,1,804,744,0,1548,2,1,0,1,Gd,7,Typ,1,TA,SBrkr,GasA,TA
963,Y,0,1800,0,0,1800,2,0,0,1,Ex,7,Typ,0,No,SBrkr,GasA,Ex
964,Y,1,824,1070,0,1894,2,1,0,1,Gd,8,Typ,1,Gd,SBrkr,GasA,Ex
965,Y,0,783,701,0,1484,2,1,0,1,Gd,8,Typ,1,Gd,SBrkr,GasA,Ex
966,Y,1,976,332,0,1308,1,1,0,1,TA,7,Min2,2,TA,SBrkr,GasA,Ex
967,Y,1,1098,0,0,1098,1,0,0,1,TA,6,Typ,0,No,SBrkr,GasA,TA
968,N,0,600,368,0,968,1,0,0,1,TA,6,Typ,0,No,SBrkr,Grav,Fa
969,Y,1,1095,0,0,1095,1,0,0,1,TA,6,Typ,0,No,SBrkr,GasA,TA
970,N,0,720,472,0,1192,1,1,0,1,TA,6,Typ,0,No,FuseA,GasA,TA
971,Y,0,764,862,0,1626,2,0,0,1,Gd,6,Typ,0,No,SBrkr,GasA,Ex
972,Y,0,918,0,0,918,2,0,0,1,TA,5,Typ,1,TA,SBrkr,GasA,TA
973,Y,0,1428,0,0,1428,2,0,0,1,Gd,6,Typ,0,No,SBrkr,GasA,Ex
974,N,0,1136,883,0,2019,1,0,0,1,Gd,8,Typ,0,No,SBrkr,GasA,TA
975,Y,1,673,709,0,1382,2,1,0,1,Gd,6,Typ,0,No,SBrkr,GasA,Ex
976,Y,0,869,0,0,869,1,0,0,1,Fa,4,Typ,0,No,FuseA,GasA,TA
977,Y,1,1241,0,0,1241,1,1,0,1,Gd,4,Typ,0,No,SBrkr,GasA,Ex
978,Y,0,894,0,0,894,1,0,0,1,TA,5,Typ,0,No,SBrkr,GasA,Ex
979,Y,1,1121,0,0,1121,1,0,0,1,TA,5,Typ,0,No,SBrkr,GasA,TA
980,Y,1,999,0,0,999,1,0,0,1,Ex,6,Typ,0,No,SBrkr,GasA,Gd
981,Y,1,1276,1336,0,2612,2,1,0,1,Gd,8,Typ,1,TA,SBrkr,GasA,Ex
982,Y,0,1266,0,0,1266,2,0,0,1,Gd,6,Typ,1,Gd,SBrkr,GasA,Ex
983,Y,0,1149,1141,0,2290,2,1,0,1,Gd,9,Typ,1,Gd,SBrkr,GasA,Ex
984,Y,0,1302,432,0,1734,2,0,0,2,Gd,8,Typ,0,No,SBrkr,GasA,TA
985,N,1,1164,0,0,1164,1,0,0,1,TA,5,Typ,0,No,SBrkr,GasW,TA
986,Y,0,1001,634,0,1635,1,0,0,1,Gd,5,Typ,0,No,SBrkr,GasA,Gd
987,Y,1,1940,0,0,1940,2,1,0,1,Ex,8,Typ,1,Gd,SBrkr,GasA,Ex
988,Y,0,1118,912,0,2030,2,1,0,1,Gd,8,Typ,1,TA,SBrkr,GasA,TA
989,Y,0,778,798,0,1576,2,1,0,1,Gd,6,Typ,0,No,SBrkr,GasA,Ex
990,Y,1,1407,985,0,2392,2,1,0,1,Gd,7,Typ,1,TA,SBrkr,GasA,Ex
991,Y,0,916,826,0,1742,1,1,0,1,Gd,8,Typ,1,Gd,SBrkr,GasA,Gd
992,Y,0,1020,831,0,1851,2,1,0,1,Gd,7,Typ,1,Fa,SBrkr,GasA,Gd
993,Y,0,750,750,0,1500,2,1,0,1,Gd,6,Typ,0,No,SBrkr,GasA,Ex
994,Y,1,1718,0,0,1718,2,0,0,1,Ex,7,Typ,1,Gd,SBrkr,GasA,Ex
995,Y,1,774,456,0,1230,1,1,0,1,TA,5,Typ,0,No,SBrkr,GasA,TA
996,Y,1,1050,0,0,1050,1,0,0,1,TA,6,Typ,0,No,SBrkr,GasA,TA
997,Y,0,1442,0,0,1442,2,0,0,1,TA,6,Typ,1,TA,SBrkr,GasA,TA
998,N,0,1077,0,0,1077,1,0,0,1,TA,6,Typ,1,Gd,SBrkr,GasA,Fa
999,Y,1,1208,0,0,1208,2,0,0,1,Gd,6,Typ,0,No,SBrkr,GasA,Ex
1000,N,0,944,0,0,944,1,0,0,1,Fa,4,Min1,0,No,FuseF,GasW,Fa
1001,Y,0,691,0,0,691,1,0,0,1,Ex,4,Typ,0,No,FuseA,GasA,Ex
1002,Y,0,1574,0,0,1574,2,0,0,1,Gd,7,Typ,1,Gd,SBrkr,GasA,Ex
1003,Y,0,1680,0,0,1680,2,0,0,2,TA,8,Typ,0,No,SBrkr,GasA,Fa
1004,Y,0,1504,0,0,1504,2,0,0,1,Gd,7,Typ,1,Gd,SBrkr,GasA,Ex
1005,Y,0,985,0,0,985,2,0,0,1,TA,6,Typ,0,No,SBrkr,GasA,TA
1006,Y,0,1657,0,0,1657,2,0,1,1,TA,7,Typ,1,TA,SBrkr,GasA,Gd
1007,Y,0,546,546,0,1092,1,1,0,1,TA,6,Typ,0,No,SBrkr,GasA,TA
1008,Y,0,1710,0,0,1710,2,0,0,1,Gd,7,Typ,1,Gd,SBrkr,GasA,Ex
1009,Y,0,1008,0,514,1522,2,0,0,1,TA,7,Typ,0,No,SBrkr,GasA,Ex
1010,Y,0,720,551,0,1271,2,0,0,1,TA,7,Typ,1,Gd,SBrkr,GasA,TA
1011,N,0,1664,0,0,1664,2,0,0,2,TA,8,Typ,0,No,SBrkr,GasA,TA
1012,Y,0,900,602,0,1502,1,1,0,1,Gd,7,Typ,2,TA,SBrkr,GasA,TA
1013,N,1,1022,0,0,1022,1,0,0,1,TA,4,Maj2,0,No,SBrkr,GasW,TA
1014,Y,0,1082,0,0,1082,1,0,0,1,TA,5,Typ,1,Gd,SBrkr,GasA,TA
1015,Y,1,810,855,0,1665,2,1,0,1,Gd,6,Typ,0,No,SBrkr,GasA,Ex
1016,Y,1,1504,0,0,1504,2,0,0,1,Gd,6,Typ,1,TA,SBrkr,GasA,Ex
1017,Y,1,1360,0,0,1360,1,0,0,1,Gd,4,Typ,1,Ex,SBrkr,GasA,Gd
1018,Y,0,802,670,0,1472,2,1,0,1,Gd,7,Typ,1,TA,SBrkr,GasA,Gd
1019,Y,0,1506,0,0,1506,2,0,0,1,Gd,6,Typ,1,Gd,SBrkr,GasA,Ex
1020,Y,1,1132,0,0,1132,1,1,0,1,Gd,5,Typ,0,No,SBrkr,GasA,Ex
1021,Y,1,1220,0,0,1220,2,0,0,1,Gd,6,Typ,0,No,SBrkr,GasA,Ex
1022,Y,0,912,336,0,1248,1,0,0,1,TA,6,Typ,0,No,FuseA,GasA,Gd
1023,Y,0,1504,0,0,1504,2,0,0,1,Gd,7,Typ,1,Gd,SBrkr,GasA,Ex
1024,Y,1,2898,0,0,2898,2,0,0,1,Gd,10,Typ,1,Gd,SBrkr,GasA,TA
1025,Y,1,882,0,0,882,1,0,0,1,TA,5,Typ,0,No,SBrkr,GasA,TA
1026,Y,1,1264,0,0,1264,1,0,0,1,TA,6,Typ,2,Gd,SBrkr,GasA,TA
1027,Y,1,1646,0,0,1646,2,0,0,1,Gd,7,Typ,1,Gd,SBrkr,GasA,Ex
1028,Y,1,968,408,0,1376,1,0,0,1,TA,6,Typ,1,Gd,SBrkr,GasA,TA
1029,Y,0,672,546,0,1218,1,1,1,1,TA,7,Typ,0,No,SBrkr,GasA,Gd
1030,Y,0,948,980,0,1928,2,0,0,2,TA,10,Typ,0,No,SBrkr,GasA,Gd
1031,Y,1,1687,998,397,3082,2,1,0,1,TA,12,Typ,2,TA,SBrkr,GasA,Ex
1032,Y,1,1352,1168,0,2520,2,1,0,1,Gd,10,Typ,1,TA,SBrkr,GasA,Ex
1033,Y,1,1654,0,0,1654,2,0,0,1,Gd,6,Typ,0,No,SBrkr,GasA,Ex
1034,Y,0,954,0,0,954,1,0,0,1,Fa,5,Typ,1,Gd,SBrkr,GasA,Ex
1035,N,0,845,0,0,845,1,0,0,1,TA,5,Typ,0,No,SBrkr,GasA,Ex
1036,Y,1,1620,0,0,1620,2,0,0,1,Ex,6,Typ,1,Ex,SBrkr,GasA,Ex
1037,Y,0,1055,1208,0,2263,2,1,0,1,Gd,7,Typ,1,TA,SBrkr,GasA,Ex
1038,Y,0,798,546,0,1344,1,1,0,1,TA,6,Typ,1,TA,SBrkr,GasA,TA
1039,Y,1,630,0,0,630,1,0,0,1,TA,3,Typ,0,No,SBrkr,GasA,TA
1040,Y,1,1803,0,0,1803,2,0,0,1,TA,8,Maj1,1,TA,SBrkr,GasA,Ex
1041,Y,0,800,832,0,1632,1,1,1,1,Gd,7,Typ,0,No,SBrkr,GasA,Gd
1042,Y,1,1306,0,0,1306,2,0,0,1,Gd,5,Typ,1,Gd,SBrkr,GasA,Ex
1043,Y,1,1532,797,0,2329,2,1,0,1,Gd,10,Typ,1,Ex,SBrkr,GasA,Ex
1044,Y,1,2524,0,0,2524,2,1,0,1,Gd,9,Typ,1,Gd,SBrkr,GasA,TA
1045,Y,0,1733,0,0,1733,2,0,0,1,TA,8,Min2,1,Gd,FuseA,GasA,Ex
1046,Y,0,1992,876,0,2868,3,1,0,1,Ex,11,Typ,1,Gd,SBrkr,GasA,Ex
1047,Y,0,990,0,0,990,1,0,1,1,TA,5,Typ,0,No,SBrkr,GasA,Ex
1048,Y,0,1771,0,0,1771,1,0,0,1,TA,9,Min1,1,TA,SBrkr,GasA,TA
1049,Y,0,930,0,0,930,1,0,0,1,Gd,6,Typ,0,No,SBrkr,GasA,Ex
1050,Y,0,1302,0,0,1302,2,0,0,1,Gd,6,Typ,0,No,SBrkr,GasA,Ex
1051,Y,0,1316,0,0,1316,2,0,0,1,Gd,6,Typ,1,Gd,SBrkr,GasA,Ex
1052,Y,0,1127,850,0,1977,1,1,1,1,TA,9,Typ,1,TA,SBrkr,GasA,TA
1053,Y,0,1526,0,0,1526,1,0,0,1,TA,7,Min2,1,Gd,FuseA,GasA,Ex
1054,Y,1,1091,898,0,1989,2,1,0,1,Gd,7,Typ,1,Gd,SBrkr,GasA,Ex
1055,Y,0,1523,0,0,1523,2,0,1,1,TA,7,Typ,1,TA,SBrkr,GasA,TA
1056,Y,1,1364,0,0,1364,2,0,0,1,Gd,6,Typ,1,Gd,SBrkr,GasA,Ex
1057,Y,0,979,871,0,1850,2,1,0,1,Gd,7,Typ,1,Gd,SBrkr,GasA,Ex
1058,Y,1,1130,1054,0,2184,2,1,0,1,Ex,10,Typ,1,Gd,SBrkr,GasA,Ex
1059,Y,0,1096,895,0,1991,1,1,0,1,TA,7,Typ,1,Gd,SBrkr,GasA,TA
1060,Y,1,1338,0,0,1338,2,0,0,1,Gd,6,Typ,0,No,SBrkr,GasA,Ex
1061,Y,0,894,0,0,894,1,0,0,1,TA,6,Typ,0,No,SBrkr,GasA,TA
1062,N,0,1422,915,0,2337,2,0,0,2,TA,10,Min2,0,No,SBrkr,GasA,TA
1063,Y,0,1103,0,0,1103,1,0,0,1,Gd,5,Typ,1,Gd,SBrkr,GasA,Gd
1064,Y,0,1154,0,0,1154,1,1,0,1,TA,6,Typ,1,Po,SBrkr,GasA,Ex
1065,Y,1,1306,954,0,2260,2,1,0,1,Gd,7,Typ,0,No,SBrkr,GasA,Ex
1066,Y,0,799,772,0,1571,2,1,0,1,TA,7,Typ,1,TA,SBrkr,GasA,Gd
1067,Y,1,798,813,0,1611,1,1,0,1,TA,7,Typ,0,No,SBrkr,GasA,TA
1068,Y,1,1291,1230,0,2521,2,1,0,1,TA,10,Maj1,1,Gd,SBrkr,GasA,Gd
1069,Y,0,893,0,0,893,1,0,1,1,Gd,4,Typ,0,No,SBrkr,GasA,TA
1070,Y,1,1048,0,0,1048,1,0,0,1,TA,6,Typ,0,No,SBrkr,GasA,TA
1071,Y,0,829,727,0,1556,1,1,0,1,TA,8,Typ,0,No,SBrkr,GasA,Ex
1072,Y,1,1002,454,0,1456,1,0,1,1,TA,7,Typ,1,TA,FuseA,GasA,Fa
1073,Y,0,698,728,0,1426,1,1,0,1,TA,6,Typ,0,No,SBrkr,GasA,TA
1074,Y,0,1240,0,0,1240,2,0,0,1,Gd,5,Typ,0,No,SBrkr,GasA,Ex
1075,Y,0,960,780,0,1740,1,1,0,1,TA,6,Typ,2,Gd,SBrkr,GasA,TA
1076,Y,0,1096,370,0,1466,2,0,1,1,Gd,7,Min1,1,TA,SBrkr,GasA,Gd
1077,Y,1,1096,0,0,1096,1,0,0,1,TA,6,Typ,0,No,SBrkr,GasA,Ex
1078,Y,1,848,0,0,848,1,0,0,1,Gd,3,Typ,1,Gd,SBrkr,GasA,Ex
1079,Y,0,990,0,0,990,1,0,0,1,TA,5,Typ,0,No,SBrkr,GasA,Gd
1080,Y,0,1258,0,0,1258,2,0,1,1,Gd,5,Typ,0,No,SBrkr,GasA,Ex
1081,Y,1,1040,0,0,1040,1,1,0,1,TA,5,Typ,0,No,SBrkr,GasA,Fa
1082,Y,0,1459,0,0,1459,2,0,0,1,Gd,6,Typ,1,Gd,SBrkr,GasA,Ex
1083,Y,1,1251,0,0,1251,1,0,0,1,TA,6,Typ,2,Gd,SBrkr,GasA,TA
1084,Y,0,691,807,0,1498,2,1,0,1,TA,6,Typ,1,TA,SBrkr,GasA,Gd
1085,Y,1,996,0,0,996,1,0,0,1,Gd,5,Typ,0,No,SBrkr,GasA,Ex
1086,Y,0,546,546,0,1092,1,1,0,1,TA,6,Typ,0,No,SBrkr,GasA,TA
1087,Y,0,1082,871,0,1953,2,1,0,1,Gd,9,Typ,1,Gd,SBrkr,GasA,Ex
1088,Y,0,970,739,0,1709,2,0,0,1,Gd,7,Maj1,0,No,SBrkr,GasA,Ex
1089,Y,1,1247,0,0,1247,1,1,0,1,Gd,4,Typ,1,Gd,SBrkr,GasA,Ex
1090,N,0,1040,0,0,1040,2,0,0,2,TA,6,Typ,0,No,FuseA,Wall,Fa
1091,Y,1,624,628,0,1252,2,1,0,1,Gd,4,Typ,0,No,SBrkr,GasA,Ex
1092,Y,0,1390,304,0,1694,2,0,0,1,TA,7,Typ,1,Gd,SBrkr,GasA,Fa
1093,Y,1,1200,0,0,1200,1,1,0,1,Gd,6,Typ,0,No,SBrkr,GasA,Gd
1094,Y,1,936,0,0,936,1,0,0,1,TA,4,Typ,0,No,SBrkr,GasA,Ex
1095,Y,0,1314,0,0,1314,2,0,0,1,Gd,6,Typ,1,Gd,SBrkr,GasA,Gd
1096,Y,0,773,582,0,1355,1,1,0,1,Gd,7,Typ,0,No,SBrkr,GasA,TA
1097,Y,0,1088,0,0,1088,1,1,0,1,Gd,5,Typ,0,No,SBrkr,GasA,Ex
1098,Y,0,757,567,0,1324,1,0,0,1,TA,6,Typ,0,No,SBrkr,GasA,TA
1099,Y,0,1601,0,0,1601,2,0,0,1,TA,7,Typ,1,TA,SBrkr,GasA,TA
1100,N,0,438,0,0,438,1,0,0,1,Fa,3,Typ,0,No,FuseF,GasA,TA
1101,Y,0,950,0,0,950,1,0,0,1,TA,5,Typ,0,No,SBrkr,GasA,TA
1102,Y,0,1134,0,0,1134,1,0,0,1,TA,6,Typ,0,No,SBrkr,GasA,Ex
1103,Y,0,1194,0,0,1194,1,0,1,1,TA,6,Typ,1,Fa,SBrkr,GasA,Ex
1104,Y,0,630,672,0,1302,2,1,0,1,TA,6,Typ,0,No,SBrkr,GasA,TA
1105,Y,1,1500,1122,0,2622,2,1,0,1,Gd,9,Typ,2,TA,SBrkr,GasA,Ex
1106,Y,1,1442,0,0,1442,2,0,0,1,Gd,6,Typ,1,TA,SBrkr,GasA,Gd
1107,Y,0,887,1134,0,2021,2,1,0,1,Gd,9,Typ,1,Gd,SBrkr,GasA,Ex
1108,Y,0,948,742,0,1690,2,1,0,1,TA,7,Typ,1,TA,SBrkr,GasA,Ex
1109,Y,1,1836,0,0,1836,2,0,0,1,Gd,7,Typ,1,Gd,SBrkr,GasA,Ex
1110,Y,1,773,885,0,1658,2,1,0,1,TA,8,Typ,1,TA,SBrkr,GasA,Gd
1111,Y,0,1098,866,0,1964,2,1,0,1,TA,8,Typ,1,Gd,SBrkr,GasA,TA
1112,Y,1,816,0,0,816,1,0,0,1,TA,5,Typ,0,No,FuseA,GasA,TA
1113,Y,1,1008,0,0,1008,1,0,0,1,Gd,6,Typ,0,No,SBrkr,GasA,Gd
1114,Y,0,833,0,0,833,1,0,0,1,Gd,4,Typ,0,No,SBrkr,GasA,Ex
1115,Y,1,1734,0,0,1734,2,0,0,1,Ex,7,Typ,1,Gd,SBrkr,GasA,Ex
1116,Y,1,779,640,0,1419,2,1,0,1,Gd,7,Typ,1,TA,SBrkr,GasA,Ex
1117,Y,1,894,0,0,894,1,0,0,1,Gd,5,Typ,0,No,SBrkr,GasA,Ex
1118,Y,0,1021,580,0,1601,1,0,1,1,TA,6,Min2,0,No,SBrkr,GasA,TA
1119,Y,0,1040,0,0,1040,1,0,0,1,TA,6,Typ,0,No,FuseA,GasA,TA
1120,Y,0,1012,0,0,1012,1,0,0,1,TA,6,Typ,1,Gd,FuseA,GasA,TA
1121,Y,0,1552,0,0,1552,2,0,0,1,Gd,7,Typ,0,No,SBrkr,GasA,Ex
1122,Y,0,960,0,0,960,1,0,0,1,TA,5,Typ,0,No,FuseA,GasA,Ex
1123,Y,0,698,0,0,698,1,0,1,1,TA,4,Typ,0,No,SBrkr,GasA,Ex
1124,Y,0,812,670,0,1482,2,1,0,1,Gd,7,Typ,1,TA,SBrkr,GasA,Gd
1125,Y,0,1005,0,0,1005,1,0,0,1,Fa,5,Typ,1,TA,SBrkr,GasA,TA
1126,Y,0,1555,0,0,1555,2,0,0,1,Gd,7,Typ,1,TA,SBrkr,GasA,Ex
1127,Y,1,1530,0,0,1530,2,0,0,1,Gd,7,Typ,1,Gd,SBrkr,GasA,Ex
1128,Y,0,847,1112,0,1959,2,1,0,1,Gd,8,Typ,1,Gd,SBrkr,GasA,Ex
1129,Y,1,936,0,0,936,1,0,0,1,TA,4,Typ,0,No,SBrkr,GasA,TA
1130,Y,1,1328,653,0,1981,2,0,0,1,Gd,7,Min2,2,TA,SBrkr,GasA,TA
1131,Y,0,974,0,0,974,1,0,0,1,TA,5,Typ,0,No,SBrkr,GasA,TA
1132,Y,0,1178,1032,0,2210,2,0,0,1,Fa,8,Typ,0,No,SBrkr,GasW,TA
1133,Y,0,1142,878,0,2020,2,1,0,1,Gd,8,Typ,1,TA,SBrkr,GasA,Ex
1134,Y,0,916,684,0,1600,2,1,0,1,TA,7,Typ,1,TA,SBrkr,GasA,Gd
1135,N,0,986,0,0,986,1,0,0,1,TA,5,Typ,1,Gd,SBrkr,GasA,TA
1136,Y,0,1032,220,0,1252,1,0,0,1,TA,6,Typ,0,No,FuseA,GasA,TA
1137,N,0,780,240,0,1020,1,0,0,1,TA,6,Typ,0,No,SBrkr,GasA,Gd
1138,Y,1,1567,0,0,1567,2,0,0,1,Gd,5,Typ,2,TA,SBrkr,GasA,TA
1139,Y,0,1167,0,0,1167,1,0,0,1,TA,6,Maj1,1,Gd,SBrkr,GasA,TA
1140,Y,1,952,0,0,952,1,0,0,1,TA,4,Typ,0,No,SBrkr,GasA,TA
1141,Y,1,1088,780,0,1868,2,1,0,1,Gd,9,Typ,1,TA,SBrkr,GasA,Ex
1142,Y,1,1466,1362,0,2828,3,0,0,1,Gd,11,Typ,1,TA,SBrkr,GasA,Ex
1143,Y,0,1006,0,0,1006,1,0,0,1,TA,5,Typ,0,No,SBrkr,GasA,TA
1144,N,1,672,252,0,924,1,0,0,1,Fa,5,Typ,0,No,FuseA,Grav,Fa
1145,Y,0,1042,534,0,1576,1,0,0,1,TA,8,Typ,1,Gd,SBrkr,GasA,Ex
1146,Y,1,1298,0,0,1298,2,0,0,1,Gd,5,Typ,1,TA,SBrkr,GasA,TA
1147,Y,0,860,704,0,1564,1,1,0,1,Fa,7,Typ,1,Gd,SBrkr,GasA,Ex
1148,Y,0,572,539,0,1111,1,0,0,1,TA,5,Typ,1,Gd,SBrkr,GasA,TA
1149,Y,0,832,650,0,1482,1,0,1,1,TA,7,Typ,0,No,SBrkr,GasA,Ex
1150,Y,0,932,0,0,932,1,0,0,1,Gd,4,Typ,1,Gd,FuseA,GasA,Ex
1151,Y,0,1466,0,0,1466,1,1,0,1,Fa,6,Typ,2,Gd,SBrkr,GasA,TA
1152,Y,0,1811,0,0,1811,1,0,0,1,Ex,6,Typ,1,Gd,SBrkr,GasA,Ex
1153,Y,0,816,0,0,816,1,0,0,1,TA,5,Typ,0,No,SBrkr,GasA,Ex
1154,Y,0,902,918,0,1820,1,2,0,1,Gd,8,Typ,2,Gd,SBrkr,GasA,TA
1155,Y,1,1437,0,0,1437,2,0,0,1,Gd,6,Typ,1,Fa,SBrkr,GasA,TA
1156,Y,0,1265,0,0,1265,2,0,1,1,Gd,6,Typ,1,Gd,SBrkr,GasA,Gd
1157,Y,1,1314,0,0,1314,2,0,0,1,Gd,6,Typ,1,Gd,SBrkr,GasA,Ex
1158,Y,0,1580,0,0,1580,2,0,0,1,Gd,7,Typ,0,No,SBrkr,GasA,Ex
1159,Y,0,943,933,0,1876,2,1,0,1,Gd,8,Typ,1,TA,SBrkr,GasA,TA
1160,Y,0,855,601,0,1456,2,1,0,1,TA,7,Typ,1,TA,SBrkr,GasA,Fa
1161,Y,1,1640,0,0,1640,1,0,0,1,Gd,7,Typ,1,Gd,SBrkr,GasA,Ex
1162,Y,0,894,0,0,894,1,0,0,1,TA,5,Typ,1,Po,SBrkr,GasA,Gd
1163,Y,2,1258,0,0,1258,0,2,0,2,TA,6,Typ,0,No,SBrkr,GasA,TA
1164,Y,1,1432,0,0,1432,1,1,0,1,Gd,5,Typ,1,TA,SBrkr,GasA,Ex
1165,Y,0,1502,0,0,1502,2,0,0,1,Gd,7,Typ,0,No,SBrkr,GasA,Ex
1166,Y,0,1694,0,0,1694,2,0,0,1,Gd,7,Typ,0,No,SBrkr,GasA,Ex
1167,Y,1,959,712,0,1671,2,1,0,1,TA,7,Typ,1,TA,SBrkr,GasA,Ex
1168,Y,0,1236,872,0,2108,2,0,0,1,Gd,7,Typ,2,TA,SBrkr,GasA,Ex
1169,Y,1,1831,1796,0,3627,3,1,0,1,Gd,10,Typ,1,TA,SBrkr,GasA,Ex
1170,Y,1,1118,0,0,1118,1,0,0,1,TA,6,Typ,1,Po,SBrkr,GasA,TA
1171,Y,1,1261,0,0,1261,1,0,0,1,TA,6,Typ,1,TA,SBrkr,GasA,Ex
1172,Y,0,625,625,0,1250,2,1,0,1,Gd,5,Typ,0,No,SBrkr,GasA,Ex
1173,Y,0,1636,971,479,3086,3,0,0,1,Ex,12,Maj1,1,Gd,SBrkr,GasA,TA
1174,Y,0,1170,1175,0,2345,2,1,0,1,TA,9,Typ,1,Gd,SBrkr,GasA,TA
1175,Y,0,2129,743,0,2872,2,1,0,1,Gd,9,Typ,1,TA,SBrkr,GasA,Ex
1176,Y,1,923,0,0,923,1,0,0,1,TA,5,Typ,0,No,SBrkr,GasA,TA
1177,Y,0,818,406,0,1224,1,0,0,1,TA,5,Typ,0,No,SBrkr,GasA,TA
1178,Y,0,820,523,0,1343,1,1,0,1,TA,7,Typ,1,Gd,SBrkr,GasA,Ex
1179,Y,0,1124,0,0,1124,1,0,0,1,TA,5,Min2,1,Gd,SBrkr,GasA,Gd
1180,Y,0,1298,1216,0,2514,2,1,0,1,TA,8,Typ,0,No,SBrkr,GasA,Ex
1181,Y,1,1652,0,0,1652,2,0,1,1,Gd,5,Typ,1,Gd,SBrkr,GasA,Ex
1182,Y,1,2411,2065,0,4476,3,1,0,1,Ex,10,Typ,2,TA,SBrkr,GasA,Ex
1183,Y,1,1130,0,0,1130,1,0,0,1,TA,5,Typ,1,Gd,SBrkr,GasA,Ex
1184,Y,1,1572,0,0,1572,1,1,0,1,TA,5,Typ,2,TA,SBrkr,GasA,Gd
1185,Y,1,949,272,0,1221,1,0,0,1,TA,7,Typ,0,No,SBrkr,GasA,Gd
1186,Y,1,1014,685,0,1699,2,0,0,2,TA,7,Typ,0,No,SBrkr,GasA,TA
1187,Y,1,1624,0,0,1624,2,0,0,1,Gd,5,Typ,1,Fa,SBrkr,GasA,Ex
1188,Y,0,831,829,0,1660,2,1,0,1,Gd,7,Typ,0,No,SBrkr,GasA,Ex
1189,Y,0,1028,776,0,1804,2,1,0,1,Gd,7,Typ,1,TA,SBrkr,GasA,Gd
1190,Y,1,1622,0,0,1622,1,0,0,1,TA,7,Typ,1,TA,SBrkr,GasA,Ex
1191,Y,0,764,677,0,1441,2,1,0,1,Gd,5,Typ,0,No,SBrkr,GasA,Ex
1192,Y,0,842,630,0,1472,1,0,0,1,Gd,6,Typ,0,No,SBrkr,GasA,Gd
1193,Y,1,1224,0,0,1224,2,0,0,1,TA,5,Typ,0,No,SBrkr,GasA,Ex
1194,Y,0,663,689,0,1352,1,1,0,1,TA,7,Typ,0,No,SBrkr,GasA,TA
1195,Y,0,728,728,0,1456,2,1,0,1,Gd,8,Typ,0,No,SBrkr,GasA,Ex
1196,Y,0,879,984,0,1863,2,1,0,1,Gd,9,Typ,1,Gd,SBrkr,GasA,Ex
1197,Y,0,815,875,0,1690,1,0,0,1,TA,7,Typ,1,Gd,SBrkr,GasA,Ex
1198,Y,0,1212,0,0,1212,2,0,0,1,Gd,6,Typ,0,No,SBrkr,GasA,Ex
1199,Y,0,1382,0,0,1382,1,1,0,1,TA,6,Typ,1,Po,SBrkr,GasA,Gd
1200,Y,0,864,0,0,864,1,0,0,1,TA,5,Typ,0,No,SBrkr,GasA,Gd
1201,Y,0,866,913,0,1779,2,1,0,1,Gd,6,Typ,0,No,SBrkr,GasA,Ex
1202,Y,1,884,464,0,1348,1,0,0,1,TA,5,Typ,1,Fa,SBrkr,GasA,Ex
1203,Y,0,1630,0,0,1630,2,0,0,1,Gd,6,Typ,1,TA,SBrkr,GasA,Ex
1204,Y,1,1074,0,0,1074,1,1,0,1,TA,6,Typ,0,No,SBrkr,GasA,Ex
1205,Y,0,2196,0,0,2196,2,0,0,1,Gd,7,Typ,1,TA,SBrkr,GasA,Gd
1206,Y,1,1056,0,0,1056,1,0,0,1,TA,5,Typ,0,No,SBrkr,GasA,TA
1207,Y,1,1700,0,0,1700,2,0,0,1,Gd,7,Typ,0,No,SBrkr,GasA,Ex
1208,Y,1,1283,0,0,1283,1,0,0,1,TA,6,Typ,0,No,SBrkr,GasA,TA
1209,Y,1,1660,0,0,1660,2,0,0,1,Gd,8,Typ,1,Gd,SBrkr,GasA,Ex
1210,Y,0,1055,790,0,1845,2,1,0,1,Gd,8,Typ,1,TA,SBrkr,GasA,Ex
1211,Y,0,1080,672,0,1752,2,0,0,1,TA,8,Typ,0,No,SBrkr,GasA,Gd
1212,Y,1,672,0,0,672,1,0,0,1,TA,4,Typ,0,No,SBrkr,GasA,TA
1213,Y,1,960,0,0,960,0,0,1,1,TA,3,Typ,0,No,SBrkr,GasA,Ex
1214,Y,1,999,0,0,999,1,0,0,1,TA,6,Typ,0,No,SBrkr,GasA,TA
1215,Y,0,894,0,0,894,1,0,0,1,TA,5,Typ,0,No,SBrkr,GasA,TA
1216,Y,0,1318,584,0,1902,2,0,0,2,TA,8,Typ,0,No,SBrkr,GasA,TA
1217,Y,1,1314,0,0,1314,2,0,0,1,Gd,6,Typ,0,No,SBrkr,GasA,Ex
1218,N,0,672,240,0,912,1,0,0,1,TA,3,Typ,0,No,SBrkr,GasA,Gd
1219,Y,0,672,546,0,1218,1,1,0,1,TA,7,Typ,0,No,SBrkr,GasA,TA
1220,Y,0,912,0,0,912,1,0,0,1,TA,5,Typ,0,No,SBrkr,GasA,TA
1221,Y,0,1211,0,0,1211,1,0,0,1,TA,5,Typ,1,TA,SBrkr,GasA,Ex
1222,Y,0,1168,678,0,1846,2,0,0,1,TA,7,Typ,1,Gd,SBrkr,GasA,Ex
1223,N,0,2136,0,0,2136,2,0,0,1,TA,7,Mod,0,No,FuseA,GasA,TA
1224,Y,1,788,702,0,1490,2,1,0,1,Gd,8,Typ,1,Gd,SBrkr,GasA,Ex
1225,Y,0,1138,0,0,1138,1,0,1,1,TA,6,Typ,0,No,SBrkr,GasA,Ex
1226,Y,0,894,1039,0,1933,2,1,0,1,Gd,9,Typ,1,Gd,SBrkr,GasA,Ex
1227,Y,1,912,0,0,912,1,0,0,1,Gd,5,Typ,0,No,SBrkr,GasA,Ex
1228,Y,1,1702,0,0,1702,1,1,0,1,Ex,7,Typ,1,Gd,SBrkr,GasA,Ex
1229,Y,0,1507,0,0,1507,2,0,0,1,TA,7,Maj1,0,No,SBrkr,GasA,Gd
1230,Y,0,1361,1259,0,2620,2,2,0,2,TA,12,Typ,1,TA,SBrkr,GasA,Ex
1231,Y,1,1190,0,0,1190,1,0,0,1,TA,6,Typ,0,No,SBrkr,GasA,TA
1232,Y,0,1224,0,0,1224,2,0,0,2,TA,6,Typ,0,No,SBrkr,GasA,TA
1233,Y,1,1188,0,0,1188,1,0,0,1,TA,6,Typ,0,No,SBrkr,GasA,Fa
1234,N,0,1024,940,0,1964,1,1,0,1,TA,7,Typ,0,No,FuseA,GasA,TA
1235,Y,0,892,892,0,1784,1,1,0,1,TA,9,Typ,0,No,FuseF,GasA,Gd
1236,Y,0,764,862,0,1626,2,1,0,1,Gd,6,Typ,0,No,SBrkr,GasA,Ex
1237,Y,0,847,1101,0,1948,2,1,0,1,Gd,8,Typ,1,Gd,SBrkr,GasA,Ex
1238,Y,0,1141,0,0,1141,1,1,0,1,TA,6,Typ,0,No,SBrkr,GasA,Ex
1239,Y,0,1484,0,0,1484,2,0,0,1,Ex,6,Typ,1,Gd,SBrkr,GasA,Ex
1240,Y,1,884,884,0,1768,2,1,0,1,Gd,8,Typ,0,No,SBrkr,GasA,Ex
1241,Y,0,1689,0,0,1689,2,0,0,1,Gd,7,Typ,0,No,SBrkr,GasA,Ex
1242,Y,1,1173,0,0,1173,2,0,0,1,Gd,6,Typ,2,TA,SBrkr,GasA,TA
1243,Y,1,2076,0,0,2076,2,1,0,1,Ex,7,Typ,1,Gd,SBrkr,GasA,Ex
1244,Y,0,792,725,0,1517,1,0,0,1,Gd,7,Typ,2,Gd,SBrkr,GasA,Fa
1245,Y,0,1140,728,0,1868,3,1,0,1,TA,7,Typ,1,TA,SBrkr,GasA,Ex
1246,Y,0,756,797,0,1553,2,1,0,1,Gd,6,Typ,0,No,SBrkr,GasA,Ex
1247,Y,1,1034,0,0,1034,1,0,0,1,TA,6,Typ,0,No,SBrkr,GasA,TA
1248,N,0,1134,924,0,2058,1,1,0,1,TA,8,Typ,1,Gd,SBrkr,OthW,Fa
1249,Y,0,988,0,0,988,1,0,0,1,TA,6,Typ,0,No,SBrkr,GasA,TA
1250,Y,1,2110,0,0,2110,2,1,0,1,Ex,8,Typ,2,TA,SBrkr,GasA,Ex
1251,Y,0,1405,0,0,1405,2,0,0,1,Gd,6,Typ,1,Gd,SBrkr,GasA,Ex
1252,Y,1,874,0,0,874,1,0,0,1,TA,5,Typ,0,No,SBrkr,GasA,TA
1253,Y,1,1516,651,0,2167,2,1,0,1,Gd,9,Typ,2,Gd,SBrkr,GasA,TA
1254,Y,0,760,896,0,1656,2,1,0,1,Gd,7,Typ,1,Gd,SBrkr,GasA,Ex
1255,Y,0,959,408,0,1367,1,0,0,1,TA,6,Typ,1,Gd,FuseA,GasA,TA
1256,Y,1,1987,0,0,1987,2,0,0,1,Gd,7,Typ,1,TA,SBrkr,GasA,Ex
1257,Y,0,864,0,0,864,1,0,0,1,TA,4,Typ,0,No,SBrkr,GasA,Ex
1258,Y,1,1166,0,0,1166,2,0,0,1,Gd,5,Typ,0,No,SBrkr,GasA,Ex
1259,Y,1,1054,0,0,1054,1,1,0,1,TA,6,Typ,0,No,SBrkr,GasA,Gd
1260,Y,0,892,783,0,1675,2,1,0,1,TA,7,Typ,1,TA,SBrkr,GasA,Ex
1261,Y,0,1050,0,0,1050,1,0,0,1,TA,5,Typ,0,No,SBrkr,GasA,Gd
1262,Y,1,1104,684,0,1788,1,0,0,1,TA,8,Min2,2,TA,FuseA,GasA,Ex
1263,Y,0,1060,764,0,1824,1,0,0,1,TA,8,Typ,1,Gd,FuseA,GasA,Ex
1264,Y,1,1337,0,0,1337,2,0,0,1,Gd,5,Typ,0,No,SBrkr,GasA,Ex
1265,Y,1,713,739,0,1452,2,1,0,1,Gd,6,Typ,0,No,SBrkr,GasA,Ex
1266,N,0,964,925,0,1889,1,1,0,2,TA,9,Typ,1,Gd,FuseF,GasA,TA
1267,Y,0,2018,0,0,2018,2,0,0,1,Ex,10,Typ,1,Gd,SBrkr,GasA,Ex
1268,Y,0,1968,1479,0,3447,3,1,0,1,Gd,11,Typ,2,Gd,SBrkr,GasA,Ex
1269,Y,0,874,650,0,1524,1,1,0,1,TA,7,Typ,0,No,FuseA,GasW,TA
1270,Y,2,1332,192,0,1524,0,1,0,1,Gd,4,Typ,1,TA,SBrkr,GasA,TA
1271,Y,0,1489,0,0,1489,2,0,0,1,Gd,7,Typ,1,Gd,SBrkr,GasA,Gd
1272,Y,1,935,0,0,935,1,0,0,1,TA,5,Typ,0,No,SBrkr,GasA,TA
1273,Y,1,1357,0,0,1357,1,0,0,1,Ex,5,Typ,1,Gd,SBrkr,GasA,Gd
1274,Y,0,661,589,0,1250,2,0,0,1,TA,8,Typ,1,Gd,SBrkr,GasA,Ex
1275,Y,0,928,992,0,1920,2,0,0,2,TA,10,Typ,0,No,FuseA,GasA,Gd
1276,Y,0,735,660,0,1395,1,1,1,1,TA,6,Typ,1,TA,SBrkr,GasA,TA
1277,Y,1,1724,0,0,1724,1,1,0,1,TA,7,Typ,1,Gd,SBrkr,GasA,Fa
1278,Y,1,1128,903,0,2031,2,1,0,1,Gd,7,Typ,1,Gd,SBrkr,GasA,Ex
1279,Y,0,698,430,0,1128,1,0,0,1,TA,6,Typ,0,No,FuseA,GasA,TA
1280,Y,1,1573,0,0,1573,2,0,0,1,Gd,6,Typ,0,No,SBrkr,GasA,Ex
1281,Y,1,1339,0,0,1339,2,0,0,1,TA,6,Typ,1,TA,SBrkr,GasA,TA
1282,Y,0,1040,0,0,1040,2,0,0,1,Gd,5,Typ,0,No,SBrkr,GasA,TA
1283,Y,0,912,912,0,1824,2,2,0,2,TA,8,Typ,0,No,SBrkr,GasA,TA
1284,Y,0,1699,748,0,2447,2,0,0,1,Gd,10,Min2,1,Gd,SBrkr,GasA,Ex
1285,Y,0,825,587,0,1412,1,0,0,1,TA,6,Typ,1,Gd,FuseF,GasA,Ex
1286,Y,1,1328,0,0,1328,1,1,0,1,TA,6,Typ,2,Gd,SBrkr,GasA,TA
1287,Y,0,1582,0,0,1582,2,0,1,1,TA,7,Typ,0,No,SBrkr,GasA,Fa
1288,Y,1,1659,0,0,1659,2,0,0,1,Ex,5,Typ,1,Ex,SBrkr,GasA,Ex
1289,Y,0,1120,850,0,1970,2,1,0,1,Ex,8,Typ,1,Gd,SBrkr,GasA,Ex
1290,Y,1,1152,0,0,1152,1,0,0,1,TA,6,Typ,1,Gd,SBrkr,GasA,TA
1291,Y,0,630,672,0,1302,2,1,0,1,TA,6,Typ,0,No,SBrkr,GasA,TA
1292,N,0,1378,994,0,2372,2,0,0,2,TA,11,Min2,0,No,SBrkr,GasA,TA
1293,Y,0,832,832,0,1664,2,1,0,1,TA,8,Typ,1,TA,SBrkr,GasA,TA
1294,Y,1,864,0,0,864,1,0,0,1,TA,5,Typ,0,No,SBrkr,GasA,TA
1295,Y,1,1052,0,0,1052,1,1,0,1,TA,5,Typ,0,No,SBrkr,GasA,Gd
1296,Y,1,1128,0,0,1128,2,0,0,1,TA,6,Typ,0,No,SBrkr,GasA,Gd
1297,Y,1,1072,0,0,1072,2,0,0,1,TA,5,Typ,0,No,SBrkr,GasA,Gd
1298,Y,2,4692,950,0,5642,2,1,0,1,Ex,12,Typ,3,Gd,SBrkr,GasA,Ex
1299,Y,1,1246,0,0,1246,1,1,0,1,Gd,6,Typ,0,No,SBrkr,GasA,Ex
1300,Y,0,1005,978,0,1983,2,1,0,1,Gd,9,Typ,1,TA,SBrkr,GasA,Ex
1301,Y,0,753,741,0,1494,1,0,0,1,Gd,7,Typ,2,Gd,SBrkr,GasA,Fa
1302,Y,1,1203,1323,0,2526,2,1,0,1,Gd,8,Typ,1,TA,SBrkr,GasA,Ex
1303,Y,0,1616,0,0,1616,2,0,0,1,Gd,7,Typ,0,No,SBrkr,GasA,Ex
1304,Y,0,976,732,0,1708,2,0,0,1,Gd,7,Maj1,0,No,SBrkr,GasA,Ex
1305,Y,1,1652,0,0,1652,2,0,0,1,Ex,6,Typ,2,Ex,SBrkr,GasA,Ex
1306,Y,0,1368,0,0,1368,2,0,0,1,Gd,6,Typ,1,Gd,SBrkr,GasA,Ex
1307,Y,1,990,0,0,990,1,0,0,1,TA,5,Typ,0,No,SBrkr,GasA,Ex
1308,Y,1,1122,0,0,1122,1,0,0,1,Gd,6,Typ,0,No,SBrkr,GasA,Ex
1309,Y,1,1294,0,0,1294,2,0,0,1,Gd,6,Typ,0,No,SBrkr,GasA,Gd
1310,Y,1,1902,0,0,1902,2,0,0,1,Ex,7,Typ,2,TA,SBrkr,GasA,TA
1311,Y,1,1274,0,0,1274,2,0,0,1,Gd,6,Typ,0,No,SBrkr,GasA,Ex
1312,Y,0,1453,1357,0,2810,2,1,0,1,Gd,9,Typ,1,Ex,SBrkr,GasA,Ex
1313,Y,0,1422,1177,0,2599,2,1,0,1,Gd,10,Typ,1,TA,SBrkr,GasA,Ex
1314,Y,1,948,0,0,948,1,0,0,1,TA,5,Typ,1,TA,SBrkr,GasA,Ex
1315,Y,0,1092,1020,0,2112,2,1,0,1,TA,9,Typ,2,Gd,SBrkr,GasA,TA
1316,Y,1,1630,0,0,1630,2,0,0,1,Ex,8,Typ,1,Gd,SBrkr,GasA,Ex
1317,Y,0,1352,0,0,1352,2,0,0,1,Gd,5,Typ,1,Gd,SBrkr,GasA,Ex
1318,Y,0,1787,0,0,1787,2,0,0,1,Gd,7,Typ,1,TA,SBrkr,GasA,Ex
1319,Y,0,948,0,0,948,1,0,0,1,TA,5,Typ,0,No,SBrkr,GasA,Ex
1320,Y,1,1478,0,0,1478,1,1,0,1,TA,6,Typ,2,Gd,SBrkr,GasA,Gd
1321,N,0,720,0,0,720,1,0,0,1,TA,4,Typ,0,No,SBrkr,Floor,TA
1322,Y,1,1061,862,0,1923,2,1,0,1,Gd,8,Typ,1,TA,SBrkr,GasA,Ex
1323,Y,0,708,0,0,708,1,0,0,1,Fa,5,Typ,0,No,SBrkr,GasA,Gd
1324,Y,0,1795,0,0,1795,2,0,0,1,Gd,7,Typ,1,Gd,SBrkr,GasA,Ex
1325,N,0,796,0,0,796,1,0,0,1,TA,5,Typ,0,No,SBrkr,GasA,Fa
1326,Y,0,774,0,0,774,1,0,0,1,Gd,6,Typ,0,No,SBrkr,GasA,Ex
1327,Y,0,816,0,0,816,1,0,1,1,Gd,5,Typ,1,Ex,SBrkr,GasA,Ex
1328,Y,0,1584,1208,0,2792,2,0,0,1,TA,8,Mod,2,TA,SBrkr,GasW,Ex
1329,Y,0,955,677,0,1632,2,1,0,1,TA,8,Typ,1,TA,SBrkr,GasA,Gd
1330,Y,0,1588,0,0,1588,2,0,0,1,Gd,7,Typ,1,Gd,SBrkr,GasA,Ex
1331,Y,0,954,0,0,954,1,0,0,1,TA,6,Typ,0,No,SBrkr,GasA,Gd
1332,Y,1,816,0,0,816,1,0,0,1,TA,3,Typ,1,Gd,SBrkr,GasA,Ex
1333,Y,0,803,557,0,1360,1,1,0,1,Gd,6,Typ,0,No,SBrkr,GasA,Ex
1334,Y,0,765,600,0,1365,1,1,0,1,TA,7,Min1,0,No,SBrkr,GasA,TA
1335,Y,0,1334,0,0,1334,2,0,1,1,TA,6,Typ,1,TA,SBrkr,GasA,TA
1336,Y,0,1656,0,0,1656,2,0,0,2,TA,8,Typ,0,No,SBrkr,GasA,TA
1337,N,0,693,0,0,693,1,0,0,1,Fa,4,Typ,0,No,FuseA,Grav,Fa
1338,Y,1,920,941,0,1861,2,1,0,1,Gd,8,Typ,0,No,SBrkr,GasA,Ex
1339,Y,0,864,0,0,864,1,0,0,1,TA,5,Typ,0,No,SBrkr,GasA,Ex
1340,Y,0,872,0,0,872,1,0,0,1,TA,5,Typ,0,No,SBrkr,GasA,TA
1341,Y,1,1114,0,0,1114,1,0,0,1,Gd,6,Typ,0,No,SBrkr,GasA,Ex
1342,Y,0,1284,885,0,2169,2,1,0,1,Gd,7,Typ,1,Gd,SBrkr,GasA,Ex
1343,Y,0,1172,741,0,1913,1,1,0,1,TA,9,Typ,1,TA,SBrkr,GasA,Gd
1344,Y,0,728,728,0,1456,2,1,0,1,Gd,8,Typ,1,TA,SBrkr,GasA,Ex
1345,Y,0,960,0,0,960,1,0,0,1,Fa,5,Typ,0,No,FuseA,GasA,Gd
1346,Y,0,2156,0,0,2156,2,0,0,1,TA,9,Typ,1,Gd,SBrkr,GasA,TA
1347,Y,1,1776,0,0,1776,2,0,0,1,Gd,7,Typ,1,Gd,SBrkr,GasA,Ex
1348,Y,1,1494,0,0,1494,2,0,0,1,Gd,5,Typ,1,Fa,SBrkr,GasA,Ex
1349,N,0,938,1215,205,2358,2,0,0,1,TA,8,Typ,0,No,SBrkr,OthW,Fa
1350,Y,1,1338,1296,0,2634,2,2,1,2,TA,12,Typ,0,No,SBrkr,GasA,TA
1351,Y,0,858,858,0,1716,1,1,0,1,TA,8,Typ,1,Gd,SBrkr,GasA,Ex
1352,Y,0,786,390,0,1176,1,0,0,1,TA,4,Typ,0,No,SBrkr,GasA,TA
1353,Y,1,2053,1185,0,3238,2,1,0,1,Gd,9,Typ,1,Ex,SBrkr,GasA,Ex
1354,Y,1,992,873,0,1865,2,1,0,1,Gd,7,Typ,1,TA,SBrkr,GasA,Ex
1355,Y,0,1222,698,0,1920,3,0,0,1,Gd,8,Typ,1,TA,SBrkr,GasA,Gd
1356,Y,0,892,0,0,892,1,0,0,1,TA,5,Typ,0,No,SBrkr,GasA,TA
1357,Y,1,1078,0,0,1078,1,1,0,1,TA,6,Typ,1,Fa,SBrkr,GasA,Ex
1358,Y,0,769,804,0,1573,2,1,0,1,Gd,5,Typ,0,No,SBrkr,GasA,Ex
1359,Y,1,1980,0,0,1980,2,0,0,1,Ex,8,Typ,1,Gd,SBrkr,GasA,Ex
1360,Y,0,990,1611,0,2601,3,1,0,1,TA,8,Typ,0,No,SBrkr,GasA,Ex
1361,Y,1,1530,0,0,1530,2,0,0,1,Gd,7,Typ,1,Gd,SBrkr,GasA,Ex
1362,Y,0,1281,457,0,1738,2,0,0,1,TA,7,Typ,1,Gd,SBrkr,GasA,Gd
1363,Y,0,616,796,0,1412,2,1,0,1,Gd,6,Typ,1,Gd,SBrkr,GasA,Ex
1364,Y,0,520,600,80,1200,2,1,0,1,Gd,4,Typ,0,No,SBrkr,GasA,Ex
1365,Y,1,814,860,0,1674,2,1,0,1,Gd,7,Typ,0,No,SBrkr,GasA,Ex
1366,Y,1,882,908,0,1790,2,1,0,1,Gd,7,Typ,0,No,SBrkr,GasA,Ex
1367,Y,0,925,550,0,1475,2,0,0,1,TA,6,Typ,1,TA,SBrkr,GasA,Ex
1368,Y,1,848,0,0,848,1,0,0,1,Gd,4,Typ,0,No,SBrkr,GasA,Ex
1369,Y,1,1668,0,0,1668,2,0,0,1,Gd,8,Typ,1,TA,SBrkr,GasA,Ex
1370,Y,0,840,534,0,1374,1,0,0,1,TA,6,Typ,0,No,SBrkr,GasA,Ex
1371,Y,1,1661,0,0,1661,1,0,0,1,Gd,8,Typ,1,TA,SBrkr,GasA,Gd
1372,Y,1,1108,989,0,2097,2,1,0,1,Gd,8,Typ,1,TA,SBrkr,GasA,Ex
1373,Y,1,2633,0,0,2633,2,1,0,1,Ex,8,Typ,2,Gd,SBrkr,GasA,Ex
1374,Y,0,1026,932,0,1958,2,1,0,1,Gd,9,Typ,1,Gd,SBrkr,GasA,Ex
1375,Y,0,1571,0,0,1571,2,0,0,1,Gd,7,Typ,1,Gd,SBrkr,GasA,Ex
1376,N,0,790,0,0,790,1,0,0,1,TA,4,Typ,0,No,SBrkr,GasA,TA
1377,Y,0,984,620,0,1604,2,0,0,1,TA,6,Min2,0,No,SBrkr,GasA,Ex
1378,Y,0,483,504,0,987,1,1,0,1,TA,5,Typ,0,No,SBrkr,GasA,TA
1379,Y,0,754,640,0,1394,2,1,0,1,Gd,7,Typ,0,No,,GasA,Gd
1380,N,1,864,0,0,864,1,0,0,1,TA,5,Typ,0,No,FuseF,GasA,TA
1381,Y,0,2117,0,0,2117,2,1,0,1,TA,7,Typ,2,Gd,SBrkr,GasA,Ex
1382,Y,1,998,764,0,1762,1,1,0,1,Gd,8,Typ,0,No,SBrkr,GasA,Ex
1383,Y,0,1416,0,0,1416,2,0,0,1,Gd,7,Typ,0,No,SBrkr,GasA,Ex
1384,Y,0,698,560,0,1258,1,0,0,1,TA,6,Typ,0,No,SBrkr,GasA,TA
1385,Y,1,796,358,0,1154,1,0,0,1,Gd,7,Typ,0,No,SBrkr,GasA,Gd
1386,Y,1,1392,1392,0,2784,3,1,0,1,Gd,12,Typ,2,TA,SBrkr,GasA,TA
1387,N,0,1664,862,0,2526,2,0,0,1,Gd,10,Typ,1,Gd,SBrkr,GasW,TA
1388,Y,1,1746,0,0,1746,2,0,0,1,Ex,7,Typ,2,Gd,SBrkr,GasA,Ex
1389,Y,0,869,349,0,1218,1,0,1,1,TA,6,Typ,1,Gd,SBrkr,GasA,Ex
1390,Y,1,1525,0,0,1525,2,0,0,1,Gd,6,Typ,0,No,SBrkr,GasA,Ex
1391,Y,0,1584,0,0,1584,2,0,0,2,TA,8,Mod,0,No,SBrkr,GasA,TA
1392,Y,1,900,0,0,900,1,0,0,1,TA,6,Typ,1,Po,SBrkr,GasA,TA
1393,N,0,1221,691,0,1912,2,0,0,2,TA,7,Typ,1,TA,SBrkr,GasA,Ex
1394,Y,1,1500,0,0,1500,2,0,0,1,Gd,6,Typ,1,Gd,SBrkr,GasA,Ex
1395,Y,0,1133,1349,0,2482,2,1,0,1,Gd,9,Typ,1,Gd,SBrkr,GasA,Ex
1396,Y,1,1687,0,0,1687,1,0,0,1,TA,7,Min1,2,TA,SBrkr,GasA,TA
1397,Y,0,939,574,0,1513,1,1,0,1,TA,8,Typ,0,No,SBrkr,GasA,Ex
1398,Y,1,1136,768,0,1904,1,1,0,1,TA,7,Min1,0,No,FuseA,GasA,Gd
1399,Y,0,1160,448,0,1608,2,1,0,1,Gd,7,Typ,1,Gd,SBrkr,GasA,Ex
1400,Y,0,950,208,0,1158,1,0,0,1,TA,5,Typ,1,Gd,SBrkr,GasA,TA
1401,Y,1,864,729,0,1593,2,1,0,1,TA,8,Typ,1,TA,SBrkr,GasA,Ex
1402,Y,0,1294,0,0,1294,2,0,0,1,Gd,6,Typ,1,Gd,SBrkr,GasA,Ex
1403,Y,1,1464,0,0,1464,2,0,0,1,Gd,6,Typ,0,No,SBrkr,GasA,Ex
1404,Y,0,694,520,0,1214,1,0,0,1,TA,6,Typ,0,No,SBrkr,GasA,TA
1405,Y,1,1646,0,0,1646,2,0,1,1,Gd,5,Typ,1,Gd,SBrkr,GasA,Ex
1406,Y,1,768,0,0,768,1,0,0,1,TA,5,Typ,0,No,SBrkr,GasA,TA
1407,Y,1,833,0,0,833,1,0,0,1,TA,5,Typ,0,No,SBrkr,GasA,Ex
1408,Y,0,741,622,0,1363,1,0,0,1,TA,6,Typ,0,No,SBrkr,GasA,Gd
1409,Y,0,1236,857,0,2093,2,1,0,1,TA,7,Typ,1,TA,SBrkr,GasA,Gd
1410,Y,1,944,896,0,1840,2,1,0,1,Gd,6,Typ,0,No,SBrkr,GasA,Ex
1411,Y,0,1112,556,0,1668,1,1,0,1,TA,6,Min2,0,No,SBrkr,GasA,Ex
1412,N,0,1040,0,0,1040,2,0,0,2,TA,6,Typ,0,No,FuseF,Wall,Fa
1413,Y,1,1844,0,0,1844,2,0,0,1,Gd,7,Typ,1,Gd,SBrkr,GasA,Ex
1414,Y,0,1053,795,0,1848,1,1,0,1,Gd,8,Typ,1,Gd,SBrkr,GasA,Gd
1415,Y,0,1569,0,0,1569,2,0,1,1,Gd,7,Typ,1,TA,SBrkr,GasA,Ex
1416,Y,0,1246,1044,0,2290,2,0,0,2,TA,11,Typ,0,No,SBrkr,GasA,Gd
1417,Y,1,1310,1140,0,2450,2,1,0,1,Gd,7,Typ,1,TA,SBrkr,GasA,Ex
1418,Y,1,1144,0,0,1144,1,1,0,1,TA,6,Typ,0,No,SBrkr,GasA,TA
1419,Y,1,1844,0,0,1844,2,0,0,1,Gd,7,Typ,1,TA,SBrkr,GasA,Gd
1420,Y,0,708,708,0,1416,2,1,0,1,TA,7,Typ,1,TA,SBrkr,GasA,Gd
1421,Y,0,1069,0,0,1069,2,0,0,1,TA,4,Typ,1,Fa,SBrkr,GasA,TA
1422,Y,1,848,0,0,848,1,0,0,1,Gd,3,Typ,0,No,SBrkr,GasA,Ex
1423,Y,0,1575,626,0,2201,2,0,0,1,Gd,8,Typ,1,Gd,SBrkr,GasA,TA
1424,Y,1,1344,0,0,1344,1,0,0,1,TA,6,Min1,1,TA,SBrkr,GasA,TA
1425,Y,0,1252,0,0,1252,1,0,0,1,Gd,7,Typ,0,No,SBrkr,GasA,Ex
1426,Y,1,1223,904,0,2127,2,1,0,1,Gd,5,Typ,2,TA,SBrkr,GasA,Ex
1427,Y,1,1048,510,0,1558,1,1,0,1,TA,6,Typ,1,TA,FuseA,GasA,TA
1428,Y,1,804,0,0,804,1,0,0,1,Gd,4,Typ,2,Gd,SBrkr,GasA,TA
1429,Y,0,1440,0,0,1440,2,0,0,1,Gd,7,Typ,1,TA,SBrkr,GasA,Ex
1430,Y,0,734,1104,0,1838,2,1,0,1,TA,7,Typ,1,Gd,SBrkr,GasA,Ex
1431,Y,0,958,0,0,958,2,0,0,1,TA,5,Typ,0,No,SBrkr,GasA,TA
1432,Y,0,968,0,0,968,2,0,0,1,TA,5,Typ,0,No,SBrkr,GasA,TA
1433,Y,1,962,830,0,1792,2,1,0,1,TA,8,Typ,1,TA,SBrkr,GasA,Ex
1434,Y,1,1126,0,0,1126,2,0,0,1,TA,5,Typ,1,Gd,SBrkr,GasA,Fa
1435,Y,1,1537,0,0,1537,1,1,0,1,Gd,7,Typ,1,Gd,SBrkr,GasA,TA
1436,Y,0,864,0,0,864,1,0,0,1,TA,5,Typ,0,No,SBrkr,GasA,TA
1437,Y,1,1932,0,0,1932,2,0,0,1,Ex,7,Typ,1,Gd,SBrkr,GasA,Ex
1438,Y,1,1236,0,0,1236,1,0,0,1,TA,6,Typ,0,No,FuseA,GasA,TA
1439,Y,0,1040,685,0,1725,2,1,0,1,TA,6,Typ,1,TA,SBrkr,GasA,TA
1440,Y,0,1423,748,384,2555,2,0,0,1,TA,11,Min1,1,Gd,SBrkr,GasA,Fa
1441,Y,1,848,0,0,848,1,0,0,1,Gd,3,Typ,1,TA,SBrkr,GasA,Ex
1442,Y,1,1026,981,0,2007,2,1,0,1,Ex,10,Typ,1,Ex,SBrkr,GasA,Ex
1443,N,0,952,0,0,952,1,0,0,1,Fa,4,Typ,1,Gd,FuseF,Grav,Fa
1444,Y,0,1422,0,0,1422,2,0,0,1,Gd,7,Typ,0,No,SBrkr,GasA,Ex
1445,Y,1,913,0,0,913,1,0,0,1,TA,6,Typ,0,No,SBrkr,GasA,Gd
1446,Y,0,1188,0,0,1188,1,0,0,1,TA,6,Typ,0,No,SBrkr,GasA,TA
1447,Y,1,1220,870,0,2090,2,1,0,1,Gd,8,Typ,1,TA,SBrkr,GasA,Ex
1448,N,0,796,550,0,1346,1,1,0,1,TA,6,Min2,0,No,SBrkr,GasA,Gd
1449,Y,1,630,0,0,630,1,0,0,1,Ex,3,Typ,0,No,SBrkr,GasA,Ex
1450,Y,0,896,896,0,1792,2,2,0,2,TA,8,Typ,0,No,SBrkr,GasA,TA
1451,Y,0,1578,0,0,1578,2,0,0,1,Ex,7,Typ,1,Gd,SBrkr,GasA,Ex
1452,Y,1,1072,0,0,1072,1,0,0,1,TA,5,Typ,0,No,SBrkr,GasA,Gd
1453,Y,0,1140,0,0,1140,1,0,0,1,TA,6,Typ,0,No,SBrkr,GasA,Ex
1454,Y,1,1221,0,0,1221,2,0,0,1,Gd,6,Typ,0,No,SBrkr,GasA,Ex
1455,Y,0,953,694,0,1647,2,1,0,1,TA,7,Typ,1,TA,SBrkr,GasA,Ex
1456,Y,1,2073,0,0,2073,2,0,0,1,TA,7,Min1,2,TA,SBrkr,GasA,TA
1457,Y,0,1188,1152,0,2340,2,0,0,1,Gd,9,Typ,2,Gd,SBrkr,GasA,Ex
1458,Y,1,1078,0,0,1078,1,0,0,1,Gd,5,Typ,0,No,FuseA,GasA,Gd
1459,Y,1,1256,0,0,1256,1,1,0,1,TA,6,Typ,0,No,SBrkr,GasA,Gd
