PropertyID,WoodDeckSF,OpenPorchSF,EnclosedPorch,3SsnPorch,ScreenPorch,PoolArea,PoolQC,Fence,MiscFeature,MiscVal,PavedDrive
0,0,61,0,0,0,0,No,No,No,0,Y
1,298,0,0,0,0,0,No,No,No,0,Y
2,0,42,0,0,0,0,No,No,No,0,Y
3,0,35,272,0,0,0,No,No,No,0,Y
4,192,84,0,0,0,0,No,No,No,0,Y
5,40,30,0,320,0,0,No,MnPrv,Shed,700,Y
6,255,57,0,0,0,0,No,No,No,0,Y
7,235,204,228,0,0,0,No,No,Shed,350,Y
8,90,0,205,0,0,0,No,No,No,0,Y
9,0,4,0,0,0,0,No,No,No,0,Y
10,0,0,0,0,0,0,No,No,No,0,Y
11,147,21,0,0,0,0,No,No,No,0,Y
12,140,0,0,0,176,0,No,No,No,0,Y
13,160,33,0,0,0,0,No,No,No,0,Y
14,0,213,176,0,0,0,No,GdWo,No,0,Y
15,48,112,0,0,0,0,No,GdPrv,No,0,Y
16,0,0,0,0,0,0,No,No,Shed,700,Y
17,0,0,0,0,0,0,No,No,Shed,500,Y
18,0,102,0,0,0,0,No,No,No,0,Y
19,0,0,0,0,0,0,No,MnPrv,No,0,Y
20,240,154,0,0,0,0,No,No,No,0,Y
21,0,0,205,0,0,0,No,GdPrv,No,0,N
22,171,159,0,0,0,0,No,No,No,0,Y
23,100,110,0,0,0,0,No,No,No,0,Y
24,406,90,0,0,0,0,No,MnPrv,No,0,Y
25,0,56,0,0,0,0,No,No,No,0,Y
26,222,32,0,0,0,0,No,No,No,0,Y
27,0,50,0,0,0,0,No,No,No,0,Y
28,288,258,0,0,0,0,No,No,No,0,Y
29,49,0,87,0,0,0,No,No,No,0,Y
30,0,54,172,0,0,0,No,MnPrv,No,0,N
31,0,65,0,0,0,0,No,MnPrv,No,0,Y
32,0,30,0,0,0,0,No,No,No,0,Y
33,0,38,0,0,0,0,No,No,No,0,Y
34,203,47,0,0,0,0,No,No,No,0,Y
35,113,32,0,0,0,0,No,No,No,0,Y
36,392,64,0,0,0,0,No,No,No,0,Y
37,0,0,0,0,0,0,No,No,No,0,Y
38,0,52,0,0,0,0,No,No,No,0,Y
39,0,0,0,0,0,0,No,No,No,0,N
40,0,138,0,0,0,0,No,GdWo,No,0,Y
41,0,104,0,0,0,0,No,No,No,0,P
42,240,0,0,0,0,0,No,MnPrv,No,0,Y
43,145,0,0,0,0,0,No,MnPrv,No,0,Y
44,0,0,0,0,0,0,No,No,No,0,Y
45,196,82,0,0,0,0,No,No,No,0,Y
46,168,43,0,0,198,0,No,No,No,0,Y
47,0,146,0,0,0,0,No,No,No,0,Y
48,0,0,102,0,0,0,No,No,No,0,N
49,0,0,0,0,0,0,No,MnPrv,No,0,Y
50,0,75,0,0,0,0,No,No,No,0,Y
51,112,0,0,0,0,0,No,MnPrv,Shed,400,Y
52,106,0,0,0,0,0,No,No,No,0,Y
53,857,72,0,0,0,0,No,No,No,0,Y
54,0,50,0,0,0,0,No,MnPrv,No,0,Y
55,0,0,0,407,0,0,No,No,No,0,Y
56,115,0,0,0,0,0,No,No,No,0,Y
57,0,70,0,0,0,0,No,No,No,0,Y
58,192,0,37,0,0,0,No,No,No,0,Y
59,196,0,0,0,0,0,No,MnPrv,No,0,Y
60,0,50,0,0,0,0,No,No,No,0,Y
61,0,0,144,0,0,0,No,No,No,0,N
62,120,49,0,0,0,0,No,No,No,0,Y
63,12,11,64,0,0,0,No,GdPrv,No,0,Y
64,576,36,0,0,0,0,No,GdPrv,No,0,Y
65,192,151,0,0,0,0,No,No,No,0,Y
66,301,0,0,0,0,0,No,No,No,0,Y
67,144,29,0,0,0,0,No,No,No,0,Y
68,0,0,0,0,0,0,No,No,No,0,Y
69,0,21,114,0,0,0,No,No,No,0,Y
70,300,0,0,0,0,0,No,No,No,0,Y
71,0,0,0,0,0,0,No,No,No,0,Y
72,0,94,0,0,291,0,No,No,No,0,Y
73,0,0,0,0,0,0,No,GdWo,No,0,Y
74,0,0,202,0,0,0,No,No,No,0,Y
75,120,101,0,0,0,0,No,GdWo,No,0,Y
76,0,0,0,0,0,0,No,No,No,0,Y
77,0,0,0,0,0,0,No,MnPrv,No,0,Y
78,0,0,0,0,0,0,No,No,No,0,Y
79,74,0,128,0,0,0,No,MnPrv,No,0,Y
80,0,72,0,0,252,0,No,No,No,0,Y
81,0,199,0,0,0,0,No,No,No,0,Y
82,144,99,0,0,0,0,No,No,No,0,Y
83,74,0,0,0,0,0,No,No,No,0,Y
84,120,72,0,0,0,0,No,No,Shed,700,Y
85,127,82,0,0,0,0,No,No,No,0,Y
86,100,38,0,0,0,0,No,No,No,0,Y
87,0,234,0,0,0,0,No,No,No,0,Y
88,0,0,156,0,0,0,No,MnPrv,No,0,N
89,0,0,0,0,0,0,No,No,No,0,Y
90,0,29,0,0,0,0,No,No,No,0,Y
91,0,0,0,0,0,0,No,GdWo,No,0,Y
92,0,0,44,0,0,0,No,No,No,0,Y
93,0,0,0,0,99,0,No,No,No,0,Y
94,0,162,0,0,0,0,No,No,No,0,Y
95,232,63,0,0,0,0,No,No,Shed,480,Y
96,158,29,0,0,0,0,No,No,No,0,Y
97,120,0,0,0,0,0,No,No,No,0,P
98,0,0,77,0,0,0,No,No,Shed,400,Y
99,352,0,0,0,0,0,No,No,Shed,400,Y
100,168,68,0,0,0,0,No,No,No,0,Y
101,192,46,0,0,0,0,No,No,No,0,Y
102,0,0,0,0,0,0,No,No,No,0,Y
103,0,36,0,0,0,0,No,No,No,0,Y
104,0,0,0,0,184,0,No,No,No,0,Y
105,140,45,0,0,0,0,No,No,No,0,Y
106,0,0,0,0,0,0,No,No,Shed,450,N
107,0,0,0,0,0,0,No,No,No,0,Y
108,0,0,144,0,0,0,No,No,No,0,N
109,0,122,0,0,0,0,No,MnPrv,No,0,Y
110,182,0,0,0,0,0,No,No,No,0,Y
111,180,0,0,0,0,0,No,No,No,0,Y
112,120,184,0,0,168,0,No,No,No,0,Y
113,166,120,192,0,0,0,No,MnPrv,No,0,Y
114,224,0,0,0,0,0,No,MnPrv,No,0,Y
115,0,32,0,0,0,0,No,No,No,0,Y
116,0,20,144,0,0,0,No,No,No,0,Y
117,80,64,0,0,0,0,No,No,No,0,Y
118,367,0,0,0,0,0,No,No,No,0,Y
119,0,24,0,0,0,0,No,No,No,0,Y
120,0,130,0,130,0,0,No,No,No,0,Y
121,0,0,140,0,0,0,No,MnPrv,No,0,P
122,0,0,0,0,130,0,No,No,No,0,Y
123,0,63,0,0,0,0,No,No,No,0,Y
124,192,0,0,0,0,0,No,No,No,0,Y
125,53,0,0,0,0,0,No,No,No,0,N
126,0,205,0,0,0,0,No,No,No,0,Y
127,0,0,0,0,0,0,No,No,No,0,N
128,188,108,0,0,0,0,No,No,No,0,Y
129,0,80,0,180,0,0,No,MnWw,No,0,Y
130,105,66,0,0,0,0,No,GdPrv,No,0,Y
131,24,48,0,0,0,0,No,No,No,0,Y
132,0,0,0,0,0,0,No,No,No,0,Y
133,192,25,0,0,0,0,No,No,No,0,Y
134,0,96,180,0,0,0,No,MnPrv,No,0,Y
135,98,0,0,0,0,0,No,MnPrv,No,0,Y
136,0,111,0,0,0,0,No,No,No,0,Y
137,0,0,0,0,0,0,No,No,No,0,Y
138,224,106,0,0,0,0,No,GdPrv,No,0,Y
139,276,99,0,0,0,0,No,MnPrv,No,0,Y
140,0,0,0,0,0,0,No,No,No,0,Y
141,160,24,0,0,0,0,No,No,No,0,Y
142,0,0,0,0,0,0,No,MnPrv,No,0,Y
143,144,29,0,0,0,0,No,No,No,0,Y
144,0,0,0,0,0,0,No,No,No,0,Y
145,0,40,0,0,0,0,No,No,No,0,Y
146,48,0,0,0,0,0,No,No,No,0,Y
147,144,48,0,0,0,0,No,No,No,0,Y
148,0,0,0,0,0,0,No,No,No,0,Y
149,200,114,0,0,0,0,No,No,No,0,Y
150,0,0,0,0,0,0,No,MnPrv,No,0,Y
151,0,102,0,0,0,0,No,No,No,0,Y
152,0,66,0,0,0,0,No,GdWo,No,0,Y
153,409,0,0,0,0,0,No,No,No,0,Y
154,0,0,228,0,0,0,No,No,No,0,Y
155,0,8,128,0,0,0,No,No,No,0,N
156,0,0,0,0,0,0,No,No,No,0,Y
157,0,75,0,0,0,0,No,No,No,0,Y
158,0,136,0,0,0,0,No,GdWo,No,0,Y
159,239,132,0,168,0,0,No,No,No,0,Y
160,0,0,0,0,0,0,No,No,No,0,Y
161,400,0,0,0,0,0,No,No,No,0,Y
162,0,70,0,0,0,0,No,No,No,0,Y
163,0,0,0,0,0,0,No,MnPrv,No,0,Y
164,0,0,183,0,0,0,No,No,No,0,Y
165,140,0,0,0,0,0,No,No,No,0,Y
166,476,0,0,0,142,0,No,GdWo,No,0,Y
167,178,120,0,0,0,0,No,No,No,0,Y
168,100,48,0,0,0,0,No,No,No,0,Y
169,574,64,0,0,0,0,No,No,No,0,Y
170,237,0,0,0,0,0,No,No,No,0,Y
171,210,62,0,0,0,0,No,No,No,0,P
172,441,35,0,0,0,0,No,No,No,0,Y
173,0,20,0,0,0,0,No,No,No,0,Y
174,192,0,0,0,0,0,No,No,No,0,Y
175,0,29,39,0,0,0,No,MnPrv,No,0,Y
176,0,228,0,0,192,0,No,No,No,0,Y
177,0,0,0,0,0,0,No,No,No,0,Y
178,0,60,0,0,0,0,No,No,No,0,Y
179,0,0,184,0,0,0,No,No,No,0,N
180,0,0,0,0,0,0,No,No,No,0,Y
181,0,0,40,0,0,0,No,No,No,0,Y
182,116,0,0,180,0,0,No,MnPrv,No,0,Y
183,280,238,0,0,0,0,No,No,No,0,N
184,104,0,0,0,0,0,No,MnPrv,No,0,Y
185,0,260,0,0,410,0,No,GdPrv,No,0,Y
186,168,27,0,0,0,0,No,GdPrv,No,0,Y
187,0,0,0,140,0,0,No,MnPrv,No,0,N
188,120,0,0,0,0,0,No,No,No,0,Y
189,0,120,0,0,224,0,No,No,No,0,Y
190,0,74,0,0,0,0,No,No,No,0,Y
191,0,32,0,0,0,0,No,No,No,0,Y
192,0,35,0,0,0,0,No,No,No,0,Y
193,0,40,0,0,0,0,No,No,No,0,Y
194,0,0,0,0,0,0,No,No,No,0,Y
195,87,0,0,0,0,0,No,No,No,0,Y
196,171,138,0,0,266,0,No,No,No,0,Y
197,0,16,552,0,0,512,Ex,GdPrv,No,0,Y
198,0,198,30,0,0,0,No,MnPrv,No,0,Y
199,0,26,0,0,170,0,No,No,No,0,Y
200,132,64,0,0,0,0,No,No,No,0,Y
201,238,83,0,0,0,0,No,MnPrv,No,0,Y
202,0,0,126,0,0,0,No,No,No,0,Y
203,149,0,0,0,0,0,No,No,No,0,Y
204,0,35,0,0,0,0,No,MnWw,No,0,Y
205,0,34,0,508,0,0,No,No,No,0,Y
206,0,30,0,0,0,0,No,No,No,0,Y
207,355,0,0,0,0,0,No,GdWo,No,0,Y
208,60,55,0,0,154,0,No,No,No,0,Y
209,0,0,0,0,0,0,No,MnPrv,No,0,Y
210,0,0,96,0,0,0,No,No,No,0,Y
211,100,22,0,0,0,0,No,No,No,0,Y
212,168,108,0,0,0,0,No,No,No,0,Y
213,224,0,0,0,0,0,No,No,No,0,Y
214,0,36,0,0,0,0,No,MnPrv,Shed,450,Y
215,0,0,0,0,0,0,No,MnPrv,No,0,Y
216,139,98,0,0,0,0,No,No,No,0,Y
217,0,172,60,0,0,0,No,No,No,0,Y
218,0,119,150,0,0,0,No,No,No,0,Y
219,108,0,0,0,0,0,No,No,No,0,Y
220,351,33,0,0,0,0,No,No,No,0,Y
221,120,46,0,0,0,0,No,No,No,0,Y
222,209,208,0,0,0,0,No,MnPrv,No,0,Y
223,216,0,0,0,0,0,No,No,No,0,Y
224,248,105,0,0,0,0,No,No,No,0,Y
225,0,0,0,0,0,0,No,No,No,0,Y
226,224,114,0,0,0,0,No,No,No,0,Y
227,0,0,0,0,0,0,No,No,No,0,Y
228,0,0,0,0,0,0,No,MnPrv,No,0,Y
229,143,20,0,0,0,0,No,No,No,0,Y
230,0,0,120,0,0,0,No,No,No,0,Y
231,0,146,202,0,0,0,No,No,No,0,Y
232,0,0,0,0,0,0,No,No,No,0,Y
233,365,0,0,0,0,0,No,MnPrv,No,0,Y
234,288,48,0,0,0,0,No,No,No,0,Y
235,0,0,0,0,0,0,No,No,No,0,Y
236,132,105,0,0,0,0,No,No,No,0,Y
237,370,70,0,238,0,0,No,No,No,0,Y
238,168,228,0,0,0,0,No,No,No,0,Y
239,0,140,0,0,0,0,No,MnPrv,No,0,Y
240,144,168,0,0,0,0,No,No,No,0,Y
241,58,42,0,0,0,0,No,No,No,0,Y
242,0,0,77,0,0,0,No,No,No,0,Y
243,0,28,0,0,0,0,No,No,No,0,Y
244,0,130,0,0,0,0,No,No,No,0,Y
245,197,39,0,0,0,0,No,No,No,0,Y
246,0,60,112,0,0,0,No,No,No,0,Y
247,0,30,0,0,0,0,No,No,No,0,Y
248,144,68,0,0,0,0,No,No,No,0,Y
249,0,98,0,0,0,0,No,No,Shed,500,Y
250,263,0,0,0,0,0,No,GdWo,Shed,450,Y
251,123,0,0,0,153,0,No,No,No,0,Y
252,138,45,0,0,0,0,No,No,No,0,Y
253,333,0,0,0,0,0,No,MnPrv,No,0,Y
254,250,0,0,0,0,0,No,No,No,0,Y
255,192,0,0,0,0,0,No,No,No,0,Y
256,216,56,0,0,0,0,No,No,No,0,Y
257,123,110,0,0,0,0,No,No,No,0,Y
258,0,96,0,245,0,0,No,No,No,0,Y
259,0,45,0,0,0,0,No,No,No,0,Y
260,0,0,252,0,0,0,No,GdWo,No,0,Y
261,0,148,0,0,0,0,No,No,No,0,Y
262,292,12,0,0,0,0,No,GdWo,No,0,Y
263,0,0,0,0,0,0,No,No,No,0,Y
264,0,0,0,0,0,0,No,No,No,0,N
265,276,0,0,0,0,0,No,GdPrv,No,0,Y
266,95,75,0,0,0,0,No,No,No,0,Y
267,262,24,0,0,0,0,No,No,No,0,Y
268,0,25,0,0,0,0,No,No,No,0,Y
269,370,30,0,0,0,0,No,GdPrv,No,0,Y
270,192,51,0,0,0,0,No,No,No,0,Y
271,81,0,0,0,0,0,No,No,No,0,Y
272,132,57,0,0,0,0,No,No,No,0,Y
273,289,0,0,0,0,0,No,MnPrv,No,0,Y
274,168,0,0,0,0,0,No,No,No,0,Y
275,74,0,0,0,144,0,No,No,No,0,Y
276,100,150,0,0,0,0,No,No,No,0,Y
277,0,0,0,0,0,0,No,No,No,0,Y
278,124,98,0,0,142,0,No,No,No,0,Y
279,288,117,0,0,0,0,No,No,No,0,Y
280,0,84,0,196,0,0,No,No,No,0,Y
281,0,120,0,0,0,0,No,No,No,0,Y
282,172,62,0,0,0,0,No,No,No,0,Y
283,210,150,0,0,0,0,No,No,No,0,Y
284,0,0,52,0,0,0,No,No,No,0,Y
285,0,54,0,0,0,0,No,No,No,0,Y
286,0,0,0,0,128,0,No,GdPrv,No,0,Y
287,0,0,0,0,0,0,No,No,No,0,Y
288,0,0,0,0,0,0,No,MnPrv,No,0,Y
289,0,0,0,0,259,0,No,No,No,0,Y
290,0,51,0,0,0,0,No,No,No,0,Y
291,0,184,0,0,0,0,No,No,No,0,N
292,0,0,0,0,160,0,No,No,No,0,Y
293,0,250,0,0,0,0,No,No,No,0,Y
294,110,0,0,0,0,0,No,No,No,0,Y
295,120,0,0,0,0,0,No,GdPrv,No,0,Y
296,289,0,0,0,0,0,No,MnPrv,No,0,Y
297,0,10,0,0,198,0,No,No,No,0,Y
298,224,0,0,0,0,0,No,No,No,0,Y
299,0,36,0,0,0,0,No,GdPrv,No,0,Y
300,0,0,0,0,0,0,No,No,No,0,Y
301,208,50,0,0,0,0,No,No,No,0,Y
302,468,81,0,0,0,0,No,No,No,0,Y
303,256,0,0,0,0,0,No,GdWo,No,0,Y
304,302,0,0,0,0,0,No,No,No,0,Y
305,168,0,0,0,0,0,No,No,No,0,Y
306,127,44,224,0,0,0,No,No,No,0,Y
307,0,144,0,0,0,0,No,MnPrv,No,0,N
308,158,0,0,0,0,0,No,No,No,0,Y
309,208,175,0,0,0,0,No,No,No,0,Y
310,190,63,0,0,0,0,No,No,No,0,Y
311,0,0,0,0,0,0,No,No,No,0,Y
312,0,0,0,0,271,0,No,MnPrv,No,0,Y
313,0,0,0,0,0,0,No,No,No,0,Y
314,0,0,234,0,0,0,No,No,No,0,Y
315,100,51,0,0,0,0,No,No,No,0,Y
316,288,195,0,0,0,0,No,GdPrv,No,0,Y
317,208,46,0,0,0,0,No,No,No,0,Y
318,340,60,144,0,0,0,No,No,No,0,Y
319,233,48,0,0,0,0,No,No,No,0,Y
320,240,154,0,0,0,0,No,No,No,0,Y
321,184,154,0,0,0,0,No,No,No,0,Y
322,201,96,0,0,0,0,No,MnPrv,No,0,Y
323,142,98,0,0,0,0,No,No,No,0,Y
324,240,0,0,0,0,0,No,No,No,0,Y
325,0,0,244,0,0,0,No,No,No,0,Y
326,122,30,0,0,0,0,No,No,No,0,Y
327,0,45,0,0,0,0,No,No,No,0,Y
328,0,60,268,0,0,0,No,No,No,0,Y
329,0,0,137,0,0,0,No,GdWo,No,0,N
330,155,0,0,0,0,0,No,No,No,0,Y
331,0,0,0,0,0,0,No,No,No,0,Y
332,0,0,0,0,0,0,No,No,No,0,Y
333,192,30,0,0,0,0,No,No,No,0,Y
334,100,38,0,0,0,0,No,No,No,0,Y
335,670,0,0,0,0,0,No,No,Shed,700,Y
336,178,51,0,0,0,0,No,No,No,0,Y
337,192,74,0,0,0,0,No,No,No,0,Y
338,108,45,0,0,0,0,No,No,Shed,400,Y
339,0,0,0,0,234,0,No,No,No,0,Y
340,135,0,0,0,0,0,No,No,No,0,Y
341,250,0,24,0,0,0,No,No,No,0,N
342,0,0,0,0,0,0,No,No,No,0,Y
343,495,72,0,0,0,0,No,No,No,0,Y
344,182,0,0,0,0,0,No,No,No,0,Y
345,0,0,0,0,0,0,No,No,No,0,Y
346,0,0,0,0,0,0,No,No,Gar2,15500,Y
347,0,40,0,0,0,0,No,No,No,0,Y
348,0,27,0,0,0,0,No,No,No,0,Y
349,0,0,0,0,0,0,No,No,No,0,Y
350,210,54,0,0,0,0,No,No,No,0,Y
351,0,80,0,0,184,0,No,No,No,0,Y
352,48,0,0,0,0,0,No,No,No,0,Y
353,106,0,0,0,0,0,No,No,No,0,Y
354,0,0,108,0,0,0,No,No,No,0,Y
355,0,26,0,0,0,0,No,No,No,0,Y
356,120,26,0,0,0,0,No,No,No,0,Y
357,536,90,0,0,0,0,No,MnPrv,No,0,Y
358,168,0,294,0,0,0,No,No,No,0,Y
359,208,75,0,0,374,0,No,No,No,0,Y
360,0,0,0,0,192,0,No,MnPrv,No,0,Y
361,0,0,0,0,0,0,No,No,No,0,N
362,0,0,177,0,0,0,No,No,No,0,Y
363,250,0,0,0,0,0,No,No,No,0,Y
364,306,111,0,0,0,0,No,No,No,0,Y
365,0,128,218,0,0,0,No,No,No,0,Y
366,0,76,0,0,185,0,No,No,No,0,Y
367,64,110,0,0,0,0,No,No,No,0,Y
368,0,98,0,0,0,0,No,No,No,0,Y
369,364,17,0,0,182,0,No,No,No,0,Y
370,100,40,0,0,0,0,No,No,No,0,Y
371,0,59,0,0,0,0,No,No,No,0,N
372,353,0,0,0,90,0,No,MnPrv,No,0,Y
373,66,0,0,0,0,0,No,GdWo,No,0,Y
374,100,48,0,0,0,0,No,No,No,0,Y
375,0,0,0,0,0,0,No,No,No,0,Y
376,0,0,0,0,0,0,No,No,No,0,Y
377,159,214,0,0,0,0,No,No,No,0,Y
378,113,0,0,0,0,0,No,No,No,0,Y
379,100,63,0,0,0,0,No,No,No,0,Y
380,0,0,242,0,0,0,No,No,No,0,Y
381,216,121,0,0,0,0,No,No,No,0,Y
382,144,53,0,0,0,0,No,No,No,0,Y
383,0,0,91,0,0,0,No,No,No,0,N
384,216,231,0,0,0,0,No,No,No,0,Y
385,146,20,0,0,144,0,No,No,No,0,Y
386,0,151,0,0,0,0,No,No,No,0,N
387,296,0,0,0,0,0,No,GdWo,No,0,Y
388,120,25,0,0,0,0,No,No,No,0,Y
389,196,134,0,0,0,0,No,No,No,0,Y
390,0,130,112,0,0,0,No,MnPrv,No,0,Y
391,125,192,0,0,0,0,No,No,No,0,Y
392,0,0,0,0,0,0,No,MnPrv,Shed,1200,Y
393,0,0,0,0,0,0,No,GdWo,No,0,Y
394,0,39,0,0,0,0,No,No,No,0,Y
395,44,0,0,0,0,0,No,No,No,0,Y
396,215,0,0,0,0,0,No,No,No,0,Y
397,0,168,0,0,0,0,No,No,No,0,Y
398,0,0,0,0,0,0,No,No,No,0,N
399,0,168,0,0,0,0,No,No,No,0,Y
400,120,30,0,0,224,0,No,No,No,0,Y
401,0,0,0,0,0,0,No,No,No,0,Y
402,168,0,0,0,0,0,No,GdPrv,No,0,N
403,144,123,0,0,0,0,No,No,No,0,Y
404,0,40,0,0,0,0,No,No,No,0,Y
405,120,78,0,0,0,0,No,GdWo,No,0,Y
406,0,0,0,0,0,0,No,No,No,0,Y
407,0,0,160,0,0,0,No,No,No,0,Y
408,192,62,0,0,0,0,No,No,No,0,Y
409,0,102,0,0,0,0,No,No,No,0,Y
410,0,0,0,0,0,0,No,No,No,0,Y
411,264,0,0,0,0,0,No,No,No,0,Y
412,0,144,0,0,0,0,No,No,No,0,Y
413,0,0,130,0,0,0,No,No,No,0,Y
414,196,187,0,0,0,0,No,No,No,0,Y
415,100,30,0,0,0,0,No,No,No,0,Y
416,0,0,0,0,0,0,No,No,No,0,Y
417,0,0,0,0,0,0,No,No,No,0,N
418,0,0,0,0,0,0,No,No,No,0,P
419,0,85,184,0,0,0,No,No,No,0,Y
420,0,0,0,0,0,0,No,No,No,0,Y
421,240,0,0,0,0,0,No,No,No,0,Y
422,0,0,0,0,0,0,No,No,No,0,N
423,0,66,0,0,0,0,No,No,No,0,Y
424,0,44,0,0,0,0,No,No,No,0,Y
425,0,0,126,0,0,0,No,No,No,0,P
426,80,0,0,0,396,0,No,No,No,0,Y
427,0,0,0,0,0,0,No,No,No,0,Y
428,105,54,0,0,0,0,No,No,No,0,Y
429,0,0,169,0,0,0,No,No,No,0,Y
430,0,0,0,0,0,0,No,No,No,0,Y
431,0,98,0,0,0,0,No,MnPrv,No,0,N
432,240,36,0,0,0,0,No,No,No,0,Y
433,0,36,0,0,0,0,No,No,No,0,Y
434,88,0,0,0,0,0,No,No,No,0,Y
435,158,61,0,0,0,0,No,No,No,0,Y
436,0,0,0,0,0,0,No,No,No,0,Y
437,0,0,105,0,0,0,No,No,No,0,Y
438,0,0,34,0,0,0,No,MnPrv,No,0,P
439,0,46,0,0,0,0,No,GdPrv,Shed,800,Y
440,0,72,0,0,170,0,No,No,No,0,Y
441,0,0,0,0,0,0,No,No,No,0,Y
442,0,0,0,0,0,0,No,No,No,0,P
443,144,16,0,0,0,0,No,No,No,0,Y
444,144,133,0,0,0,0,No,No,No,0,Y
445,0,0,0,0,0,0,No,MnPrv,No,0,Y
446,0,0,0,0,0,0,No,No,No,0,Y
447,89,0,0,0,0,0,No,No,No,0,Y
448,0,0,0,0,0,0,No,No,No,0,N
449,0,176,0,0,0,0,No,No,No,0,Y
450,0,113,0,0,0,0,No,No,No,0,N
451,200,54,0,0,0,0,No,No,No,0,Y
452,144,122,0,0,0,0,No,No,No,0,Y
453,0,30,0,0,0,0,No,No,No,0,Y
454,0,0,0,0,0,0,No,No,No,0,Y
455,0,0,0,0,0,0,No,No,No,0,Y
456,0,0,96,0,0,0,No,No,No,0,Y
457,224,137,0,0,0,0,No,No,No,0,Y
458,192,63,0,0,0,0,No,MnPrv,No,0,Y
459,0,0,248,0,0,0,No,No,No,0,Y
460,0,150,0,0,0,0,No,No,No,0,Y
461,256,0,0,0,0,0,No,MnPrv,No,0,Y
462,0,0,236,0,0,0,No,GdWo,No,0,Y
463,0,0,0,0,0,0,No,No,No,0,Y
464,0,0,0,0,0,0,No,No,No,0,Y
465,144,20,0,0,0,0,No,No,No,0,Y
466,0,0,0,0,176,0,No,GdWo,No,0,Y
467,168,0,0,0,0,0,No,No,No,0,Y
468,0,44,0,0,0,0,No,No,No,0,Y
469,144,70,0,0,0,0,No,No,No,0,Y
470,0,54,0,0,140,0,No,No,No,0,Y
471,0,0,0,0,276,0,No,No,No,0,Y
472,0,28,0,0,0,0,No,No,No,0,Y
473,250,63,0,0,0,0,No,No,No,0,Y
474,96,48,0,0,0,0,No,No,No,0,Y
475,0,24,0,0,192,0,No,No,No,0,Y
476,140,39,0,0,0,0,No,No,No,0,Y
477,414,84,0,0,0,0,No,No,No,0,Y
478,208,44,0,0,0,0,No,No,No,0,Y
479,0,72,0,0,0,0,No,MnPrv,No,0,Y
480,519,112,0,0,0,0,No,No,No,0,Y
481,206,49,0,0,0,0,No,No,No,0,Y
482,0,0,0,0,0,0,No,No,No,0,Y
483,0,125,0,0,0,0,No,No,No,0,Y
484,0,132,0,0,0,0,No,No,No,0,Y
485,0,80,120,0,0,0,No,No,No,0,Y
486,0,0,0,0,0,0,No,No,No,0,Y
487,224,0,0,0,180,0,No,No,No,0,Y
488,142,0,0,0,0,0,No,No,No,0,N
489,0,0,0,0,0,0,No,No,No,0,Y
490,141,24,0,0,0,0,No,No,No,0,Y
491,0,0,32,0,0,0,No,MnPrv,No,0,Y
492,0,0,0,0,0,0,No,No,No,0,Y
493,0,0,0,0,0,0,No,No,No,0,Y
494,144,20,80,0,0,0,No,No,No,0,Y
495,0,523,115,0,0,0,No,GdWo,No,0,N
496,264,75,291,0,0,0,No,No,No,0,Y
497,0,100,0,0,0,0,No,GdPrv,No,0,N
498,64,0,0,0,0,0,No,MnPrv,No,0,Y
499,12,285,0,0,0,0,No,MnWw,Shed,480,Y
500,144,28,0,0,0,0,No,No,No,0,Y
501,0,108,0,0,0,0,No,No,No,0,Y
502,0,0,184,0,0,0,No,GdPrv,Shed,400,Y
503,0,54,0,0,161,0,No,GdWo,No,0,Y
504,260,0,0,0,0,0,No,No,No,0,Y
505,0,0,0,0,0,0,No,No,No,0,N
506,182,81,0,0,0,0,No,No,No,0,Y
507,0,102,0,0,0,0,No,No,No,0,Y
508,0,0,116,0,0,0,No,No,No,0,N
509,224,88,0,0,0,0,No,MnPrv,No,0,Y
510,324,42,0,0,168,0,No,No,Shed,2000,Y
511,132,35,0,0,0,0,No,No,No,0,Y
512,0,0,0,0,0,0,No,No,No,0,Y
513,120,0,158,0,0,0,No,No,No,0,Y
514,0,0,112,0,0,0,No,MnPrv,No,0,Y
515,156,54,0,0,0,0,No,No,No,0,Y
516,0,104,0,0,0,0,No,GdPrv,No,0,Y
517,220,0,0,0,0,0,No,No,No,0,Y
518,0,36,0,0,0,0,No,MnPrv,No,0,Y
519,0,0,0,0,145,0,No,MnPrv,No,0,Y
520,220,114,210,0,0,0,No,No,No,0,N
521,0,40,0,0,0,0,No,No,No,0,Y
522,0,24,36,0,0,0,No,No,No,0,Y
523,208,406,0,0,0,0,No,No,No,0,Y
524,239,60,0,0,0,0,No,No,No,0,Y
525,38,144,0,0,0,0,No,No,No,0,Y
526,261,0,156,0,0,0,No,No,No,0,Y
527,126,66,0,0,0,0,No,No,No,0,Y
528,0,0,144,0,0,0,No,No,No,0,N
529,0,0,200,0,0,0,No,No,No,0,Y
530,224,0,0,0,0,0,No,No,No,0,Y
531,0,0,84,0,0,0,No,No,No,0,Y
532,0,0,0,0,0,0,No,No,No,0,Y
533,0,0,0,0,0,0,No,No,No,0,N
534,100,35,0,0,0,0,No,No,No,0,Y
535,85,0,148,0,0,0,No,No,No,0,N
536,120,155,0,0,0,0,No,No,No,0,Y
537,216,0,0,0,0,0,No,MnWw,No,0,Y
538,466,0,0,0,0,0,No,No,No,0,Y
539,180,0,0,0,0,0,No,MnPrv,Shed,2000,Y
540,270,68,0,0,0,0,No,No,No,0,Y
541,0,56,0,0,0,0,No,No,No,0,Y
542,78,73,0,0,0,0,No,No,No,0,Y
543,120,40,0,0,0,0,No,No,No,0,Y
544,100,24,0,0,0,0,No,No,No,0,Y
545,0,0,0,0,0,0,No,No,No,0,Y
546,0,38,0,144,0,0,No,No,No,0,Y
547,104,0,0,0,0,0,No,No,No,0,Y
548,140,50,0,0,0,0,No,MnPrv,No,0,Y
549,182,182,0,0,0,0,No,No,No,0,Y
550,0,55,0,0,200,0,No,No,No,0,Y
551,0,0,0,0,0,0,No,No,No,0,Y
552,169,39,0,0,0,0,No,No,No,0,Y
553,0,96,0,0,0,0,No,MnPrv,No,0,N
554,320,62,0,0,0,0,No,No,No,0,Y
555,0,0,116,0,0,0,No,No,No,0,Y
556,268,0,0,0,122,0,No,MnWw,No,0,Y
557,0,47,120,0,0,0,No,No,No,0,Y
558,264,22,0,0,0,0,No,No,No,0,Y
559,143,20,0,0,0,0,No,No,No,0,Y
560,0,0,0,0,95,0,No,No,No,0,Y
561,240,38,0,0,0,0,No,No,No,0,Y
562,144,0,0,0,0,0,No,No,No,0,Y
563,72,36,0,0,144,0,No,No,No,0,N
564,0,40,0,0,0,0,No,No,No,0,Y
565,0,66,136,0,0,0,No,No,No,0,Y
566,144,39,0,0,0,0,No,No,No,0,Y
567,0,0,0,0,0,0,No,No,No,0,Y
568,349,40,0,0,0,0,No,No,No,0,Y
569,42,0,0,0,0,0,No,No,No,0,Y
570,0,0,0,0,0,0,No,No,No,0,Y
571,168,0,0,0,0,0,No,No,No,0,Y
572,208,114,0,0,0,0,No,No,No,0,Y
573,100,0,0,0,0,0,No,No,No,0,Y
574,35,0,0,0,0,0,No,GdWo,No,0,Y
575,158,0,102,0,0,0,No,No,No,0,Y
576,0,50,0,0,0,0,No,No,No,0,Y
577,160,68,240,0,0,0,No,No,No,0,Y
578,0,102,0,0,0,0,No,No,No,0,Y
579,0,0,0,0,0,0,No,No,No,0,Y
580,216,110,0,0,0,0,No,No,No,0,Y
581,0,90,0,0,0,0,No,No,No,0,Y
582,0,32,0,0,0,0,No,No,No,0,Y
583,105,502,0,0,0,0,No,No,No,0,Y
584,0,0,54,0,120,0,No,No,No,0,Y
585,326,66,0,0,0,0,No,No,No,0,Y
586,0,0,112,0,0,0,No,MnWw,No,0,N
587,0,0,0,0,0,0,No,No,No,0,Y
588,0,48,0,0,60,0,No,No,No,0,Y
589,0,0,0,0,0,0,No,No,Shed,600,P
590,0,45,0,0,0,0,No,No,No,0,Y
591,382,274,0,0,0,0,No,No,No,0,Y
592,0,0,0,0,0,0,No,No,No,0,Y
593,140,0,0,0,0,0,No,No,No,0,Y
594,0,0,0,0,0,0,No,MnPrv,No,0,Y
595,180,75,0,0,120,0,No,No,No,0,Y
596,0,158,0,0,0,0,No,No,No,0,N
597,120,16,0,0,0,0,No,No,No,0,Y
598,0,0,0,0,0,0,No,No,No,0,Y
599,161,0,0,0,0,0,No,GdPrv,No,0,Y
600,179,60,0,0,0,0,No,No,No,0,Y
601,0,162,0,0,126,0,No,No,No,0,P
602,120,150,0,0,0,0,No,No,No,0,Y
603,0,172,0,0,0,0,No,No,No,0,Y
604,192,36,0,0,0,0,No,No,No,0,Y
605,0,42,0,0,189,0,No,No,No,0,Y
606,168,0,0,0,0,0,No,GdPrv,No,0,Y
607,103,0,0,0,0,0,No,No,No,0,Y
608,0,0,0,0,0,0,No,No,No,0,Y
609,64,0,39,0,0,0,No,No,No,0,Y
610,253,142,0,0,0,0,No,No,No,0,Y
611,0,0,0,0,0,0,No,MnPrv,Shed,500,Y
612,160,122,0,0,0,0,No,No,No,0,Y
613,0,30,0,0,0,0,No,No,No,0,Y
614,96,24,0,0,0,0,No,No,No,0,Y
615,120,0,0,0,0,0,No,MnPrv,No,0,Y
616,100,75,0,0,0,0,No,No,No,0,Y
617,0,0,0,0,0,0,No,No,No,0,Y
618,0,108,0,0,260,0,No,No,No,0,Y
619,168,0,0,0,0,0,No,No,No,0,Y
620,0,0,100,0,0,0,No,No,No,0,N
621,38,243,0,0,0,0,No,No,No,0,Y
622,192,0,0,0,0,0,No,No,No,0,Y
623,0,32,0,0,0,0,No,No,No,0,Y
624,148,0,0,0,147,0,No,No,No,0,Y
625,0,0,0,0,385,0,No,No,No,0,Y
626,0,0,36,0,0,0,No,GdWo,Shed,600,Y
627,0,0,189,0,0,0,No,No,No,0,Y
628,335,0,0,0,0,0,No,No,No,0,Y
629,176,0,0,0,0,0,No,GdPrv,No,0,Y
630,0,0,293,0,0,0,No,MnPrv,No,0,N
631,156,73,0,0,0,0,No,No,No,0,Y
632,192,0,0,0,0,0,No,No,No,0,Y
633,390,0,0,0,0,0,No,No,No,0,Y
634,264,56,0,0,0,0,No,GdPrv,Shed,600,Y
635,0,110,0,0,0,0,No,No,No,0,N
636,0,0,0,0,0,0,No,No,No,0,N
637,0,0,0,0,0,0,No,No,No,0,Y
638,328,0,164,0,0,0,No,MnPrv,No,0,P
639,312,0,0,0,0,0,No,No,No,0,Y
640,185,140,0,0,0,0,No,No,No,0,Y
641,0,235,0,0,0,0,No,No,No,0,Y
642,269,111,0,0,0,0,No,MnPrv,No,0,Y
643,208,0,0,0,0,0,No,GdWo,No,0,Y
644,195,130,0,0,0,0,No,No,No,0,Y
645,0,312,40,0,0,0,No,No,No,0,Y
646,0,27,0,0,0,0,No,No,No,0,Y
647,0,0,0,0,287,0,No,No,No,0,Y
648,0,124,216,0,0,0,No,No,No,0,Y
649,0,0,0,0,0,0,No,MnPrv,No,0,Y
650,0,0,0,0,0,0,No,No,No,0,Y
651,120,0,0,0,0,0,No,MnPrv,No,0,P
652,0,120,0,0,0,0,No,No,No,0,Y
653,57,0,239,0,0,0,No,MnPrv,No,0,Y
654,236,46,0,0,0,0,No,No,No,0,Y
655,0,0,0,0,0,0,No,No,No,0,Y
656,0,0,0,0,0,0,No,MnPrv,No,0,Y
657,0,0,112,0,0,0,No,MnPrv,No,0,P
658,192,0,0,0,0,0,No,No,No,0,Y
659,0,0,0,0,0,0,No,MnPrv,No,0,Y
660,0,113,252,0,0,0,No,No,No,0,Y
661,517,76,0,0,0,0,No,No,No,0,Y
662,0,0,240,0,0,0,No,No,No,0,Y
663,0,0,180,0,0,0,No,MnPrv,No,0,Y
664,192,267,0,0,0,0,No,No,No,0,Y
665,188,124,0,0,0,0,No,No,No,0,Y
666,0,265,0,0,0,0,No,No,No,0,Y
667,224,42,0,0,0,0,No,No,No,0,Y
668,304,0,0,0,0,0,No,No,No,0,Y
669,0,0,67,0,0,0,No,No,No,0,Y
670,100,35,0,0,0,0,No,No,No,0,Y
671,147,0,0,0,0,0,No,No,No,0,Y
672,198,42,0,0,0,0,No,No,No,0,Y
673,0,87,0,0,200,0,No,No,No,0,Y
674,426,0,0,0,0,0,No,No,No,0,Y
675,28,0,0,0,0,0,No,No,No,0,Y
676,0,0,90,0,0,0,No,No,No,0,N
677,316,0,120,0,0,0,No,No,No,0,N
678,322,82,0,0,0,0,No,No,No,0,Y
679,0,0,0,0,0,0,No,No,No,0,Y
680,80,0,0,0,0,0,No,No,No,0,Y
681,0,0,56,0,0,0,No,No,No,0,Y
682,307,0,0,0,0,0,No,No,No,0,Y
683,257,45,0,0,0,0,No,No,No,0,Y
684,0,81,0,0,0,0,No,No,No,0,Y
685,219,0,0,0,0,0,No,No,No,0,Y
686,144,105,0,0,0,0,No,No,No,0,Y
687,0,60,0,0,0,0,No,No,No,0,Y
688,140,0,0,0,0,0,No,No,No,0,Y
689,192,28,0,0,0,0,No,No,No,0,Y
690,149,0,0,0,0,0,No,No,No,0,Y
691,382,50,0,0,0,0,No,No,No,0,Y
692,320,27,0,0,0,0,No,No,No,0,Y
693,0,0,112,0,0,0,No,No,No,0,Y
694,112,0,0,0,0,0,No,MnPrv,No,0,Y
695,125,0,0,0,0,0,No,No,No,0,Y
696,0,0,129,0,0,0,No,No,No,0,Y
697,0,0,0,0,0,0,No,No,No,0,Y
698,416,144,0,0,0,0,No,MnPrv,No,0,Y
699,156,158,0,0,0,0,No,No,No,0,Y
700,270,78,0,0,0,0,No,No,No,0,Y
701,0,0,0,0,0,0,No,No,No,0,Y
702,324,100,0,0,0,0,No,No,No,0,Y
703,344,0,40,0,0,0,No,MnPrv,No,0,N
704,0,35,0,144,0,0,No,No,No,0,Y
705,0,0,0,0,0,0,No,No,Othr,3500,N
706,380,48,0,0,0,0,No,No,No,0,Y
707,192,38,0,0,0,0,No,No,No,0,Y
708,100,24,0,0,0,0,No,No,No,0,Y
709,0,0,0,0,0,0,No,MnPrv,No,0,Y
710,0,0,0,0,0,0,No,No,No,0,N
711,68,0,98,0,0,0,No,No,No,0,N
712,168,120,0,0,0,0,No,No,No,0,Y
713,0,288,0,0,0,0,No,No,No,0,Y
714,0,44,0,0,0,0,No,No,No,0,Y
715,0,0,0,0,0,0,No,MnPrv,No,0,Y
716,0,48,143,0,0,0,No,No,No,0,P
717,224,0,0,0,0,0,No,MnPrv,No,0,Y
718,250,154,216,0,0,0,No,No,No,0,Y
719,0,0,0,0,0,0,No,No,No,0,Y
720,114,28,234,0,0,0,No,No,No,0,Y
721,160,0,0,0,0,0,No,No,No,0,Y
722,0,0,0,0,0,0,No,No,No,0,Y
723,0,0,0,0,156,0,No,No,No,0,Y
724,327,64,0,0,0,0,No,No,No,0,Y
725,96,0,0,0,0,0,No,No,Shed,500,Y
726,292,44,0,182,0,0,No,No,No,0,Y
727,132,0,0,0,0,0,No,No,No,0,Y
728,0,25,0,0,0,0,No,No,No,0,Y
729,0,23,112,0,0,0,No,No,No,0,Y
730,237,152,0,0,0,0,No,No,No,0,Y
731,160,22,0,0,0,0,No,No,No,0,Y
732,192,84,0,0,0,0,No,No,No,0,Y
733,165,0,0,0,0,0,No,GdWo,Shed,400,Y
734,147,0,0,0,0,0,No,No,No,0,Y
735,0,341,0,0,0,0,No,No,No,0,N
736,0,0,0,0,0,0,No,No,No,0,Y
737,0,116,0,0,0,0,No,No,No,0,Y
738,120,0,0,0,0,0,No,No,No,0,Y
739,187,56,0,0,0,0,No,No,No,0,Y
740,270,0,112,0,0,0,No,GdPrv,No,0,Y
741,168,0,0,0,0,0,No,GdPrv,No,0,Y
742,120,55,0,0,0,0,No,GdPrv,No,0,Y
743,302,0,0,0,100,0,No,No,No,0,Y
744,96,0,70,168,0,0,No,No,No,0,Y
745,0,204,0,0,0,0,No,No,No,0,Y
746,224,54,0,0,0,0,No,No,No,0,Y
747,181,0,386,0,0,0,No,No,No,0,N
748,240,56,154,0,0,0,No,No,No,0,Y
749,92,0,185,0,0,0,No,No,No,0,N
750,0,160,0,0,0,0,No,No,No,0,N
751,0,48,0,0,0,0,No,No,No,0,Y
752,168,27,0,0,0,0,No,No,No,0,Y
753,192,52,0,0,0,0,No,No,No,0,Y
754,171,48,0,0,0,0,No,No,No,0,Y
755,0,24,0,0,0,0,No,No,No,0,Y
756,144,105,0,0,0,0,No,No,No,0,Y
757,335,0,0,0,0,0,No,GdPrv,No,0,Y
758,0,0,0,0,0,0,No,No,No,0,Y
759,222,98,0,0,0,0,No,No,No,0,Y
760,0,0,0,0,0,0,No,No,Shed,450,Y
761,0,0,0,0,0,0,No,No,No,0,Y
762,169,45,0,0,0,0,No,No,No,0,Y
763,0,128,0,0,180,0,No,No,No,0,Y
764,0,30,0,0,216,0,No,No,No,0,Y
765,0,174,0,0,0,0,No,No,No,0,Y
766,228,66,156,0,0,0,No,MnPrv,Shed,500,Y
767,245,0,156,0,0,0,No,No,Shed,1300,Y
768,120,33,0,0,0,0,No,No,No,0,Y
769,503,36,0,0,210,0,No,No,No,0,Y
770,120,0,0,0,0,0,No,No,No,0,Y
771,0,0,0,0,0,0,No,No,No,0,Y
772,144,0,0,0,0,0,No,MnPrv,No,0,Y
773,0,0,0,0,0,0,No,No,No,0,Y
774,315,45,0,0,0,0,No,No,No,0,Y
775,0,247,0,0,0,0,No,No,No,0,Y
776,144,59,0,0,0,0,No,No,No,0,Y
777,241,0,0,0,0,0,No,MnPrv,No,0,Y
778,0,0,0,0,0,0,No,No,No,0,Y
779,0,0,0,0,0,0,No,No,No,0,Y
780,220,21,0,0,0,0,No,No,No,0,Y
781,0,124,0,0,0,0,No,No,No,0,Y
782,0,33,0,0,0,0,No,No,No,0,Y
783,303,30,0,0,0,0,No,No,No,0,Y
784,0,291,134,0,0,0,No,No,No,0,Y
785,0,0,0,0,197,0,No,No,No,0,Y
786,0,0,196,0,0,0,No,No,Shed,1200,Y
787,0,45,0,0,0,0,No,No,No,0,Y
788,0,0,0,0,0,0,No,No,No,0,Y
789,133,168,0,0,0,0,No,No,No,0,Y
790,100,16,0,0,0,0,No,No,No,0,Y
791,120,0,0,0,0,0,No,No,No,0,Y
792,180,130,0,0,0,0,No,No,No,0,Y
793,168,130,0,0,0,0,No,No,No,0,Y
794,143,46,0,0,0,0,No,No,Shed,500,Y
795,0,50,0,0,204,0,No,MnPrv,No,0,Y
796,138,0,0,0,0,0,No,MnPrv,No,0,Y
797,0,0,0,0,0,0,No,No,No,0,Y
798,144,78,0,0,0,0,No,No,No,0,Y
799,0,0,264,0,0,0,No,MnPrv,No,0,Y
800,403,114,185,0,0,0,No,No,Shed,400,Y
801,0,0,0,0,0,0,No,No,No,0,Y
802,36,18,0,0,0,0,No,No,No,0,Y
803,52,170,0,0,192,0,No,No,No,0,Y
804,0,0,0,0,0,0,No,GdWo,No,0,Y
805,0,60,0,0,0,0,No,No,No,0,Y
806,68,0,0,0,0,0,No,No,No,0,Y
807,0,312,0,0,0,0,No,No,No,0,Y
808,0,0,0,0,0,0,No,GdWo,No,0,Y
809,40,156,0,0,0,0,No,MnPrv,No,0,N
810,265,0,0,0,0,648,Fa,GdPrv,No,0,Y
811,140,0,0,0,0,0,No,No,No,0,Y
812,0,0,0,0,0,0,No,No,Shed,54,N
813,0,0,275,0,0,0,No,No,Shed,500,Y
814,207,0,96,0,0,0,No,No,No,0,P
815,0,34,0,0,0,0,No,No,No,0,Y
816,0,0,120,0,0,0,No,No,No,0,Y
817,150,59,0,0,0,0,No,No,No,0,Y
818,0,0,0,0,0,0,No,MnPrv,No,0,Y
819,192,35,0,0,0,0,No,No,No,0,Y
820,0,45,0,0,0,0,No,No,No,0,Y
821,0,32,112,0,0,0,No,No,No,0,Y
822,100,48,0,0,0,0,No,No,No,0,Y
823,335,0,0,0,0,0,No,GdWo,No,0,Y
824,0,140,0,0,0,0,No,No,No,0,Y
825,188,45,0,0,0,0,No,No,No,0,Y
826,0,0,116,0,0,0,No,No,No,0,Y
827,290,39,0,0,0,0,No,No,No,0,Y
828,486,0,0,0,225,0,No,No,No,0,Y
829,0,166,0,0,0,0,No,No,No,0,Y
830,0,0,0,0,192,0,No,No,No,0,Y
831,0,166,0,0,0,0,No,No,No,0,Y
832,192,39,0,0,0,0,No,No,No,0,Y
833,0,0,0,0,152,0,No,No,No,0,Y
834,0,0,0,0,0,0,No,GdWo,No,0,Y
835,290,0,0,0,0,0,No,No,No,0,Y
836,0,116,230,0,0,0,No,GdWo,No,0,Y
837,0,0,0,0,0,0,No,No,No,0,Y
838,278,0,0,0,0,0,No,No,No,0,Y
839,0,0,0,0,0,0,No,No,No,0,Y
840,0,0,254,0,0,0,No,No,No,0,P
841,70,78,68,0,0,0,No,No,No,0,P
842,0,129,0,0,0,0,No,GdPrv,No,0,Y
843,0,0,0,0,0,0,No,No,No,0,Y
844,418,0,194,0,0,0,No,No,No,0,Y
845,0,0,0,0,0,0,No,No,No,0,Y
846,234,72,192,0,0,0,No,No,No,0,Y
847,0,0,0,0,0,0,No,No,No,0,Y
848,486,40,0,0,175,0,No,No,No,0,Y
849,113,100,0,0,0,0,No,No,No,0,Y
850,140,0,0,0,0,0,No,No,No,0,Y
851,143,20,0,0,0,0,No,No,No,0,Y
852,0,0,0,0,126,0,No,MnPrv,No,0,Y
853,180,0,0,0,0,0,No,MnPrv,No,0,Y
854,0,418,0,0,312,0,No,No,No,0,Y
855,0,104,0,0,0,0,No,No,No,0,Y
856,0,0,34,0,0,0,No,MnPrv,No,0,Y
857,0,36,0,0,0,0,No,No,No,0,Y
858,0,0,0,0,0,0,No,MnPrv,No,0,Y
859,0,65,0,0,222,0,No,No,No,0,Y
860,0,240,0,0,0,0,No,GdPrv,No,0,Y
861,0,0,0,0,0,0,No,No,No,0,Y
862,0,0,0,0,0,0,No,GdPrv,No,0,Y
863,0,0,0,0,0,0,No,GdPrv,No,0,Y
864,0,140,0,0,0,0,No,No,No,0,Y
865,0,0,0,0,0,0,No,MnPrv,No,0,Y
866,192,80,0,0,0,0,No,No,No,0,Y
867,168,0,0,0,0,0,No,No,Shed,400,Y
868,120,144,0,0,0,0,No,No,No,0,P
869,156,90,0,0,0,0,No,GdPrv,No,0,Y
870,0,0,0,0,0,0,No,No,No,0,Y
871,0,77,0,0,0,0,No,No,No,0,Y
872,196,0,150,0,0,0,No,GdWo,No,0,Y
873,0,28,0,0,0,0,No,No,Othr,0,Y
874,26,0,0,0,0,0,No,No,No,0,Y
875,208,364,0,0,0,0,No,No,No,0,Y
876,0,0,0,0,0,0,No,No,No,0,Y
877,184,0,0,0,0,0,No,No,No,0,Y
878,192,0,0,0,0,0,No,MnPrv,Shed,400,Y
879,0,0,0,0,0,0,No,GdWo,No,0,Y
880,0,49,0,0,0,0,No,No,No,0,Y
881,168,36,0,0,0,0,No,No,No,0,Y
882,342,40,0,0,0,0,No,MnPrv,No,0,Y
883,0,188,0,0,0,0,No,No,No,0,Y
884,0,0,0,0,0,0,No,GdWo,No,0,Y
885,97,65,0,0,0,0,No,No,No,0,Y
886,272,54,0,0,0,0,No,No,No,0,Y
887,121,0,0,0,265,0,No,No,No,0,Y
888,81,207,0,0,224,0,No,No,No,0,Y
889,0,0,0,162,0,0,No,No,No,0,Y
890,0,0,0,0,0,0,No,MnPrv,Shed,2000,Y
891,243,0,0,0,0,0,No,No,No,0,Y
892,192,0,0,0,0,0,No,MnPrv,No,0,Y
893,511,116,0,0,0,0,No,GdPrv,No,0,Y
894,0,0,0,0,0,0,No,No,No,0,Y
895,0,50,0,0,0,0,No,No,No,0,Y
896,0,28,0,0,0,0,No,No,No,0,Y
897,154,0,0,0,0,0,No,No,No,0,Y
898,0,67,0,0,0,0,No,No,No,0,Y
899,0,0,0,0,0,0,No,No,No,0,Y
900,0,0,0,0,0,0,No,No,No,0,Y
901,0,0,0,0,0,0,No,No,No,0,Y
902,0,75,0,0,0,0,No,No,No,0,Y
903,144,60,0,0,0,0,No,No,No,0,Y
904,0,0,0,0,0,0,No,MnPrv,No,0,Y
905,0,0,164,0,0,0,No,MnPrv,No,0,Y
906,0,60,0,0,0,0,No,No,No,0,Y
907,0,0,0,0,322,0,No,No,No,0,Y
908,164,0,0,0,0,0,No,MnPrv,No,0,Y
909,36,24,0,0,0,0,No,No,No,0,Y
910,0,0,0,0,0,0,No,No,No,0,Y
911,173,0,0,0,0,0,No,No,No,0,Y
912,0,0,112,0,120,0,No,MnPrv,Shed,620,Y
913,0,0,0,0,0,0,No,No,No,0,Y
914,0,234,0,0,0,0,No,No,No,0,Y
915,0,0,0,0,0,0,No,No,No,0,Y
916,0,0,0,0,0,0,No,No,No,0,Y
917,0,0,0,0,0,0,No,No,No,0,Y
918,72,192,224,0,0,0,No,GdPrv,No,0,Y
919,0,51,0,0,190,0,No,No,No,0,Y
920,300,87,0,0,0,0,No,No,No,0,Y
921,0,70,0,0,0,0,No,GdPrv,No,0,N
922,100,0,0,23,0,0,No,No,No,0,Y
923,0,69,0,0,0,0,No,No,No,0,Y
924,384,131,0,0,0,0,No,No,No,0,Y
925,180,0,0,0,0,0,No,No,No,0,Y
926,104,100,0,0,0,0,No,No,No,0,Y
927,0,43,0,0,0,0,No,GdPrv,No,0,Y
928,202,151,0,0,0,0,No,No,No,0,Y
929,0,0,0,0,0,0,No,No,No,0,Y
930,100,18,0,0,0,0,No,No,No,0,Y
931,0,0,0,0,0,0,No,GdWo,No,0,Y
932,0,191,0,0,0,0,No,No,No,0,Y
933,192,36,0,0,0,0,No,No,No,0,Y
934,0,0,0,0,0,0,No,No,No,0,Y
935,0,0,32,0,0,0,No,No,No,0,Y
936,0,41,0,0,0,0,No,No,No,0,Y
937,0,48,0,0,0,0,No,No,No,0,Y
938,0,90,0,0,0,0,No,No,No,0,Y
939,56,0,318,0,0,0,No,No,No,0,Y
940,40,0,0,0,0,0,No,No,No,0,Y
941,0,0,0,168,0,0,No,GdPrv,No,0,Y
942,321,0,0,0,0,0,No,No,No,0,N
943,0,0,0,0,0,0,No,No,No,0,P
944,0,118,0,0,233,0,No,No,No,0,Y
945,48,0,244,0,0,0,No,MnWw,No,0,Y
946,86,0,0,0,0,0,No,No,No,0,Y
947,0,252,0,0,0,0,No,No,No,0,Y
948,144,96,0,0,0,0,No,No,No,0,Y
949,0,0,0,0,0,0,No,No,No,0,Y
950,194,0,0,0,0,0,No,No,No,0,Y
951,421,0,0,0,0,0,No,MnPrv,No,0,Y
952,192,0,0,0,0,0,No,MnPrv,No,0,Y
953,305,189,0,0,0,0,No,MnPrv,Shed,400,Y
954,0,0,0,0,0,0,No,No,No,0,Y
955,0,0,0,0,0,0,No,No,No,0,Y
956,150,0,0,0,0,0,No,GdPrv,No,0,Y
957,0,0,0,0,0,0,No,No,No,0,Y
958,0,39,0,0,0,0,No,No,No,0,Y
959,0,44,0,0,0,0,No,No,No,0,Y
960,117,0,0,0,0,0,No,No,No,0,Y
961,550,282,0,0,0,0,No,No,No,0,Y
962,48,0,0,0,0,0,No,No,No,0,Y
963,288,136,0,0,0,0,No,No,No,0,Y
964,0,40,0,0,0,0,No,No,No,0,Y
965,0,72,0,0,0,0,No,No,No,0,Y
966,0,70,0,0,0,0,No,No,No,0,Y
967,0,0,0,0,0,0,No,No,No,0,Y
968,0,0,0,0,0,0,No,GdWo,No,0,Y
969,0,0,0,0,0,0,No,No,No,0,Y
970,0,0,0,0,0,0,No,No,No,0,Y
971,0,27,0,0,0,0,No,No,No,0,Y
972,28,0,0,0,0,0,No,No,No,0,Y
973,0,120,0,0,0,0,No,No,No,0,Y
974,509,135,0,0,0,0,No,GdPrv,No,0,Y
975,153,50,0,0,0,0,No,No,No,0,Y
976,0,0,0,0,0,0,No,No,No,0,Y
977,0,116,0,0,0,0,No,No,No,0,Y
978,0,0,0,0,0,0,No,No,No,0,Y
979,0,80,0,0,0,0,No,MnPrv,No,0,Y
980,144,76,0,0,0,0,No,No,No,0,Y
981,250,0,0,0,0,0,No,No,No,0,Y
982,100,16,0,0,0,0,No,No,No,0,Y
983,0,0,0,0,0,0,No,No,No,0,Y
984,0,0,0,0,0,0,No,No,No,0,Y
985,0,48,0,0,0,0,No,No,No,0,Y
986,394,0,0,0,0,0,No,No,No,0,Y
987,168,95,0,0,0,0,No,No,No,0,Y
988,0,224,0,0,0,0,No,No,No,0,Y
989,0,50,0,0,0,0,No,No,No,0,Y
990,0,70,0,0,0,0,No,No,No,0,Y
991,0,169,0,0,0,0,No,No,No,0,P
992,239,42,0,0,0,0,No,MnWw,No,0,Y
993,0,35,0,0,0,0,No,No,No,0,Y
994,216,48,0,0,0,0,No,No,No,0,Y
995,0,57,0,0,63,0,No,MnPrv,No,0,Y
996,0,319,0,0,0,0,No,No,No,0,Y
997,371,0,0,0,0,0,No,No,No,0,Y
998,0,100,48,0,0,0,No,No,No,0,P
999,105,61,0,0,0,0,No,No,No,0,Y
1000,0,0,0,0,0,0,No,No,No,0,Y
1001,0,20,94,0,0,0,No,No,No,0,N
1002,144,104,0,0,0,0,No,No,No,0,Y
1003,0,0,0,0,0,0,No,No,No,0,Y
1004,156,0,0,0,0,0,No,No,No,0,Y
1005,210,0,0,0,0,0,No,No,No,0,Y
1006,0,0,0,0,147,0,No,No,No,0,Y
1007,238,0,0,0,0,0,No,No,No,0,Y
1008,100,48,0,0,180,0,No,No,No,0,Y
1009,0,0,138,0,0,0,No,No,No,0,P
1010,0,0,108,0,0,0,No,No,No,0,Y
1011,0,0,0,0,0,0,No,No,No,0,Y
1012,96,0,112,0,53,0,No,No,No,0,Y
1013,0,30,226,0,0,0,No,No,No,0,Y
1014,0,130,0,0,0,0,No,No,No,0,Y
1015,0,45,0,0,0,0,No,No,No,0,Y
1016,115,66,0,0,0,0,No,No,No,0,Y
1017,63,0,0,0,0,0,No,No,No,0,Y
1018,164,0,0,0,0,0,No,No,No,0,Y
1019,142,20,0,0,0,0,No,No,No,0,Y
1020,252,64,0,0,0,0,No,No,No,0,Y
1021,105,54,0,0,0,0,No,No,No,0,Y
1022,0,0,192,0,0,0,No,No,No,0,Y
1023,156,20,0,0,0,0,No,No,No,0,Y
1024,0,72,174,0,0,0,No,No,No,0,Y
1025,96,0,0,0,0,0,No,MnPrv,No,0,Y
1026,0,0,0,0,143,0,No,No,No,0,Y
1027,192,44,0,0,0,0,No,No,No,0,Y
1028,0,0,0,0,0,0,No,No,No,0,Y
1029,0,28,0,0,0,0,No,No,No,0,Y
1030,0,0,228,0,0,0,No,No,No,0,N
1031,136,63,0,0,0,0,No,No,No,0,Y
1032,209,55,0,0,0,0,No,No,No,0,Y
1033,0,136,0,0,0,0,No,No,No,0,Y
1034,0,0,0,0,0,0,No,MnPrv,No,0,Y
1035,186,0,0,0,0,0,No,No,No,0,N
1036,228,0,0,0,0,0,No,No,No,0,Y
1037,0,45,0,0,189,0,No,No,No,0,Y
1038,0,0,0,0,0,0,No,No,No,0,Y
1039,0,0,0,0,0,0,No,No,No,0,Y
1040,0,0,0,0,0,0,No,GdPrv,No,0,Y
1041,0,40,0,0,0,0,No,No,No,0,Y
1042,170,63,0,0,0,0,No,No,No,0,Y
1043,192,121,0,0,0,0,No,No,No,0,Y
1044,474,120,0,0,0,0,No,MnPrv,No,0,Y
1045,0,0,0,0,0,0,No,No,No,0,Y
1046,214,108,0,0,0,0,No,No,No,0,Y
1047,0,0,0,0,0,0,No,No,No,0,Y
1048,0,0,0,0,0,0,No,GdPrv,No,0,Y
1049,0,0,0,0,0,0,No,No,No,0,Y
1050,0,22,0,0,0,0,No,No,No,0,Y
1051,0,20,0,0,0,0,No,No,No,0,Y
1052,0,52,0,0,0,0,No,GdPrv,No,0,Y
1053,116,78,0,0,0,0,No,No,No,0,Y
1054,199,60,0,0,0,0,No,No,No,0,Y
1055,0,0,0,0,189,0,No,MnPrv,No,0,Y
1056,192,36,0,0,0,0,No,No,No,0,Y
1057,168,98,0,0,0,0,No,No,No,0,Y
1058,0,102,0,0,0,0,No,No,No,0,Y
1059,0,0,19,0,0,0,No,No,No,0,Y
1060,0,0,170,0,0,0,No,No,No,0,Y
1061,0,20,0,0,0,0,No,No,Shed,560,Y
1062,0,57,0,0,0,0,No,No,No,0,Y
1063,166,120,0,0,0,0,No,MnPrv,No,0,Y
1064,0,58,0,0,0,0,No,MnPrv,No,0,Y
1065,296,44,0,0,0,0,No,No,No,0,Y
1066,0,40,0,0,0,0,No,No,No,0,Y
1067,328,128,0,0,189,0,No,No,No,0,Y
1068,728,20,0,0,0,0,No,GdPrv,No,0,Y
1069,0,0,0,0,0,0,No,No,No,0,Y
1070,0,20,0,0,192,0,No,No,No,0,Y
1071,0,0,0,0,0,0,No,No,No,0,Y
1072,0,0,0,0,0,0,No,No,No,0,P
1073,252,0,0,0,0,0,No,MnPrv,No,0,Y
1074,140,93,0,0,0,0,No,No,No,0,Y
1075,0,0,0,0,0,0,No,No,No,0,Y
1076,436,21,0,0,0,0,No,No,Shed,500,Y
1077,240,32,0,0,0,0,No,No,No,0,Y
1078,140,0,0,0,0,0,No,No,No,0,Y
1079,0,64,0,0,0,0,No,No,No,0,Y
1080,55,0,0,216,0,0,No,No,No,0,Y
1081,0,0,220,0,0,0,No,MnPrv,No,0,Y
1082,192,39,0,0,0,0,No,No,No,0,Y
1083,0,116,0,0,0,0,No,MnPrv,Shed,700,Y
1084,315,44,0,0,0,0,No,No,No,0,Y
1085,120,0,0,0,0,0,No,No,No,0,Y
1086,120,96,0,0,0,0,No,No,No,0,Y
1087,160,50,0,0,0,0,No,No,No,0,Y
1088,0,40,0,0,0,0,No,No,No,0,Y
1089,0,84,0,0,0,0,No,No,No,0,Y
1090,0,0,0,0,0,0,No,No,No,0,Y
1091,0,48,0,0,0,0,No,No,No,0,Y
1092,342,0,128,0,0,0,No,No,No,0,Y
1093,0,64,0,0,0,0,No,MnPrv,No,0,Y
1094,0,0,80,0,160,0,No,No,No,0,Y
1095,0,22,0,0,0,0,No,No,No,0,Y
1096,136,0,115,0,0,0,No,No,No,0,Y
1097,0,74,137,0,0,0,No,No,No,0,Y
1098,0,0,0,0,0,0,No,No,No,0,Y
1099,0,0,0,0,0,0,No,No,No,0,Y
1100,0,0,0,0,0,0,No,No,No,0,N
1101,0,0,0,0,0,0,No,No,No,0,Y
1102,0,16,0,0,0,0,No,MnWw,No,0,Y
1103,0,0,192,0,0,0,No,No,No,0,Y
1104,0,0,0,0,0,0,No,No,No,0,Y
1105,186,32,0,0,0,0,No,No,No,0,Y
1106,0,244,0,0,0,0,No,No,No,0,Y
1107,0,100,0,0,0,0,No,No,No,0,Y
1108,100,48,0,0,0,0,No,No,No,0,Y
1109,125,185,0,0,0,0,No,No,No,0,Y
1110,224,84,0,0,0,0,No,No,No,0,Y
1111,0,69,0,0,0,0,No,No,No,0,Y
1112,0,0,0,0,0,0,No,No,No,0,Y
1113,0,18,0,0,0,0,No,No,No,0,Y
1114,0,0,0,0,0,0,No,MnPrv,No,0,Y
1115,0,0,0,0,0,0,No,No,No,0,Y
1116,120,0,0,0,0,0,No,No,No,0,Y
1117,0,0,0,0,0,0,No,No,No,0,Y
1118,280,34,0,0,0,0,No,No,No,0,Y
1119,140,0,252,0,0,0,No,GdWo,No,0,Y
1120,0,22,112,0,0,0,No,MnPrv,No,0,Y
1121,144,20,0,0,0,0,No,No,No,0,Y
1122,64,0,0,0,160,0,No,MnPrv,No,0,Y
1123,0,200,0,0,0,0,No,No,No,0,Y
1124,100,25,0,0,0,0,No,No,No,0,Y
1125,0,0,0,0,0,0,No,No,No,0,Y
1126,143,20,0,0,0,0,No,No,No,0,Y
1127,144,36,0,0,0,0,No,No,No,0,Y
1128,100,48,0,0,0,0,No,No,No,0,Y
1129,49,0,0,0,0,0,No,No,No,0,Y
1130,431,44,0,0,0,0,No,MnPrv,No,0,Y
1131,0,28,0,0,0,0,No,MnPrv,No,0,Y
1132,0,48,0,0,0,0,No,No,No,0,N
1133,0,155,0,0,0,0,No,No,No,0,Y
1134,100,38,0,0,0,0,No,No,No,0,Y
1135,0,128,0,0,0,0,No,No,No,0,Y
1136,0,0,96,0,0,0,No,No,No,0,Y
1137,0,0,176,0,0,0,No,No,No,0,N
1138,264,32,0,0,0,0,No,No,No,0,Y
1139,0,0,216,0,126,0,No,No,No,0,Y
1140,0,0,0,0,0,0,No,No,No,0,Y
1141,448,96,0,0,0,0,No,No,No,0,Y
1142,125,144,0,0,0,0,No,No,No,0,Y
1143,0,24,0,0,0,0,No,No,No,0,Y
1144,0,0,0,0,0,0,No,MnPrv,No,0,Y
1145,0,0,0,0,0,0,No,No,No,0,Y
1146,165,26,0,0,0,0,No,No,No,0,Y
1147,0,0,0,0,0,0,No,No,No,0,Y
1148,0,0,176,0,0,0,No,No,No,0,Y
1149,0,0,0,0,0,0,No,No,No,0,Y
1150,0,0,214,0,0,0,No,GdPrv,No,0,Y
1151,0,140,0,0,100,0,No,No,No,0,Y
1152,0,0,280,0,0,0,No,No,No,0,Y
1153,0,0,96,0,0,0,No,No,No,0,Y
1154,60,84,0,0,273,0,No,GdPrv,No,0,Y
1155,0,21,0,0,180,0,No,No,No,0,Y
1156,0,92,0,96,0,0,No,MnPrv,No,0,Y
1157,172,62,0,0,0,0,No,No,No,0,Y
1158,0,24,0,0,0,0,No,No,No,0,Y
1159,0,69,0,0,0,0,No,No,No,0,Y
1160,26,0,0,0,0,0,No,No,No,0,Y
1161,108,0,0,216,0,0,No,No,No,0,Y
1162,0,0,0,0,0,0,No,No,No,0,Y
1163,120,0,0,0,0,0,No,No,No,0,Y
1164,168,180,0,0,0,0,No,No,No,0,Y
1165,0,114,0,0,0,0,No,No,No,0,Y
1166,160,33,0,0,0,0,No,No,No,0,Y
1167,0,38,0,0,0,0,No,No,No,0,Y
1168,0,0,0,0,90,0,No,No,No,0,Y
1169,361,76,0,0,0,0,No,No,No,0,Y
1170,203,0,0,0,0,576,Gd,GdPrv,No,0,Y
1171,0,0,0,0,288,0,No,No,Shed,1400,Y
1172,0,54,0,0,0,0,No,No,No,0,Y
1173,122,0,0,0,0,0,No,MnPrv,No,0,Y
1174,0,0,0,0,0,0,No,No,No,0,Y
1175,0,33,0,0,0,0,No,No,No,0,Y
1176,362,0,0,0,0,0,No,MnPrv,No,0,Y
1177,0,0,116,0,0,0,No,No,No,0,N
1178,192,0,102,0,0,0,No,No,No,0,Y
1179,0,36,190,0,0,0,No,No,No,0,N
1180,0,0,0,0,0,0,No,GdPrv,No,0,Y
1181,162,53,0,153,0,0,No,No,No,0,Y
1182,171,78,0,0,0,555,Ex,MnPrv,No,0,Y
1183,229,0,0,0,0,0,No,No,No,0,Y
1184,0,263,0,0,263,0,No,No,No,0,Y
1185,0,0,236,0,0,0,No,No,No,0,Y
1186,0,74,0,0,0,0,No,No,No,0,Y
1187,0,114,192,0,0,0,No,GdPrv,No,0,Y
1188,144,68,0,0,0,0,No,No,No,0,Y
1189,140,60,0,0,0,0,No,No,No,0,Y
1190,439,0,0,0,0,0,No,No,No,0,Y
1191,206,0,0,0,0,0,No,No,No,0,Y
1192,0,0,84,0,0,0,No,GdWo,No,0,P
1193,0,304,0,0,0,0,No,No,No,0,Y
1194,379,36,0,0,0,0,No,MnPrv,No,0,Y
1195,100,24,0,0,0,0,No,No,No,0,Y
1196,100,17,0,0,0,0,No,No,No,0,Y
1197,0,0,330,0,0,0,No,No,No,0,Y
1198,356,0,0,0,0,0,No,No,No,0,Y
1199,0,82,0,0,0,0,No,No,No,0,Y
1200,0,0,0,0,0,0,No,No,Shed,0,Y
1201,198,36,0,0,0,0,No,No,No,0,Y
1202,0,0,208,0,0,0,No,No,No,0,N
1203,74,234,0,0,0,0,No,No,No,0,Y
1204,0,88,0,0,0,0,No,MnPrv,No,0,Y
1205,84,70,0,0,0,0,No,No,No,0,Y
1206,0,42,0,0,0,0,No,MnPrv,No,0,Y
1207,192,23,0,0,0,0,No,No,No,0,Y
1208,0,0,0,0,0,0,No,No,No,0,Y
1209,322,50,0,0,0,0,No,No,No,0,Y
1210,635,104,0,0,0,0,No,GdPrv,Shed,400,Y
1211,325,12,0,0,0,0,No,No,No,0,Y
1212,0,113,0,0,0,0,No,No,No,0,N
1213,88,0,0,0,0,0,No,No,No,0,Y
1214,150,72,0,0,0,0,No,No,No,0,Y
1215,0,0,0,0,0,0,No,MnPrv,No,0,Y
1216,0,0,0,0,0,0,No,No,No,0,Y
1217,135,112,0,0,0,0,No,No,No,0,Y
1218,0,0,0,0,0,0,No,No,No,0,N
1219,201,0,0,0,0,0,No,No,No,0,N
1220,0,0,0,0,0,0,No,No,No,0,Y
1221,0,63,0,0,0,0,No,No,No,0,Y
1222,0,0,0,0,0,0,No,GdWo,No,0,Y
1223,0,30,0,0,0,0,No,MnPrv,No,0,Y
1224,100,75,0,0,0,0,No,No,No,0,Y
1225,224,0,0,0,0,0,No,MnWw,No,0,Y
1226,100,18,0,0,0,0,No,No,No,0,Y
1227,0,240,0,0,0,0,No,No,No,0,Y
1228,0,72,0,0,224,0,No,No,No,0,Y
1229,0,0,0,0,0,0,No,GdWo,No,0,Y
1230,155,24,145,0,0,0,No,No,Gar2,8300,N
1231,0,18,0,0,0,0,No,GdWo,No,0,Y
1232,0,0,0,0,0,0,No,No,No,0,Y
1233,0,0,0,0,0,0,No,MnPrv,No,0,Y
1234,0,192,0,0,0,0,No,No,No,0,N
1235,203,40,0,0,0,0,No,No,No,0,N
1236,0,27,0,0,0,0,No,No,No,0,Y
1237,100,48,0,0,0,0,No,No,No,0,Y
1238,0,0,0,0,0,0,No,No,No,0,Y
1239,120,33,0,0,0,0,No,No,No,0,Y
1240,0,63,0,0,0,0,No,No,No,0,Y
1241,0,56,0,0,0,0,No,No,No,0,Y
1242,0,120,0,0,0,0,No,MnPrv,No,0,Y
1243,216,229,0,0,0,0,No,No,No,0,Y
1244,0,0,0,0,0,0,No,No,No,0,Y
1245,268,112,0,0,147,0,No,No,No,0,Y
1246,0,45,0,0,0,0,No,No,No,0,Y
1247,0,0,0,0,0,0,No,No,No,0,Y
1248,0,0,259,0,0,0,No,No,No,0,P
1249,0,80,0,0,0,0,No,No,No,0,Y
1250,0,0,0,0,0,0,No,No,No,0,Y
1251,148,36,0,0,0,0,No,No,No,0,Y
1252,33,0,0,0,0,0,No,GdWo,Shed,600,Y
1253,220,47,0,0,0,0,No,MnPrv,No,0,Y
1254,178,128,0,0,0,0,No,No,No,0,Y
1255,0,0,0,0,120,0,No,No,No,0,Y
1256,262,36,0,0,0,0,No,No,No,0,Y
1257,0,96,0,0,0,0,No,No,No,0,Y
1258,212,0,0,0,0,0,No,No,No,0,Y
1259,180,0,0,0,80,0,No,No,No,0,Y
1260,0,103,0,0,0,0,No,No,No,0,Y
1261,0,0,0,0,0,0,No,No,No,0,Y
1262,120,0,0,0,0,0,No,No,No,0,Y
1263,0,0,126,0,0,0,No,GdPrv,No,0,N
1264,144,68,0,0,0,0,No,No,No,0,Y
1265,0,34,0,0,0,0,No,No,No,0,Y
1266,0,0,264,0,0,0,No,MnPrv,No,0,N
1267,144,76,0,0,0,0,No,No,No,0,Y
1268,314,12,0,0,0,0,No,GdWo,No,0,Y
1269,0,0,0,0,0,0,No,GdWo,No,0,Y
1270,268,0,0,0,0,0,No,No,No,0,Y
1271,0,0,0,0,0,0,No,No,No,0,Y
1272,180,0,0,0,0,0,No,MnPrv,No,0,Y
1273,0,0,0,0,163,0,No,GdPrv,No,0,Y
1274,242,0,81,0,0,0,No,No,No,0,Y
1275,0,0,0,0,0,0,No,No,No,0,Y
1276,294,116,0,0,0,0,No,No,No,0,Y
1277,0,0,0,0,0,0,No,No,No,0,Y
1278,0,211,0,0,0,0,No,No,No,0,Y
1279,30,0,164,0,0,0,No,No,No,0,Y
1280,0,72,0,0,0,0,No,No,No,0,Y
1281,0,58,0,0,90,0,No,No,No,0,Y
1282,0,0,0,0,288,0,No,No,No,0,Y
1283,128,0,0,0,0,0,No,No,No,0,Y
1284,272,0,42,0,116,0,No,No,No,0,Y
1285,45,0,0,0,0,0,No,No,No,0,Y
1286,0,26,0,0,0,0,No,No,No,0,Y
1287,168,198,0,0,0,0,No,No,No,0,N
1288,212,59,0,0,0,0,No,No,No,0,Y
1289,177,74,0,0,0,0,No,No,No,0,Y
1290,227,0,0,0,0,0,No,No,No,0,Y
1291,185,0,0,0,0,0,No,No,No,0,Y
1292,0,287,0,0,0,0,No,No,No,0,Y
1293,0,28,0,0,259,0,No,GdWo,No,0,Y
1294,0,0,0,0,0,0,No,No,No,0,N
1295,356,0,0,0,0,0,No,GdWo,No,0,Y
1296,192,20,123,0,0,0,No,MnPrv,No,0,Y
1297,0,44,0,0,0,0,No,No,No,0,Y
1298,214,292,0,0,0,480,Gd,No,No,0,Y
1299,218,0,0,0,0,0,No,GdPrv,No,0,Y
1300,0,0,0,0,0,0,No,No,No,0,Y
1301,0,0,0,0,224,0,No,No,No,0,P
1302,309,78,0,0,0,0,No,No,No,0,Y
1303,208,59,0,0,0,0,No,No,No,0,Y
1304,0,40,0,0,0,0,No,No,No,0,Y
1305,404,102,0,0,0,0,No,No,No,0,Y
1306,132,35,0,0,0,0,No,No,No,0,Y
1307,0,64,0,0,0,0,No,No,No,0,Y
1308,0,36,0,0,0,0,No,GdWo,No,0,Y
1309,112,51,0,0,0,0,No,GdWo,No,0,Y
1310,0,207,162,0,0,0,No,No,No,0,Y
1311,264,98,0,0,0,0,No,No,No,0,Y
1312,500,0,0,0,0,0,No,No,No,0,Y
1313,668,30,0,0,0,0,No,No,No,0,Y
1314,0,36,0,0,0,0,No,No,No,0,Y
1315,280,0,0,0,0,0,No,No,No,0,Y
1316,172,42,0,0,0,0,No,No,No,0,Y
1317,0,241,0,0,0,0,No,No,No,0,Y
1318,198,150,0,0,0,0,No,No,No,0,Y
1319,0,0,0,0,0,0,No,No,No,0,Y
1320,114,0,0,0,216,0,No,No,No,0,Y
1321,0,0,0,0,0,0,No,No,No,0,Y
1322,240,39,0,0,0,0,No,No,No,0,Y
1323,164,0,0,0,0,0,No,No,No,0,Y
1324,0,49,0,0,0,0,No,No,No,0,Y
1325,0,0,100,0,0,0,No,MnPrv,No,0,N
1326,0,0,286,0,0,0,No,No,No,0,Y
1327,0,0,0,0,0,0,No,MnPrv,No,0,Y
1328,0,547,0,0,480,0,No,MnPrv,Shed,1150,Y
1329,0,28,0,0,0,0,No,No,No,0,Y
1330,144,45,0,0,0,0,No,No,No,0,Y
1331,0,0,0,0,0,0,No,No,No,0,Y
1332,0,0,0,0,0,0,No,No,No,0,Y
1333,0,65,190,0,0,0,No,MnPrv,No,0,Y
1334,0,36,0,0,0,0,No,No,No,0,Y
1335,0,16,0,0,0,0,No,No,No,0,Y
1336,0,211,0,0,0,0,No,No,No,0,Y
1337,0,20,0,0,0,0,No,No,No,0,N
1338,146,91,0,0,0,0,No,No,No,0,Y
1339,0,0,0,0,0,0,No,No,No,0,Y
1340,0,0,0,0,0,0,No,GdWo,No,0,Y
1341,0,78,0,0,0,0,No,No,No,0,Y
1342,192,87,0,0,0,0,No,No,No,0,Y
1343,0,0,0,0,0,0,No,No,No,0,Y
1344,0,0,0,0,0,0,No,No,No,0,Y
1345,0,0,168,0,0,0,No,No,No,0,Y
1346,0,80,0,290,0,0,No,No,No,0,Y
1347,0,0,0,0,0,0,No,No,No,0,Y
1348,402,25,0,0,0,0,No,No,No,0,Y
1349,0,54,20,0,0,0,No,No,No,0,Y
1350,0,0,0,0,0,0,No,No,No,0,Y
1351,0,84,0,0,120,0,No,No,No,0,Y
1352,210,0,0,0,0,0,No,No,No,0,N
1353,283,86,0,0,0,0,No,No,No,0,Y
1354,0,184,0,0,0,0,No,No,No,0,Y
1355,0,98,0,0,0,0,No,GdPrv,No,0,Y
1356,0,0,0,0,0,0,No,GdWo,No,0,Y
1357,0,0,0,0,0,0,No,No,No,0,Y
1358,0,32,0,0,0,0,No,No,No,0,Y
1359,194,45,0,0,0,0,No,No,No,0,Y
1360,183,0,301,0,0,0,No,No,No,0,Y
1361,168,36,0,0,0,0,No,No,No,0,Y
1362,55,0,0,0,0,0,No,No,No,0,Y
1363,0,36,0,0,0,0,No,No,No,0,Y
1364,0,166,0,0,0,0,No,No,No,0,Y
1365,0,96,0,0,0,0,No,No,No,0,Y
1366,0,88,0,0,0,0,No,No,No,0,Y
1367,104,26,0,0,0,0,No,No,No,0,Y
1368,140,0,0,0,0,0,No,No,No,0,Y
1369,0,262,0,0,0,0,No,No,No,0,Y
1370,0,0,198,0,0,0,No,No,No,0,Y
1371,0,28,0,0,178,0,No,MnPrv,No,0,Y
1372,253,170,0,0,0,0,No,No,No,0,Y
1373,314,140,0,0,0,0,No,No,No,0,Y
1374,154,210,0,0,0,0,No,No,No,0,Y
1375,100,36,0,0,0,0,No,No,No,0,Y
1376,0,141,0,0,0,0,No,No,No,0,Y
1377,0,68,0,0,0,0,No,No,No,0,Y
1378,72,0,0,0,0,0,No,No,No,0,Y
1379,100,0,0,0,0,0,No,No,No,0,Y
1380,0,0,96,0,0,0,No,No,No,0,Y
1381,0,42,0,0,0,0,No,No,No,0,Y
1382,36,0,221,0,0,0,No,No,No,0,N
1383,0,0,112,0,0,0,No,No,No,0,N
1384,0,0,0,0,0,0,No,MnPrv,No,0,P
1385,0,96,0,0,0,0,No,MnPrv,No,0,N
1386,0,112,0,0,440,519,Fa,MnPrv,TenC,2000,Y
1387,88,15,0,0,0,0,No,GdWo,No,0,Y
1388,201,39,0,0,0,0,No,No,No,0,Y
1389,0,0,0,0,0,0,No,No,No,0,Y
1390,219,36,0,0,0,0,No,No,No,0,Y
1391,0,152,0,0,0,0,No,No,No,0,Y
1392,175,144,0,0,0,0,No,MnWw,No,0,Y
1393,0,25,212,0,0,0,No,No,No,0,Y
1394,161,20,0,0,0,0,No,No,No,0,Y
1395,144,39,0,0,0,0,No,No,No,0,Y
1396,0,0,50,0,0,0,No,No,No,0,N
1397,24,0,150,0,0,0,No,No,No,0,N
1398,0,0,168,0,0,0,No,GdPrv,No,0,Y
1399,147,16,0,0,0,0,No,MnPrv,No,0,Y
1400,0,0,112,0,0,0,No,No,No,0,Y
1401,100,75,0,0,0,0,No,No,No,0,Y
1402,168,55,0,0,0,0,No,No,No,0,Y
1403,168,160,0,0,0,0,No,No,No,0,Y
1404,216,0,160,0,0,0,No,MnPrv,No,0,Y
1405,128,53,0,0,155,0,No,No,No,0,Y
1406,58,0,0,0,0,0,No,MnPrv,No,0,Y
1407,0,0,0,0,0,0,No,MnPrv,No,0,Y
1408,0,0,0,0,168,0,No,No,No,0,Y
1409,364,63,0,0,0,0,No,MnPrv,No,0,Y
1410,0,45,0,0,0,0,No,No,No,0,Y
1411,0,0,0,0,0,0,No,MnPrv,No,0,Y
1412,0,0,0,0,0,0,No,No,No,0,Y
1413,165,44,0,0,0,0,No,No,No,0,Y
1414,0,0,0,0,220,0,No,No,No,0,N
1415,143,20,0,0,0,0,No,No,No,0,Y
1416,0,0,114,0,0,0,No,No,No,0,N
1417,0,126,0,0,0,0,No,No,No,0,Y
1418,0,88,0,0,0,0,No,No,No,0,Y
1419,0,73,216,0,0,0,No,No,No,0,Y
1420,0,169,0,0,119,0,No,No,No,0,Y
1421,0,55,0,0,165,0,No,No,No,0,Y
1422,140,0,0,0,0,0,No,No,No,0,Y
1423,586,236,0,0,0,738,Gd,GdPrv,No,0,Y
1424,316,28,0,0,0,0,No,GdWo,No,0,Y
1425,0,39,0,0,0,0,No,No,No,0,Y
1426,171,132,0,0,0,0,No,No,No,0,Y
1427,0,0,0,0,0,0,No,No,No,0,Y
1428,0,0,154,0,0,0,No,MnPrv,No,0,Y
1429,0,0,99,0,0,0,No,No,No,0,Y
1430,100,40,0,0,0,0,No,No,No,0,Y
1431,0,60,0,0,0,0,No,No,No,0,Y
1432,0,0,0,0,0,0,No,No,No,0,Y
1433,0,0,0,0,0,0,No,No,No,0,Y
1434,295,41,0,0,0,0,No,No,No,0,P
1435,0,36,0,0,0,0,No,GdPrv,No,0,Y
1436,0,0,0,0,0,0,No,GdWo,No,0,Y
1437,0,66,0,304,0,0,No,No,No,0,Y
1438,0,158,158,0,0,0,No,MnPrv,No,0,Y
1439,0,88,216,0,0,0,No,No,No,0,Y
1440,431,0,0,0,0,0,No,No,No,0,Y
1441,149,0,0,0,0,0,No,No,No,0,Y
1442,168,52,0,0,0,0,No,No,No,0,Y
1443,0,98,0,0,40,0,No,No,No,0,P
1444,192,60,0,0,0,0,No,No,No,0,Y
1445,0,0,252,0,0,0,No,No,No,0,Y
1446,261,39,0,0,0,0,No,No,No,0,P
1447,0,65,0,0,0,0,No,No,No,0,Y
1448,168,24,0,0,0,0,No,GdWo,No,0,Y
1449,0,0,0,0,0,0,No,No,No,0,Y
1450,32,45,0,0,0,0,No,No,No,0,Y
1451,0,36,0,0,0,0,No,No,No,0,Y
1452,0,28,0,0,0,0,No,No,No,0,Y
1453,36,56,0,0,0,0,No,No,No,0,Y
1454,0,113,0,0,0,0,No,No,No,0,Y
1455,0,40,0,0,0,0,No,No,No,0,Y
1456,349,0,0,0,0,0,No,MnPrv,No,0,Y
1457,0,60,0,0,0,0,No,GdPrv,Shed,2500,Y
1458,366,0,112,0,0,0,No,No,No,0,Y
1459,736,68,0,0,0,0,No,No,No,0,Y
