Property_Id,SaleType,SaleCondition,SalePrice,MoSold,YrSold
199,WD,Normal,274900,Jan,2009
200,WD,Normal,140000,Mar,2010
201,WD,Normal,171500,Feb,2008
202,COD,Normal,112000,May,2006
203,WD,Normal,149000,Jan,2008
204,WD,Normal,110000,Apr,2009
205,WD,Normal,180500,May,2009
206,WD,Normal,143900,Mar,2007
207,WD,Normal,141000,Apr,2008
208,WD,Normal,277000,Apr,2007
209,WD,Normal,145000,Jul,2008
210,WD,Normal,98000,Apr,2008
211,WD,Normal,186000,Mar,2010
212,New,Partial,252678,Jul,2009
213,WD,Normal,156000,Jul,2006
214,WD,Normal,161750,Mar,2010
215,WD,Normal,134450,May,2006
216,WD,Normal,210000,Apr,2008
217,WD,Family,107000,Sep,2006
218,WD,Normal,311500,May,2008
219,New,Partial,167240,Mar,2006
220,New,Partial,204900,Apr,2006
221,ConLI,Normal,200000,Dec,2009
222,WD,Normal,179900,Feb,2006
223,WD,Abnorml,97000,Mar,2009
224,WD,Normal,386250,Jun,2009
225,COD,Abnorml,112000,May,2009
226,WD,Abnorml,290000,Jun,2007
227,WD,Normal,106000,Sep,2008
228,WD,Normal,125000,May,2010
229,WD,Normal,192500,May,2009
230,WD,Normal,148000,Apr,2010
231,WD,Normal,403000,Jul,2009
232,WD,Normal,94500,Jun,2006
233,WD,Normal,128200,Feb,2010
234,WD,Normal,216500,May,2010
235,WD,Normal,89500,Aug,2008
236,WD,Normal,185500,May,2010
237,WD,Normal,194500,Feb,2010
238,New,Partial,318000,Dec,2007
239,WD,Normal,113000,Apr,2010
240,WD,Normal,262500,Apr,2010
241,WD,Normal,110500,Aug,2007
242,WD,Normal,79000,Apr,2006
243,WD,Normal,120000,Apr,2009
244,WD,Normal,205000,May,2010
245,WD,Normal,241500,Jun,2006
246,WD,Normal,137000,Apr,2006
247,WD,Normal,140000,Jun,2006
248,WD,Normal,180000,Sep,2007
249,WD,Normal,277000,Jun,2007
250,WD,Normal,76500,May,2010
251,WD,Family,235000,Dec,2007
252,WD,Normal,173000,Dec,2008
253,CWD,Normal,158000,Oct,2007
254,WD,Normal,145000,Jun,2010
255,WD,Normal,230000,Feb,2006
256,WD,Normal,207500,May,2008
257,WD,Abnorml,220000,Mar,2009
258,WD,Normal,231500,May,2008
259,WD,Normal,97000,Dec,2008
260,WD,Normal,176000,May,2009
261,New,Partial,276000,Nov,2007
262,WD,Normal,151000,Jul,2006
263,WD,Normal,130000,Apr,2010
264,WD,Normal,73000,Jun,2008
265,WD,Normal,175500,Jun,2008
266,WD,Normal,185000,Jun,2006
267,WD,Normal,179500,Jul,2008
268,WD,Normal,120500,Feb,2008
269,WD,Normal,148000,May,2007
270,New,Partial,266000,Aug,2006
271,WD,Normal,241500,Apr,2008
272,WD,Normal,290000,Apr,2010
273,WD,Normal,139000,Apr,2009
274,WD,Normal,124500,Jun,2007
275,WD,Normal,205000,Oct,2009
276,WD,Normal,201000,Apr,2010
277,WD,Normal,141000,Jun,2010
278,New,Partial,415298,May,2007
279,WD,Normal,192000,Mar,2008
280,WD,Normal,228500,Jan,2007
281,New,Partial,185000,May,2006
282,ConLw,Normal,207500,Apr,2009
283,New,Partial,244600,Dec,2009
284,WD,Normal,179200,Jul,2007
285,New,Partial,164700,Jun,2007
286,WD,Normal,159000,Jun,2006
287,WD,Normal,88000,Jun,2006
288,WD,Normal,122000,Feb,2010
289,WD,Normal,153575,Jul,2007
290,New,Partial,233230,Jul,2006
291,WD,Normal,135900,Mar,2008
292,WD,Normal,131000,Jan,2009
293,WD,Normal,235000,Mar,2006
294,WD,Normal,167000,Oct,2009
295,WD,Normal,142500,Mar,2006
296,WD,Normal,152000,Jun,2007
297,WD,Normal,239000,Jun,2007
298,WD,Normal,175000,Jun,2007
299,WD,Family,158500,Aug,2009
300,WD,Normal,157000,Jun,2006
301,WD,Normal,267000,May,2007
302,WD,Normal,205000,Jan,2006
303,WD,Abnorml,149900,Jul,2006
304,WD,Normal,295000,May,2008
305,WD,Normal,305900,Jul,2007
306,WD,Normal,225000,Jun,2007
307,WD,Normal,89500,Mar,2008
308,WD,Normal,82500,Mar,2009
309,WD,Normal,360000,Nov,2006
310,WD,Normal,165600,May,2006
311,WD,Normal,132000,May,2009
312,WD,Normal,119900,May,2006
313,WD,Normal,375000,Jun,2009
314,WD,Normal,178000,Aug,2006
315,WD,Normal,188500,Jul,2009
316,WD,Normal,260000,Aug,2009
317,WD,Normal,270000,Dec,2007
318,WD,Normal,260000,Apr,2009
319,WD,Normal,187500,Jun,2009
320,New,Partial,342643,Sep,2006
321,WD,Normal,354000,Jun,2007
322,WD,Normal,301000,Aug,2007
323,WD,Normal,126175,Jul,2006
324,WD,Normal,242000,Jun,2010
325,WD,Normal,87000,Dec,2007
326,Con,Normal,324000,May,2008
327,WD,Normal,145250,Apr,2006
328,WD,Normal,214500,Jul,2009
329,WD,Normal,78000,Jul,2009
330,WD,Normal,119000,Nov,2007
331,WD,Normal,139000,Aug,2007
332,WD,Normal,284000,Oct,2009
333,WD,Normal,207000,Jul,2008
334,WD,Normal,192000,Jul,2008
335,WD,Normal,228950,Aug,2008
336,WD,Normal,377426,Jul,2007
337,WD,Normal,214000,Dec,2008
338,WD,Normal,202500,May,2006
339,WD,Normal,155000,Jun,2009
340,WD,Normal,202900,Apr,2010
341,WD,Normal,82000,Sep,2009
342,WD,Normal,87500,May,2006
343,WD,Normal,266000,Jul,2008
344,WD,Normal,85000,Apr,2010
345,WD,Normal,140200,Oct,2006
346,WD,Normal,151500,Apr,2007
347,WD,Normal,157500,Dec,2009
348,WD,Normal,154000,Oct,2008
349,New,Partial,437154,Apr,2006
350,New,Partial,318061,Dec,2007
351,WD,Abnorml,190000,Dec,2006
352,ConLw,Normal,95000,Mar,2008
353,WD,Normal,105900,May,2010
354,WD,Normal,140000,Jun,2006
355,WD,Normal,177500,Aug,2007
356,WD,Normal,173000,Jul,2009
357,WD,Normal,134000,Aug,2007
358,WD,Abnorml,130000,Jul,2006
359,WD,Normal,280000,Jun,2006
360,WD,Normal,156000,Jun,2007
361,WD,Normal,145000,Jul,2008
362,ConLD,Normal,198500,Jul,2009
363,WD,Normal,118000,May,2009
364,WD,Normal,190000,Jul,2006
365,WD,Normal,147000,Jul,2009
366,WD,Normal,159000,Jul,2009
367,WD,Normal,165000,Dec,2008
368,WD,Normal,132000,Mar,2010
369,WD,Normal,162000,Mar,2010
370,WD,Normal,172400,Jan,2006
371,WD,Normal,134432,Jul,2008
372,WD,Normal,125000,Feb,2010
373,WD,Normal,123000,Nov,2009
374,WD,Normal,219500,Jul,2007
375,WD,Normal,61000,Mar,2009
376,WD,Normal,148000,Jul,2006
377,WD,Normal,340000,Dec,2007
378,New,Partial,394432,Jun,2010
379,WD,Normal,179000,Jun,2009
380,WD,Normal,127000,May,2010
381,New,Partial,187750,Aug,2006
382,WD,Normal,213500,Apr,2007
383,WD,Normal,76000,Oct,2009
384,WD,Normal,240000,Jun,2007
385,WD,Normal,192000,Apr,2010
386,WD,AdjLand,81000,May,2006
387,WD,Abnorml,125000,Oct,2009
388,WD,Normal,191000,Jul,2008
389,New,Partial,426000,Aug,2008
390,WD,Normal,119000,Apr,2008
391,WD,Normal,215000,Jun,2009
392,WD,Normal,106500,Jul,2007
393,WD,Abnorml,100000,Apr,2006
394,WD,Normal,109000,Jul,2007
395,WD,Normal,129000,Jun,2010
396,WD,Normal,123000,Sep,2009
397,WD,Normal,169500,Jul,2007
398,WD,Abnorml,67000,Nov,2007
399,WD,Normal,241000,Oct,2009
400,WD,Normal,245500,Dec,2008
401,New,Partial,164990,Jul,2006
402,WD,Normal,108000,Aug,2008
403,WD,Abnorml,258000,Jul,2006
404,WD,Normal,168000,May,2007
405,WD,Normal,150000,Jun,2009
406,WD,Normal,115000,Mar,2008
407,WD,Normal,177000,Mar,2008
408,New,Partial,280000,Aug,2007
409,New,Partial,339750,Apr,2008
410,COD,Abnorml,60000,Jun,2009
411,WD,Normal,145000,Jan,2006
412,New,Partial,222000,Jun,2010
413,WD,Normal,115000,Mar,2010
414,WD,Normal,228000,Dec,2008
415,New,Partial,181134,Aug,2007
416,WD,Normal,149500,Mar,2006
417,WD,Normal,239000,Nov,2007
418,WD,AdjLand,126000,Apr,2007
419,WD,Normal,142000,Jul,2010
420,WD,Alloca,206300,Nov,2008
421,WD,Normal,215000,Jun,2009
422,WD,Normal,113000,Feb,2008
423,WD,Normal,315000,Jun,2008
424,WD,Normal,139000,May,2008
425,WD,Normal,135000,Sep,2009
426,WD,Normal,275000,Aug,2009
427,WD,Normal,109008,Jul,2008
428,New,Partial,195400,Sep,2007
429,WD,Normal,175000,Mar,2009
430,COD,Abnorml,85400,Jul,2008
431,ConLD,Abnorml,79900,Sep,2008
432,WD,Normal,122500,Aug,2007
433,WD,Normal,181000,Jul,2008
434,WD,Normal,81000,Jun,2008
435,ConLw,Normal,212000,Apr,2009
436,WD,Normal,116000,Oct,2006
437,WD,Normal,119000,Jan,2009
438,WD,Normal,90350,Mar,2007
439,ConLI,Normal,110000,Aug,2009
440,WD,Normal,555000,Apr,2009
441,WD,Normal,118000,Sep,2008
442,WD,Normal,162900,Jun,2008
443,New,Partial,172500,Jun,2007
444,WD,Normal,210000,Jul,2008
445,COD,Normal,127500,Nov,2009
446,WD,Normal,190000,Jun,2010
447,WD,Normal,199900,Jul,2006
448,WD,Normal,119500,Jun,2006
449,WD,Normal,120000,Jun,2007
450,WD,Normal,110000,Jun,2006
451,WD,Normal,280000,Dec,2006
452,WD,Normal,204000,Jul,2007
453,WD,Normal,210000,Jun,2009
454,WD,Family,188000,Jul,2006
455,WD,Normal,175500,Sep,2007
456,COD,Abnorml,98000,May,2008
457,WD,Normal,256000,Mar,2008
458,WD,Normal,161000,Jun,2008
459,WD,Normal,110000,Jul,2009
460,New,Partial,263435,Dec,2009
461,WD,Normal,155000,Apr,2009
462,WD,Normal,62383,Dec,2009
463,WD,Normal,188700,Aug,2008
464,WD,Normal,124000,Aug,2009
465,WD,Normal,178740,May,2006
466,WD,Normal,167000,Apr,2007
467,WD,Normal,146500,Jun,2007
468,WD,Normal,250000,May,2007
469,WD,Normal,187000,Jun,2008
470,WD,Normal,212000,Jun,2010
471,WD,Normal,190000,Nov,2007
472,WD,Normal,148000,Jun,2008
473,New,Partial,440000,Jul,2007
474,WD,Normal,251000,Aug,2007
475,WD,Normal,132500,Jul,2007
476,WD,Normal,208900,Apr,2008
477,WD,Normal,380000,Mar,2007
478,WD,Normal,297000,Sep,2009
479,WD,Alloca,89471,Mar,2007
480,WD,Normal,326000,Mar,2006
481,WD,Normal,374000,Aug,2006
482,WD,Normal,155000,Jun,2009
483,WD,Normal,164000,May,2006
484,WD,Normal,132500,Mar,2007
485,WD,Normal,147000,Jul,2009
486,WD,Normal,156000,Jun,2007
487,WD,Normal,175000,Feb,2007
488,ConLD,Normal,160000,May,2006
489,WD,Normal,86000,May,2009
490,WD,Normal,115000,Jun,2008
491,WD,Normal,133000,Aug,2006
492,New,Partial,172785,May,2006
493,WD,Normal,155000,Jun,2008
494,WD,Normal,91300,Dec,2009
495,WD,Abnorml,34900,Nov,2009
496,WD,Normal,430000,May,2007
497,WD,Normal,184000,Jun,2008
498,WD,Normal,130000,Jun,2009
499,WD,Normal,120000,Jun,2007
500,WD,Normal,113000,May,2007
501,WD,Normal,226700,Feb,2008
502,WD,Normal,140000,Apr,2007
503,WD,Normal,289000,Mar,2010
504,WD,Normal,147000,Jun,2009
505,COD,Normal,124500,Jul,2009
506,WD,Normal,215000,Sep,2006
507,New,Partial,208300,Sep,2009
508,WD,Normal,161000,Oct,2008
509,WD,Normal,124500,Jul,2009
510,WD,Normal,164900,Jun,2009
511,New,Partial,202665,Mar,2006
512,WD,Normal,129900,Jul,2006
513,WD,Normal,134000,Jun,2007
514,WD,Normal,96500,Jun,2007
515,New,Partial,402861,Sep,2009
516,COD,Abnorml,158000,Aug,2009
517,WD,Normal,265000,Jul,2009
518,WD,Normal,211000,May,2007
519,WD,Normal,234000,Jun,2009
520,WD,Normal,106250,Aug,2008
521,WD,Normal,150000,May,2007
522,WD,Normal,159000,Oct,2006
523,New,Partial,184750,Oct,2007
524,WD,Normal,315750,Aug,2007
525,WD,Normal,176000,Apr,2006
526,WD,Normal,132000,Jun,2007
527,New,Partial,446261,Nov,2008
528,WD,Normal,86000,Jul,2007
529,WD,Alloca,200624,Mar,2007
530,WD,Abnorml,175000,Aug,2008
531,WD,Normal,128000,Jun,2008
532,WD,Normal,107500,Apr,2010
533,WD,Normal,39300,Jan,2007
534,WD,Normal,178000,Oct,2006
535,WD,Normal,107500,Jan,2008
536,WD,Normal,188000,Jul,2008
537,COD,Normal,111250,Apr,2008
538,WD,Normal,158000,Jul,2006
539,WD,Normal,272000,May,2010
540,WD,Normal,315000,Mar,2009
541,WD,Normal,248000,Jun,2007
542,WD,Normal,213250,Jun,2009
543,WD,Normal,133000,Jun,2007
544,New,Partial,179665,Sep,2006
545,WD,Normal,229000,Feb,2006
546,WD,Normal,210000,May,2007
547,WD,Normal,129500,Apr,2007
548,WD,Normal,125000,Jun,2008
549,WD,Normal,263000,Nov,2009
550,COD,Abnorml,140000,Oct,2008
551,WD,Normal,112500,Jun,2008
552,WD,Normal,255500,Jul,2009
553,WD,Normal,108000,May,2009
554,WD,Normal,284000,Aug,2008
555,WD,Normal,113000,Aug,2006
556,WD,Normal,141000,May,2006
557,COD,Normal,108000,Sep,2006
558,WD,Normal,175000,Aug,2008
559,WD,Normal,234000,Oct,2006
560,WD,Normal,121500,May,2010
561,WD,Normal,170000,Apr,2006
562,WD,Normal,108000,Jul,2008
563,WD,Normal,185000,Jul,2008
564,WD,Normal,268000,Jul,2006
565,WD,Normal,128000,May,2010
566,WD,Normal,325000,Jun,2008
567,WD,Normal,214000,Mar,2010
568,WD,Normal,316600,Sep,2009
569,WD,Normal,135960,Dec,2006
570,WD,Normal,142600,Nov,2008
571,WD,Abnorml,120000,Oct,2006
572,New,Partial,224500,Jul,2009
573,WD,Normal,170000,Dec,2007
574,WD,Normal,139000,Dec,2007
575,COD,Abnorml,118500,Oct,2008
576,WD,Normal,145000,Aug,2009
577,WD,Abnorml,164500,May,2006
578,WD,Abnorml,146000,Feb,2008
579,WD,Normal,131500,Nov,2008
580,WD,Normal,181900,Jun,2007
581,New,Partial,253293,Aug,2009
582,WD,Normal,118500,May,2007
583,WD,Normal,325000,Jul,2008
584,WD,Normal,133000,Jul,2009
585,New,Partial,369900,Mar,2006
586,WD,Normal,130000,May,2008
587,WD,Normal,137000,Jul,2009
588,WD,Partial,143000,Jun,2009
589,WD,Normal,79500,Aug,2008
590,WD,Normal,185900,Sep,2008
591,ConLI,Normal,451950,Jun,2009
592,WD,Normal,138000,Jun,2008
593,WD,Normal,140000,May,2009
594,WD,Normal,110000,Apr,2008
595,New,Partial,319000,Aug,2006
596,WD,Normal,114504,Oct,2006
597,New,Partial,194201,Feb,2007
598,WD,Normal,217500,Mar,2006
599,COD,Normal,151000,Jul,2008
600,WD,Normal,275000,Jun,2006
601,WD,Normal,141000,Dec,2007
602,WD,Abnorml,220000,Feb,2006
603,WD,Normal,151000,Jun,2010
604,WD,Normal,221000,Sep,2008
605,WD,Normal,205000,Oct,2009
606,WD,Normal,152000,Nov,2009
607,WD,Normal,225000,Aug,2006
608,WD,Alloca,359100,Sep,2007
609,WD,Normal,118500,Apr,2007
610,WD,Normal,313000,May,2009
611,WD,Normal,148000,Jul,2007
612,WD,Normal,261500,Nov,2009
613,New,Partial,147000,Dec,2007
614,WD,Normal,75500,May,2010
615,WD,Abnorml,137500,May,2010
616,WD,Normal,183200,Jun,2006
617,WD,Normal,105500,Jun,2008
618,New,Partial,314813,Jul,2007
619,WD,Normal,305000,Aug,2008
620,WD,Normal,67000,Sep,2008
621,WD,Normal,240000,Jun,2008
622,WD,Normal,135000,Jul,2009
623,WD,Normal,168500,Jun,2007
624,WD,Normal,165150,Nov,2006
625,WD,Normal,160000,Feb,2010
626,WD,Normal,139900,Aug,2007
627,WD,Normal,153000,Mar,2010
628,WD,Family,135000,Sep,2007
629,WD,Normal,168500,Jun,2008
630,WD,Abnorml,124000,Jun,2006
631,WD,Normal,209500,Aug,2007
632,WD,Family,82500,Apr,2009
633,WD,Normal,139400,Jul,2007
634,WD,Normal,144000,Jun,2010
635,WD,Abnorml,200000,Mar,2007
636,ConLw,Normal,60000,Jan,2009
637,WD,Normal,93000,Nov,2009
638,WD,Normal,85000,May,2008
639,New,Partial,264561,Oct,2006
640,WD,Normal,274000,Apr,2008
641,WD,Normal,226000,May,2007
642,WD,Normal,345000,Jul,2009
643,WD,Normal,152000,Apr,2007
644,New,Partial,370878,Oct,2009
645,WD,Normal,143250,Mar,2007
646,WD,Normal,98300,Jul,2008
647,WD,Normal,155000,Jun,2008
648,WD,Normal,155000,Jun,2010
649,WD,Normal,84500,Dec,2007
650,WD,Normal,205950,May,2008
651,WD,Normal,108000,Oct,2009
652,WD,Normal,191000,Jul,2009
653,WD,Normal,135000,Jun,2008
654,WD,Normal,350000,Aug,2008
655,WD,Family,88000,Mar,2010
656,WD,Normal,145500,Aug,2008
657,WD,Normal,149000,Feb,2008
658,WD,Abnorml,97500,Jan,2010
659,WD,Normal,167000,Mar,2009
660,WD,Normal,197900,Nov,2007
661,WD,Normal,402000,Jul,2009
662,WD,Normal,110000,Jul,2009
663,WD,Normal,137500,Apr,2008
664,New,Partial,423000,Jan,2006
665,WD,Normal,230500,Nov,2006
666,WD,Abnorml,129000,Aug,2007
667,WD,Normal,193500,Oct,2008
668,WD,Normal,168000,Nov,2006
669,WD,Normal,137500,Jul,2006
670,WD,Normal,173500,Feb,2009
671,WD,Normal,103600,Jul,2009
672,WD,Normal,165000,Jun,2006
673,WD,Normal,257500,Jun,2007
674,WD,Normal,140000,Jul,2008
675,WD,Normal,148500,Apr,2009
676,WD,Normal,87000,May,2006
677,WD,Normal,109500,May,2009
678,New,Partial,372500,Jul,2009
679,WD,Normal,128500,Oct,2007
680,WD,Normal,143000,May,2010
681,WD,Abnorml,159434,Jul,2009
682,WD,Normal,173000,Nov,2008
683,WD,Normal,285000,Jul,2007
684,WD,Normal,221000,Jun,2010
685,WD,Normal,207500,Sep,2007
686,New,Partial,227875,Aug,2007
687,WD,Normal,148800,Mar,2007
688,New,Partial,392000,Oct,2007
689,WD,Normal,194700,Jun,2007
690,WD,Normal,141000,May,2008
691,WD,Normal,755000,Jan,2007
692,WD,Normal,335000,Apr,2006
693,WD,Abnorml,108480,Dec,2006
694,WD,Normal,141500,Apr,2009
695,WD,Normal,176000,Jul,2006
696,WD,Normal,89000,Jun,2006
697,WD,Normal,123500,Sep,2006
698,WD,Normal,138500,Apr,2010
699,WD,Normal,196000,Jul,2008
700,WD,Normal,312500,May,2006
701,COD,Normal,140000,Jul,2006
702,New,Partial,361919,Jul,2006
703,WD,Normal,140000,May,2010
704,WD,Normal,213000,May,2010
705,WD,Normal,55000,Jul,2010
706,WD,Normal,302000,Jun,2007
707,WD,Normal,254000,Dec,2009
708,New,Partial,179540,Jul,2007
709,WD,Abnorml,109900,Dec,2008
710,WD,Normal,52000,Jul,2008
711,WD,Abnorml,102776,Jan,2010
712,WD,Normal,189000,Oct,2008
713,WD,Normal,129000,May,2006
714,WD,Normal,130500,Mar,2010
715,WD,Normal,165000,Aug,2009
716,WD,Normal,159500,Jul,2007
717,WD,Normal,157000,Nov,2008
718,WD,Normal,341000,Aug,2008
719,WD,Normal,128500,May,2006
720,WD,Normal,275000,Dec,2006
721,WD,Normal,143000,May,2010
722,WD,Normal,124500,Jul,2009
723,WD,Normal,135000,May,2008
724,WD,Normal,320000,Feb,2009
725,WD,Normal,120500,Nov,2009
726,WD,Normal,222000,Dec,2009
727,WD,Normal,194500,Feb,2009
728,COD,Abnorml,110000,Jul,2009
729,WD,Normal,103000,Jan,2009
730,WD,Normal,236500,Mar,2010
731,WD,Normal,187500,May,2007
732,WD,Normal,222500,Jul,2008
733,WD,Normal,131400,Mar,2009
734,WD,Family,108000,May,2007
735,WD,Normal,163000,Oct,2006
736,WD,Normal,93500,Jul,2006
737,WD,Normal,239900,Jun,2006
738,WD,Alloca,179000,Mar,2009
739,WD,Normal,190000,Apr,2009
740,WD,Abnorml,132000,May,2007
741,WD,Normal,142000,May,2008
742,WD,Normal,179000,Dec,2007
743,WD,Normal,175000,Oct,2009
744,WD,Normal,180000,Oct,2008
745,WD,Normal,299800,Jul,2008
746,WD,Normal,236000,Apr,2009
747,WD,Normal,265979,May,2009
748,WD,Normal,260400,Mar,2010
749,WD,Normal,98000,Apr,2009
750,WD,Normal,96500,Jun,2010
751,WD,Normal,162000,Aug,2007
752,WD,Normal,217000,Jul,2006
753,WD,Normal,275500,Mar,2006
754,WD,Normal,156000,Jul,2009
755,WD,Normal,172500,Mar,2009
756,WD,Normal,212000,Apr,2009
757,WD,Abnorml,158900,Apr,2010
758,WD,Normal,179400,Aug,2008
759,WD,Normal,290000,Nov,2007
760,WD,Normal,127500,Oct,2009
761,WD,Normal,100000,Oct,2009
762,Con,Normal,215200,Jun,2010
763,WD,Normal,337000,Jul,2009
764,WD,Normal,270000,Apr,2006
765,New,Partial,264132,Aug,2008
766,WD,Normal,196500,Mar,2010
767,WD,Normal,160000,Jul,2008
768,WD,Normal,216837,Oct,2006
769,WD,Normal,538000,Jun,2010
770,WD,Normal,134900,Apr,2009
771,COD,Normal,102000,Apr,2006
772,WD,Abnorml,107000,Mar,2010
773,COD,Normal,114500,Jul,2007
774,New,Partial,395000,Jul,2007
775,WD,Normal,162000,Jun,2009
776,New,Partial,221500,Jul,2006
777,WD,Normal,142500,Jun,2006
778,WD,Normal,144000,Oct,2007
779,WD,Normal,135000,May,2006
780,WD,Normal,176000,Jun,2007
781,WD,Normal,175900,Jul,2006
782,WD,Normal,187100,Jun,2009
783,WD,Normal,165500,Jul,2009
784,WD,Normal,128000,Jun,2008
785,WD,Normal,161500,Sep,2009
786,WD,Normal,139000,Jun,2010
787,WD,Normal,233000,Jan,2010
788,WD,Normal,107900,Aug,2008
789,WD,Normal,187500,Jul,2007
790,WD,Normal,160200,Sep,2009
791,WD,Normal,146800,May,2007
792,WD,Normal,269790,Jun,2007
793,New,Partial,225000,Jun,2007
794,WD,Normal,194500,Oct,2008
795,WD,Normal,171000,Apr,2010
796,WD,Normal,143500,Apr,2007
797,WD,Abnorml,110000,Apr,2008
798,New,Partial,485000,Jul,2009
799,WD,Normal,175000,Jun,2007
800,WD,Normal,200000,May,2008
801,WD,Normal,109900,Jul,2007
802,WD,Normal,189000,Oct,2008
803,New,Partial,582933,Jan,2009
804,WD,Family,118000,Jun,2006
805,New,Partial,227680,Jul,2008
806,WD,Normal,135500,Oct,2006
807,WD,Normal,223500,May,2009
808,WD,Normal,159950,Jun,2006
809,WD,Normal,106000,Nov,2009
810,WD,Normal,181000,Jan,2006
811,ConLD,Normal,144500,Jun,2008
812,WD,Alloca,55993,Jun,2010
813,COD,Normal,157900,Apr,2007
814,WD,Normal,116000,Jul,2006
815,WD,Normal,224900,May,2010
816,WD,Normal,137000,Jul,2006
817,WD,Normal,271000,Jul,2008
818,WD,Normal,155000,Jun,2010
819,New,Partial,224000,Jun,2010
820,WD,Normal,183000,Jun,2008
821,WD,Normal,93000,Feb,2009
822,WD,Family,225000,Oct,2007
823,WD,Normal,139500,Jul,2009
824,New,Partial,232600,Jun,2006
825,New,Partial,385000,Jun,2008
826,WD,Normal,109500,May,2008
827,WD,Normal,189000,Apr,2009
828,WD,Abnorml,185000,Jun,2009
829,WD,Normal,147400,Jul,2006
830,WD,Normal,166000,Jun,2008
831,WD,Normal,151000,Jun,2006
832,WD,Normal,237000,Jan,2010
833,WD,Normal,167000,Feb,2009
834,WD,Normal,139950,Sep,2008
835,WD,Normal,128000,Feb,2010
836,COD,Normal,153500,Jun,2007
837,WD,Normal,100000,Nov,2008
838,WD,Normal,144000,Jun,2008
839,WD,Normal,130500,May,2008
840,WD,Normal,140000,Mar,2008
841,WD,Normal,157500,Jun,2008
842,WD,Normal,174900,May,2008
843,WD,Normal,141000,Jul,2007
844,WD,Normal,153900,Jun,2008
845,WD,Normal,171000,Jan,2007
846,WD,Normal,213000,Jul,2009
847,WD,Normal,133500,Aug,2009
848,WD,Normal,240000,Sep,2008
849,WD,Normal,187000,Aug,2007
850,WD,Normal,131500,Nov,2007
851,WD,Normal,215000,May,2006
852,WD,Normal,164000,Aug,2007
853,WD,Normal,158000,Aug,2009
854,WD,Abnorml,170000,Jul,2006
855,WD,Normal,127000,Apr,2010
856,WD,Normal,147000,Oct,2008
857,WD,Normal,174000,Mar,2009
858,WD,Family,152000,Jun,2009
859,WD,Normal,250000,Aug,2006
860,WD,Normal,189950,Jun,2007
861,WD,Normal,131500,Apr,2010
862,WD,Normal,152000,May,2010
863,WD,Normal,132500,Jul,2009
864,New,Partial,250580,May,2008
865,WD,Normal,148500,Aug,2009
866,New,Partial,248900,Nov,2007
867,WD,Normal,129000,May,2007
868,WD,Normal,169000,May,2006
869,WD,Normal,236000,Jun,2010
870,WD,Normal,109500,Aug,2009
871,WD,Normal,200500,Jun,2010
872,WD,Normal,116000,Oct,2008
873,WD,Normal,133000,Sep,2009
874,WD,Abnorml,66500,Aug,2009
875,New,Partial,303477,Aug,2007
876,WD,Normal,132250,Jan,2007
877,WD,Normal,350000,Jun,2009
878,WD,Normal,148000,Jun,2010
879,WD,Normal,136500,Jul,2009
880,WD,Normal,157000,Jun,2007
881,WD,Normal,187500,Apr,2007
882,WD,Normal,178000,Dec,2009
883,WD,Normal,118500,Mar,2006
884,WD,Normal,100000,Jul,2009
885,CWD,Abnorml,328900,Jan,2008
886,WD,Family,145000,Jun,2006
887,WD,Normal,135500,Apr,2008
888,WD,Normal,268000,Oct,2007
889,WD,Normal,149500,Feb,2009
890,WD,Normal,122900,Jul,2007
891,WD,Normal,172500,Jul,2009
892,WD,Normal,154500,Feb,2006
893,WD,Normal,165000,Jun,2008
894,WD,Alloca,118858,Jun,2009
895,WD,Normal,140000,Oct,2008
896,WD,Abnorml,106500,Apr,2006
897,WD,Alloca,142953,Jun,2009
898,New,Partial,611657,Mar,2010
899,WD,Normal,135000,Jun,2006
900,WD,Normal,110000,Jun,2007
901,WD,Normal,153000,May,2009
902,WD,Normal,180000,Jul,2006
903,New,Partial,240000,Aug,2006
904,WD,Normal,125500,Aug,2007
905,WD,Normal,128000,Feb,2010
906,WD,Normal,255000,Jun,2007
907,WD,Normal,250000,Jun,2006
908,WD,Normal,131000,Jun,2006
909,WD,Normal,174000,Jun,2009
910,WD,Normal,154300,Jan,2010
911,WD,Normal,143500,Oct,2009
912,WD,Abnorml,88000,Jul,2006
913,WD,Normal,145000,Aug,2007
914,New,Partial,173733,Jun,2009
915,WD,Normal,75000,Jan,2007
916,WD,Abnorml,35311,Oct,2006
917,WD,Normal,135000,Apr,2009
918,WD,Normal,238000,Nov,2007
919,WD,Normal,176500,May,2008
920,WD,Normal,201000,Jul,2007
921,WD,Normal,145900,Sep,2008
922,New,Partial,169990,Oct,2006
923,WD,Normal,193000,Jul,2008
924,WD,Normal,207500,May,2006
925,WD,Abnorml,175000,Mar,2008
926,WD,Normal,285000,May,2007
927,WD,Normal,176000,Apr,2008
928,WD,Normal,236500,Jun,2009
929,WD,Normal,222000,Nov,2006
930,WD,Normal,201000,Jul,2009
931,WD,Normal,117500,Jul,2009
932,WD,Normal,320000,Mar,2007
933,WD,Normal,190000,Aug,2009
934,WD,Normal,242000,Nov,2008
935,WD,Normal,79900,Jun,2006
936,WD,Normal,184900,Aug,2009
937,WD,Normal,253000,Feb,2009
938,New,Partial,239799,Aug,2006
939,COD,Normal,244400,Jun,2010
940,WD,Normal,150900,Jul,2006
941,WD,Normal,214000,Jun,2009
942,Oth,Abnorml,150000,Aug,2007
943,WD,Normal,143000,Jun,2007
944,COD,Abnorml,137500,Jan,2009
945,WD,Normal,124900,Sep,2009
946,WD,Normal,143000,Mar,2006
947,WD,Normal,270000,Nov,2007
948,WD,Normal,192500,Feb,2006
949,WD,Normal,197500,Mar,2010
950,WD,Normal,129000,Jul,2007
951,WD,Abnorml,119900,Jul,2006
952,WD,Normal,133900,Apr,2009
953,WD,Normal,172000,Sep,2008
954,WD,AdjLand,127500,Oct,2006
955,WD,Normal,145000,Aug,2007
956,WD,Normal,124000,May,2009
957,WD,Normal,132000,Apr,2007
958,WD,Normal,185000,Oct,2007
959,WD,Normal,155000,May,2010
960,WD,Normal,116500,Feb,2010
961,WD,Normal,272000,Jul,2008
962,WD,Normal,155000,Jul,2007
963,WD,Normal,239000,May,2009
964,WD,Normal,214900,Feb,2010
965,New,Partial,178900,Jul,2007
966,WD,Normal,160000,Jun,2009
967,WD,Normal,135000,Jul,2008
968,WD,Abnorml,37900,May,2009
969,ConLD,Normal,140000,Mar,2006
970,WD,Abnorml,135000,Dec,2006
971,WD,Normal,173000,Jul,2009
972,WD,Normal,99500,Apr,2010
973,New,Partial,182000,Dec,2008
974,WD,Normal,167500,Oct,2009
975,WD,Normal,165000,Apr,2006
976,WD,Normal,85500,Aug,2006
977,New,Partial,199900,Nov,2007
978,WD,Abnorml,110000,May,2007
979,WD,Normal,139000,Jun,2009
980,WD,Normal,178400,Jul,2008
981,WD,Normal,336000,Jul,2009
982,WD,Normal,159895,Mar,2008
983,WD,Normal,255900,May,2008
984,COD,Normal,126000,Aug,2009
985,ConLD,Normal,125000,Aug,2008
986,WD,Normal,117000,Jun,2006
987,New,Partial,395192,Apr,2010
988,WD,Normal,195000,Jun,2007
989,New,Partial,197000,Aug,2006
990,WD,Normal,348000,Jun,2006
991,WD,Normal,168000,Nov,2009
992,WD,Normal,187000,Jul,2007
993,New,Partial,173900,Aug,2006
994,WD,Normal,337500,Jul,2009
995,WD,Abnorml,121600,Aug,2006
996,COD,Normal,136500,Jan,2006
997,WD,Normal,185000,Feb,2009
998,WD,Normal,91000,May,2006
999,WD,Normal,206000,Feb,2010
1000,WD,Normal,82000,Jul,2009
1001,WD,Abnorml,86000,Jan,2007
1002,WD,Normal,232000,Jul,2008
1003,WD,Normal,136905,Jun,2007
1004,WD,Normal,181000,May,2009
1005,WD,Normal,149900,Nov,2008
1006,WD,Normal,163500,Mar,2007
1007,WD,Normal,88000,Aug,2009
1008,WD,Normal,240000,Apr,2009
1009,WD,Normal,102000,Jun,2006
1010,WD,Normal,135000,Aug,2008
1011,WD,Normal,100000,May,2010
1012,WD,Normal,165000,Aug,2007
1013,WD,Normal,85000,Jun,2009
1014,WD,Normal,119200,Nov,2007
1015,WD,Normal,227000,Nov,2009
1016,WD,Normal,203000,Jun,2009
1017,COD,Abnorml,187500,Aug,2009
1018,WD,Normal,160000,May,2007
1019,WD,Normal,213490,Apr,2006
1020,WD,Normal,176000,Jun,2008
1021,New,Partial,194000,Jul,2006
1022,WD,Normal,87000,Mar,2007
1023,WD,Normal,191000,May,2008
1024,COD,Abnorml,287000,May,2008
1025,WD,Normal,112500,Mar,2007
1026,WD,Normal,167500,Apr,2010
1027,New,Partial,293077,Apr,2008
1028,WD,Normal,105000,Apr,2007
1029,WD,Normal,118000,May,2006
1030,WD,Normal,160000,Jul,2006
1031,WD,Normal,197000,Aug,2009
1032,WD,Abnorml,310000,Nov,2006
1033,WD,Normal,230000,Feb,2006
1034,WD,Normal,119750,Jun,2007
1035,WD,Normal,84000,Jan,2009
1036,WD,Normal,315500,Sep,2009
1037,WD,Normal,287000,Sep,2008
1038,WD,Normal,97000,May,2009
1039,WD,Normal,80000,Apr,2009
1040,WD,Normal,155000,Jan,2006
1041,WD,Normal,173000,Jul,2008
1042,WD,Normal,196000,Aug,2009
1043,WD,Normal,262280,May,2008
1044,WD,Normal,278000,Jul,2009
1045,WD,Normal,139600,Jun,2009
1046,New,Partial,556581,Jul,2006
1047,WD,Normal,145000,Feb,2008
1048,WD,Normal,115000,Nov,2009
1049,WD,Abnorml,84900,Apr,2010
1050,New,Partial,176485,Aug,2007
1051,New,Partial,200141,Oct,2007
1052,WD,Normal,165000,Jun,2007
1053,WD,Normal,144500,May,2010
1054,WD,Normal,255000,Nov,2006
1055,COD,Abnorml,180000,May,2008
1056,WD,Normal,185850,Jun,2006
1057,WD,Normal,248000,Jan,2009
1058,WD,Normal,335000,Jul,2009
1059,WD,Normal,220000,Mar,2007
1060,WD,Normal,213500,Apr,2010
1061,ConLD,Normal,81000,Aug,2008
1062,WD,Normal,90000,Sep,2007
1063,WD,Normal,110500,Jul,2006
1064,WD,Normal,154000,Nov,2009
1065,WD,Normal,328000,Apr,2010
1066,WD,Normal,178000,May,2009
1067,WD,Normal,167900,Jun,2008
1068,WD,Normal,151400,Jun,2006
1069,WD,Normal,135000,May,2007
1070,WD,Normal,135000,Jun,2007
1071,WD,Normal,154000,May,2009
1072,WD,Normal,91500,Aug,2006
1073,WD,Normal,159500,Jul,2009
1074,WD,Normal,194000,May,2007
1075,CWD,Normal,219500,Jul,2007
1076,WD,Normal,170000,Apr,2006
1077,WD,Abnorml,138800,Mar,2006
1078,WD,Normal,155900,May,2006
1079,WD,Normal,126000,Apr,2007
1080,COD,Abnorml,145000,Oct,2008
1081,WD,Normal,133000,Jun,2010
1082,WD,Normal,192000,Sep,2007
1083,WD,Normal,160000,Mar,2006
1084,WD,Normal,187500,Jul,2006
1085,WD,Normal,147000,Apr,2010
1086,WD,Normal,83500,May,2010
1087,WD,Normal,252000,May,2009
1088,WD,Normal,137500,Apr,2006
1089,WD,Normal,197000,Apr,2006
1090,WD,Normal,92900,Jun,2009
1091,WD,Normal,160000,Mar,2008
1092,WD,Normal,136500,Jun,2008
1093,WD,Normal,146000,Oct,2006
1094,WD,Normal,129000,May,2010
1095,WD,Normal,176432,Mar,2007
1096,WD,Normal,127000,Mar,2007
1097,WD,Normal,170000,Oct,2007
1098,WD,Normal,128000,Jul,2009
1099,COD,Abnorml,157000,Apr,2009
1100,WD,Normal,60000,Jan,2009
1101,WD,Normal,119500,Jul,2007
1102,WD,Family,135000,Apr,2007
1103,WD,Normal,159500,Jul,2006
1104,WD,Normal,106000,Apr,2007
1105,WD,Normal,325000,Apr,2010
1106,WD,Normal,179900,May,2007
1107,New,Partial,274725,Sep,2006
1108,WD,Abnorml,181000,Nov,2007
1109,WD,Normal,280000,Mar,2009
1110,WD,Normal,188000,Jun,2008
1111,WD,Normal,205000,Sep,2008
1112,WD,Normal,129900,Jul,2006
1113,WD,Normal,134500,May,2007
1114,WD,Normal,117000,Aug,2006
1115,New,Partial,318000,Nov,2007
1116,WD,Normal,184100,Mar,2009
1117,WD,Normal,130000,May,2008
1118,WD,Normal,140000,Dec,2008
1119,WD,Normal,133700,Jul,2006
1120,WD,Normal,118400,May,2007
1121,New,Partial,212900,Jul,2006
1122,COD,Abnorml,112000,Oct,2009
1123,WD,Normal,118000,Jun,2009
1124,WD,Normal,163900,Jul,2007
1125,WD,Normal,115000,Nov,2009
1126,WD,Normal,174000,Jun,2009
1127,WD,Family,259000,Nov,2007
1128,WD,Normal,215000,Jul,2007
1129,WD,Normal,140000,Aug,2007
1130,WD,Normal,135000,Dec,2009
1131,Oth,Abnorml,93500,Sep,2007
1132,WD,Normal,117500,May,2007
1133,WD,Normal,239500,Jun,2009
1134,WD,Normal,169000,Aug,2007
1135,WD,Normal,102000,May,2007
1136,WD,Abnorml,119000,Apr,2008
1137,WD,Normal,94000,May,2010
1138,WD,Normal,196000,May,2009
1139,WD,Normal,144000,May,2007
1140,COD,Abnorml,139000,Jun,2008
1141,WD,Normal,197500,Oct,2009
1142,New,Partial,424870,Apr,2007
1143,WD,Normal,80000,Jul,2008
1144,WD,Normal,80000,Jul,2010
1145,WD,Family,149000,Aug,2006
1146,WD,Normal,180000,May,2006
1147,WD,Normal,174500,Jul,2009
1148,WD,Normal,116900,Aug,2008
1149,WD,Normal,143000,Jul,2009
1150,WD,Normal,124000,Nov,2007
1151,WD,Normal,149900,Nov,2006
1152,WD,Abnorml,230000,Jul,2006
1153,WD,Normal,120500,Jun,2008
1154,WD,Normal,201800,May,2008
1155,WD,Normal,218000,Jul,2007
1156,WD,Normal,179900,Oct,2008
1157,WD,Normal,230000,Jul,2009
1158,ConLD,Partial,235128,Jun,2008
1159,WD,Normal,185000,Jul,2008
1160,WD,Normal,146000,Jul,2010
1161,WD,Normal,224000,Nov,2008
1162,WD,Normal,129000,May,2007
1163,WD,Alloca,108959,Jan,2008
1164,WD,Normal,194000,Jun,2007
1165,New,Partial,233170,Sep,2009
1166,WD,Normal,245350,Feb,2010
1167,WD,Normal,173000,Feb,2006
1168,WD,Normal,235000,Jul,2008
1169,WD,Normal,625000,Jul,2006
1170,WD,Normal,171000,Jul,2008
1171,WD,Normal,163000,Nov,2008
1172,WD,Normal,171900,Mar,2008
1173,WD,Normal,200500,Mar,2007
1174,WD,Normal,239000,Jul,2006
1175,WD,Normal,285000,Apr,2007
1176,WD,Normal,119500,Oct,2008
1177,WD,Normal,115000,Dec,2009
1178,WD,Normal,154900,Jul,2009
1179,WD,Normal,93000,Apr,2006
1180,WD,Normal,250000,Apr,2006
1181,New,Partial,392500,Nov,2008
1182,WD,Abnorml,745000,Jul,2007
1183,WD,Normal,120000,Jun,2006
1184,WD,Normal,186700,May,2007
1185,WD,Normal,104900,Mar,2006
1186,WD,Abnorml,95000,Aug,2009
1187,WD,Normal,262000,Jul,2006
1188,WD,Normal,195000,Jul,2009
1189,WD,Normal,189000,Jun,2010
1190,WD,Normal,168000,Mar,2007
1191,WD,Normal,174000,Nov,2007
1192,WD,Normal,125000,Jul,2007
1193,WD,Normal,165000,Jun,2009
1194,WD,Normal,158000,Mar,2010
1195,WD,Normal,176000,Jul,2008
1196,New,Partial,219210,Nov,2006
1197,ConLw,Normal,144000,Jul,2006
1198,WD,Normal,178000,Jun,2009
1199,WD,Normal,148000,Oct,2006
1200,Oth,Abnorml,116050,Jul,2006
1201,WD,Normal,197900,Mar,2009
1202,WD,Normal,117000,May,2009
1203,WD,Normal,213000,Oct,2009
1204,WD,Normal,153500,Jul,2006
1205,WD,Normal,271900,Jun,2009
1206,WD,Normal,107000,Nov,2006
1207,WD,Normal,200000,May,2006
1208,WD,Normal,140000,Oct,2008
1209,New,Partial,290000,May,2006
1210,WD,Normal,189000,May,2010
1211,WD,Normal,164000,Jun,2010
1212,WD,Normal,113000,Aug,2009
1213,WD,Normal,145000,May,2006
1214,WD,Normal,134500,May,2006
1215,WD,Normal,125000,May,2007
1216,WD,Normal,112000,Apr,2010
1217,New,Partial,229456,Sep,2009
1218,WD,Normal,80500,Jul,2006
1219,WD,Abnorml,91500,Apr,2006
1220,WD,Abnorml,115000,Nov,2006
1221,WD,Normal,134000,Aug,2008
1222,WD,Normal,143000,Jan,2007
1223,WD,Normal,137900,Oct,2006
1224,WD,Normal,184000,Feb,2008
1225,WD,Normal,145000,Jun,2007
1226,WD,Normal,214000,Jan,2008
1227,WD,Normal,147000,Dec,2008
1228,New,Partial,367294,Oct,2008
1229,WD,Normal,127000,Aug,2008
1230,WD,Normal,190000,Aug,2007
1231,WD,Normal,132500,May,2006
1232,WD,Normal,101800,Mar,2007
1233,COD,Abnorml,142000,May,2010
1234,WD,Abnorml,130000,Nov,2008
1235,WD,Normal,138887,Jul,2006
1236,WD,Normal,175500,Jun,2010
1237,WD,Normal,195000,Sep,2006
1238,WD,Abnorml,142500,Mar,2006
1239,WD,Normal,265900,Dec,2007
1240,WD,Normal,224900,Jul,2008
1241,New,Partial,248328,Jun,2007
1242,WD,Family,170000,Jan,2010
1243,New,Partial,465000,Sep,2006
1244,WD,Normal,230000,Jun,2006
1245,WD,Abnorml,178000,Jan,2007
1246,New,Partial,186500,Mar,2006
1247,WD,Normal,169900,May,2010
1248,WD,Normal,129500,Apr,2008
1249,WD,Normal,119000,May,2007
1250,WD,Normal,244000,Apr,2010
1251,WD,Normal,171750,Mar,2006
1252,WD,Normal,130000,Nov,2009
1253,WD,Normal,294000,Jul,2007
1254,WD,Normal,165400,Jul,2008
1255,WD,Normal,127500,Nov,2007
1256,WD,Normal,301500,Aug,2008
1257,WD,Normal,99900,Jul,2009
1258,WD,Normal,190000,Jul,2008
1259,WD,Normal,151000,Jul,2008
1260,WD,Normal,181000,Jun,2009
1261,WD,Normal,128900,Jun,2009
1262,WD,Normal,161500,Nov,2009
1263,WD,Normal,180500,Jul,2007
1264,COD,Abnorml,181000,Aug,2008
1265,WD,Normal,183900,Mar,2006
1266,WD,Normal,122000,Jan,2007
1267,WD,Normal,378500,May,2010
1268,WD,Normal,381000,May,2008
1269,WD,Normal,144000,Jul,2007
1270,WD,Normal,260000,Apr,2010
1271,WD,Normal,185750,Aug,2009
1272,WD,Normal,137000,Nov,2006
1273,WD,Normal,177000,May,2008
1274,WD,Normal,139000,Nov,2007
1275,WD,Normal,137000,Jul,2007
1276,WD,Normal,162000,Dec,2009
1277,WD,Normal,197900,Jun,2009
1278,WD,Normal,237000,Mar,2008
1279,COD,Abnorml,68400,Apr,2010
1280,WD,Normal,227000,Mar,2009
1281,WD,Normal,180000,Jul,2006
1282,WD,Normal,150500,Sep,2009
1283,WD,Normal,139000,Apr,2010
1284,WD,Normal,169000,Mar,2010
1285,WD,Normal,132500,May,2009
1286,WD,Normal,143000,Jun,2010
1287,WD,Normal,190000,Jun,2006
1288,WD,Normal,278000,Oct,2009
1289,New,Partial,281000,Oct,2006
1290,WD,Normal,180500,Apr,2010
1291,WD,Normal,119500,Feb,2009
1292,WD,Normal,107500,Dec,2009
1293,WD,Normal,162900,Mar,2006
1294,WD,Normal,115000,Apr,2006
1295,WD,Normal,138500,Nov,2006
1296,WD,Normal,155000,Dec,2008
1297,New,Partial,140000,Jun,2006
1298,New,Partial,160000,Jan,2008
1299,WD,Normal,154000,May,2010
1300,WD,Normal,225000,May,2009
1301,WD,Normal,177500,Nov,2009
1302,WD,Normal,290000,Dec,2006
1303,WD,Normal,232000,Apr,2006
1304,WD,Normal,130000,Apr,2006
1305,WD,Normal,325000,Nov,2009
1306,New,Partial,202500,Sep,2006
1307,WD,Normal,138000,May,2009
1308,WD,Normal,147000,May,2008
1309,WD,Normal,179200,Jun,2008
1310,WD,Normal,335000,May,2010
1311,New,Partial,203000,Jan,2007
1312,WD,Normal,302000,Jun,2007
1313,WD,Normal,333168,May,2010
1314,WD,Normal,119000,Oct,2007
1315,WD,Normal,206900,Jun,2008
1316,WD,Normal,295493,Jan,2009
1317,New,Partial,208900,Apr,2007
1318,WD,Normal,275000,Aug,2006
1319,WD,Normal,111000,Feb,2007
1320,WD,Normal,156500,Jun,2009
1321,WD,Normal,72500,Jul,2008
1322,WD,Normal,190000,Jun,2010
1323,WD,Normal,82500,Dec,2009
1324,New,Partial,147000,Feb,2007
1325,WD,Normal,55000,Jan,2008
1326,WD,Normal,79000,May,2007
1327,WD,Normal,130500,Oct,2008
1328,WD,Normal,256000,Jun,2008
1329,WD,Normal,176500,Jun,2006
1330,WD,Normal,227000,Dec,2007
1331,WD,Normal,132500,Jul,2006
1332,WD,Normal,100000,May,2009
1333,WD,Normal,125500,Jul,2006
1334,WD,Normal,125000,May,2009
1335,WD,Normal,167900,Apr,2009
1336,WD,Normal,135000,Nov,2008
1337,WD,Normal,52500,Mar,2006
1338,WD,Normal,200000,Jun,2006
1339,WD,Normal,128500,Jun,2006
1340,WD,Normal,123000,Jun,2007
1341,WD,Normal,155000,Jul,2008
1342,WD,Normal,228500,Aug,2007
1343,WD,Normal,177000,Mar,2009
1344,New,Partial,155835,Jul,2007
1345,WD,Normal,108500,Jul,2007
1346,WD,Normal,262500,Jun,2006
1347,New,Partial,283463,May,2007
1348,WD,Normal,215000,Aug,2007
1349,WD,Normal,122000,Dec,2008
1350,WD,Normal,200000,Aug,2009
1351,WD,Normal,171000,Mar,2008
1352,WD,Normal,134900,Jul,2009
1353,WD,Normal,410000,Mar,2010
1354,WD,Normal,235000,Jun,2008
1355,WD,Normal,170000,Sep,2006
1356,WD,Normal,110000,Oct,2008
1357,WD,Normal,149900,Apr,2010
1358,WD,Normal,177500,Jun,2010
1359,WD,Normal,315000,Sep,2006
1360,WD,Normal,189000,May,2008
1361,WD,Normal,260000,Jun,2009
1362,WD,Normal,104900,Jun,2009
1363,New,Partial,156932,Mar,2007
1364,WD,Abnorml,144152,Apr,2006
1365,WD,Normal,216000,Jan,2010
1366,WD,Abnorml,193000,Jun,2008
1367,WD,Normal,127000,Jul,2006
1368,WD,Normal,144000,Jun,2009
1369,WD,Normal,232000,May,2010
1370,WD,Normal,105000,Oct,2009
1371,WD,Normal,165500,Oct,2008
1372,WD,Normal,274300,Jun,2006
1373,WD,Normal,466500,Mar,2007
1374,WD,Normal,250000,Jul,2008
1375,New,Partial,239000,Dec,2007
1376,WD,Normal,91000,Apr,2008
1377,WD,Normal,117000,Jul,2009
1378,WD,Normal,83000,Jun,2006
1379,WD,Normal,167500,May,2008
1380,WD,Normal,58500,Jun,2010
1381,WD,Normal,237500,May,2008
1382,WD,Normal,157000,Oct,2006
1383,WD,Normal,112000,Aug,2007
1384,WD,Normal,105000,Oct,2009
1385,WD,Normal,125500,May,2010
1386,WD,Normal,250000,Jul,2006
1387,CWD,Family,136000,Aug,2007
1388,WD,Normal,377500,Oct,2009
1389,WD,Normal,131000,Mar,2007
1390,WD,Normal,235000,Sep,2006
1391,WD,Normal,124000,Apr,2009
1392,WD,Normal,123000,Dec,2006
1393,WD,Normal,163000,Apr,2008
1394,New,Partial,246578,Oct,2006
1395,WD,Normal,281213,Feb,2007
1396,WD,Normal,160000,Jun,2010
1397,WD,Normal,137500,May,2007
1398,WD,Normal,138000,May,2009
1399,WD,Normal,137450,Oct,2009
1400,WD,Normal,120000,Jul,2008
1401,WD,Normal,193000,Apr,2008
1402,New,Partial,193879,Jul,2006
1403,WD,Normal,282922,Aug,2007
1404,WD,Family,105000,Jan,2006
1405,WD,Normal,275000,Jan,2008
1406,WD,Normal,133000,Mar,2009
1407,WD,Normal,112000,Mar,2009
1408,WD,Normal,125500,Jun,2010
1409,WD,Normal,215000,Nov,2008
1410,WD,Normal,230000,Jun,2009
1411,WD,Normal,140000,Sep,2009
1412,WD,Normal,90000,Jun,2009
1413,COD,Abnorml,257000,Sep,2009
1414,WD,Normal,207000,Jun,2008
1415,WD,Normal,175900,May,2009
1416,WD,Normal,122500,Apr,2010
1417,WD,Normal,340000,May,2009
1418,COD,Normal,124000,Aug,2008
1419,WD,Normal,223000,Dec,2006
1420,WD,Normal,179900,May,2006
1421,WD,Normal,127500,Jul,2010
1422,WD,Normal,136500,Mar,2008
1423,WD,Alloca,274970,Aug,2006
1424,WD,Normal,144000,Jun,2007
1425,WD,Normal,142000,Oct,2008
1426,WD,Normal,271000,Aug,2008
1427,WD,Normal,140000,Apr,2008
1428,WD,Abnorml,119000,Feb,2010
1429,WD,Normal,182900,Apr,2007
1430,WD,Normal,192140,Jul,2006
1431,WD,Normal,143750,Oct,2009
1432,WD,Normal,64500,Aug,2007
1433,WD,Normal,186500,May,2008
1434,WD,Normal,160000,May,2006
1435,COD,Abnorml,174000,Jul,2008
1436,WD,Normal,120500,May,2007
1437,New,Partial,394617,Nov,2008
1438,WD,Normal,149700,Apr,2010
1439,WD,Normal,197000,Nov,2007
1440,WD,Normal,191000,Sep,2008
1441,WD,Normal,149300,May,2008
1442,WD,Normal,310000,Apr,2009
1443,WD,Normal,121000,May,2009
1444,WD,Normal,179600,Nov,2007
1445,WD,Normal,129000,May,2007
1446,WD,Normal,157900,Apr,2010
1447,WD,Normal,240000,Dec,2007
1448,WD,Normal,112000,May,2007
1449,WD,Abnorml,92000,Aug,2006
1450,WD,Normal,136000,Sep,2009
1451,New,Partial,287090,May,2009
1452,WD,Normal,145000,May,2006
1453,WD,Abnorml,84500,Jul,2006
1454,WD,Normal,185000,Oct,2009
1455,WD,Normal,175000,Aug,2007
1456,WD,Normal,210000,Feb,2010
1457,WD,Normal,266500,May,2010
1458,WD,Normal,142125,Apr,2010
1459,WD,Normal,147500,Jun,2008